field_code,account_number,sign_condition,description
7201,1000,NONE,Koncessioner, patent, licenser, varumärken, hyresrätter, goodwill och liknande rättigheter
7201,1001,NONE,Koncessioner, patent, licenser, varumärken, hyresrätter, goodwill och liknande rättigheter
7201,1002,NONE,Koncessioner, patent, licenser, varumärken, hyresrätter, goodwill och liknande rättigheter
7201,1003,NONE,Koncessioner, patent, licenser, varumärken, hyresrätter, goodwill och liknande rättigheter
7201,1004,NONE,Koncessioner, patent, licenser, varumärken, hyresrätter, goodwill och liknande rättigheter
7201,1005,NONE,Koncessioner, patent, licenser, varumärken, hyresrätter, goodwill och liknande rättigheter
7201,1006,NONE,Koncessioner, patent, licenser, varumärken, hyresrätter, goodwill och liknande rättigheter
7201,1007,NONE,Koncessioner, patent, licenser, varumärken, hyresrätter, goodwill och liknande rättigheter
7201,1008,NONE,Koncessioner, patent, licenser, varumärken, hyresrätter, goodwill och liknande rättigheter
7201,1009,NONE,Koncessioner, patent, licenser, varumärken, hyresrätter, goodwill och liknande rättigheter
7201,1010,NONE,Koncessioner, patent, licenser, varumärken, hyresrätter, goodwill och liknande rättigheter
7201,1011,NONE,Koncessioner, patent, licenser, varumärken, hyresrätter, goodwill och liknande rättigheter
7201,1012,NONE,Koncessioner, patent, licenser, varumärken, hyresrätter, goodwill och liknande rättigheter
7201,1013,NONE,Koncessioner, patent, licenser, varumärken, hyresrätter, goodwill och liknande rättigheter
7201,1014,NONE,Koncessioner, patent, licenser, varumärken, hyresrätter, goodwill och liknande rättigheter
7201,1015,NONE,Koncessioner, patent, licenser, varumärken, hyresrätter, goodwill och liknande rättigheter
7201,1016,NONE,Koncessioner, patent, licenser, varumärken, hyresrätter, goodwill och liknande rättigheter
7201,1017,NONE,Koncessioner, patent, licenser, varumärken, hyresrätter, goodwill och liknande rättigheter
7201,1018,NONE,Koncessioner, patent, licenser, varumärken, hyresrätter, goodwill och liknande rättigheter
7201,1019,NONE,Koncessioner, patent, licenser, varumärken, hyresrätter, goodwill och liknande rättigheter
7201,1020,NONE,Koncessioner, patent, licenser, varumärken, hyresrätter, goodwill och liknande rättigheter
7201,1021,NONE,Koncessioner, patent, licenser, varumärken, hyresrätter, goodwill och liknande rättigheter
7201,1022,NONE,Koncessioner, patent, licenser, varumärken, hyresrätter, goodwill och liknande rättigheter
7201,1023,NONE,Koncessioner, patent, licenser, varumärken, hyresrätter, goodwill och liknande rättigheter
7201,1024,NONE,Koncessioner, patent, licenser, varumärken, hyresrätter, goodwill och liknande rättigheter
7201,1025,NONE,Koncessioner, patent, licenser, varumärken, hyresrätter, goodwill och liknande rättigheter
7201,1026,NONE,Koncessioner, patent, licenser, varumärken, hyresrätter, goodwill och liknande rättigheter
7201,1027,NONE,Koncessioner, patent, licenser, varumärken, hyresrätter, goodwill och liknande rättigheter
7201,1028,NONE,Koncessioner, patent, licenser, varumärken, hyresrätter, goodwill och liknande rättigheter
7201,1029,NONE,Koncessioner, patent, licenser, varumärken, hyresrätter, goodwill och liknande rättigheter
7201,1030,NONE,Koncessioner, patent, licenser, varumärken, hyresrätter, goodwill och liknande rättigheter
7201,1031,NONE,Koncessioner, patent, licenser, varumärken, hyresrätter, goodwill och liknande rättigheter
7201,1032,NONE,Koncessioner, patent, licenser, varumärken, hyresrätter, goodwill och liknande rättigheter
7201,1033,NONE,Koncessioner, patent, licenser, varumärken, hyresrätter, goodwill och liknande rättigheter
7201,1034,NONE,Koncessioner, patent, licenser, varumärken, hyresrätter, goodwill och liknande rättigheter
7201,1035,NONE,Koncessioner, patent, licenser, varumärken, hyresrätter, goodwill och liknande rättigheter
7201,1036,NONE,Koncessioner, patent, licenser, varumärken, hyresrätter, goodwill och liknande rättigheter
7201,1037,NONE,Koncessioner, patent, licenser, varumärken, hyresrätter, goodwill och liknande rättigheter
7201,1038,NONE,Koncessioner, patent, licenser, varumärken, hyresrätter, goodwill och liknande rättigheter
7201,1039,NONE,Koncessioner, patent, licenser, varumärken, hyresrätter, goodwill och liknande rättigheter
7201,1040,NONE,Koncessioner, patent, licenser, varumärken, hyresrätter, goodwill och liknande rättigheter
7201,1041,NONE,Koncessioner, patent, licenser, varumärken, hyresrätter, goodwill och liknande rättigheter
7201,1042,NONE,Koncessioner, patent, licenser, varumärken, hyresrätter, goodwill och liknande rättigheter
7201,1043,NONE,Koncessioner, patent, licenser, varumärken, hyresrätter, goodwill och liknande rättigheter
7201,1044,NONE,Koncessioner, patent, licenser, varumärken, hyresrätter, goodwill och liknande rättigheter
7201,1045,NONE,Koncessioner, patent, licenser, varumärken, hyresrätter, goodwill och liknande rättigheter
7201,1046,NONE,Koncessioner, patent, licenser, varumärken, hyresrätter, goodwill och liknande rättigheter
7201,1047,NONE,Koncessioner, patent, licenser, varumärken, hyresrätter, goodwill och liknande rättigheter
7201,1048,NONE,Koncessioner, patent, licenser, varumärken, hyresrätter, goodwill och liknande rättigheter
7201,1049,NONE,Koncessioner, patent, licenser, varumärken, hyresrätter, goodwill och liknande rättigheter
7201,1050,NONE,Koncessioner, patent, licenser, varumärken, hyresrätter, goodwill och liknande rättigheter
7201,1051,NONE,Koncessioner, patent, licenser, varumärken, hyresrätter, goodwill och liknande rättigheter
7201,1052,NONE,Koncessioner, patent, licenser, varumärken, hyresrätter, goodwill och liknande rättigheter
7201,1053,NONE,Koncessioner, patent, licenser, varumärken, hyresrätter, goodwill och liknande rättigheter
7201,1054,NONE,Koncessioner, patent, licenser, varumärken, hyresrätter, goodwill och liknande rättigheter
7201,1055,NONE,Koncessioner, patent, licenser, varumärken, hyresrätter, goodwill och liknande rättigheter
7201,1056,NONE,Koncessioner, patent, licenser, varumärken, hyresrätter, goodwill och liknande rättigheter
7201,1057,NONE,Koncessioner, patent, licenser, varumärken, hyresrätter, goodwill och liknande rättigheter
7201,1058,NONE,Koncessioner, patent, licenser, varumärken, hyresrätter, goodwill och liknande rättigheter
7201,1059,NONE,Koncessioner, patent, licenser, varumärken, hyresrätter, goodwill och liknande rättigheter
7201,1060,NONE,Koncessioner, patent, licenser, varumärken, hyresrätter, goodwill och liknande rättigheter
7201,1061,NONE,Koncessioner, patent, licenser, varumärken, hyresrätter, goodwill och liknande rättigheter
7201,1062,NONE,Koncessioner, patent, licenser, varumärken, hyresrätter, goodwill och liknande rättigheter
7201,1063,NONE,Koncessioner, patent, licenser, varumärken, hyresrätter, goodwill och liknande rättigheter
7201,1064,NONE,Koncessioner, patent, licenser, varumärken, hyresrätter, goodwill och liknande rättigheter
7201,1065,NONE,Koncessioner, patent, licenser, varumärken, hyresrätter, goodwill och liknande rättigheter
7201,1066,NONE,Koncessioner, patent, licenser, varumärken, hyresrätter, goodwill och liknande rättigheter
7201,1067,NONE,Koncessioner, patent, licenser, varumärken, hyresrätter, goodwill och liknande rättigheter
7201,1068,NONE,Koncessioner, patent, licenser, varumärken, hyresrätter, goodwill och liknande rättigheter
7201,1069,NONE,Koncessioner, patent, licenser, varumärken, hyresrätter, goodwill och liknande rättigheter
7201,1070,NONE,Koncessioner, patent, licenser, varumärken, hyresrätter, goodwill och liknande rättigheter
7201,1071,NONE,Koncessioner, patent, licenser, varumärken, hyresrätter, goodwill och liknande rättigheter
7201,1072,NONE,Koncessioner, patent, licenser, varumärken, hyresrätter, goodwill och liknande rättigheter
7201,1073,NONE,Koncessioner, patent, licenser, varumärken, hyresrätter, goodwill och liknande rättigheter
7201,1074,NONE,Koncessioner, patent, licenser, varumärken, hyresrätter, goodwill och liknande rättigheter
7201,1075,NONE,Koncessioner, patent, licenser, varumärken, hyresrätter, goodwill och liknande rättigheter
7201,1076,NONE,Koncessioner, patent, licenser, varumärken, hyresrätter, goodwill och liknande rättigheter
7201,1077,NONE,Koncessioner, patent, licenser, varumärken, hyresrätter, goodwill och liknande rättigheter
7201,1078,NONE,Koncessioner, patent, licenser, varumärken, hyresrätter, goodwill och liknande rättigheter
7201,1079,NONE,Koncessioner, patent, licenser, varumärken, hyresrätter, goodwill och liknande rättigheter
7201,1080,NONE,Koncessioner, patent, licenser, varumärken, hyresrätter, goodwill och liknande rättigheter
7201,1081,NONE,Koncessioner, patent, licenser, varumärken, hyresrätter, goodwill och liknande rättigheter
7201,1082,NONE,Koncessioner, patent, licenser, varumärken, hyresrätter, goodwill och liknande rättigheter
7201,1083,NONE,Koncessioner, patent, licenser, varumärken, hyresrätter, goodwill och liknande rättigheter
7201,1084,NONE,Koncessioner, patent, licenser, varumärken, hyresrätter, goodwill och liknande rättigheter
7201,1085,NONE,Koncessioner, patent, licenser, varumärken, hyresrätter, goodwill och liknande rättigheter
7201,1086,NONE,Koncessioner, patent, licenser, varumärken, hyresrätter, goodwill och liknande rättigheter
7201,1087,NONE,Koncessioner, patent, licenser, varumärken, hyresrätter, goodwill och liknande rättigheter
7202,1088,NONE,Förskott avseende immateriella anläggningstillgångar
7201,1089,NONE,Koncessioner, patent, licenser, varumärken, hyresrätter, goodwill och liknande rättigheter
7201,1090,NONE,Koncessioner, patent, licenser, varumärken, hyresrätter, goodwill och liknande rättigheter
7201,1091,NONE,Koncessioner, patent, licenser, varumärken, hyresrätter, goodwill och liknande rättigheter
7201,1092,NONE,Koncessioner, patent, licenser, varumärken, hyresrätter, goodwill och liknande rättigheter
7201,1093,NONE,Koncessioner, patent, licenser, varumärken, hyresrätter, goodwill och liknande rättigheter
7201,1094,NONE,Koncessioner, patent, licenser, varumärken, hyresrätter, goodwill och liknande rättigheter
7201,1095,NONE,Koncessioner, patent, licenser, varumärken, hyresrätter, goodwill och liknande rättigheter
7201,1096,NONE,Koncessioner, patent, licenser, varumärken, hyresrätter, goodwill och liknande rättigheter
7201,1097,NONE,Koncessioner, patent, licenser, varumärken, hyresrätter, goodwill och liknande rättigheter
7201,1098,NONE,Koncessioner, patent, licenser, varumärken, hyresrätter, goodwill och liknande rättigheter
7201,1099,NONE,Koncessioner, patent, licenser, varumärken, hyresrätter, goodwill och liknande rättigheter
7214,1100,NONE,Byggnader och mark
7214,1101,NONE,Byggnader och mark
7214,1102,NONE,Byggnader och mark
7214,1103,NONE,Byggnader och mark
7214,1104,NONE,Byggnader och mark
7214,1105,NONE,Byggnader och mark
7214,1106,NONE,Byggnader och mark
7214,1107,NONE,Byggnader och mark
7214,1108,NONE,Byggnader och mark
7214,1109,NONE,Byggnader och mark
7214,1110,NONE,Byggnader och mark
7214,1111,NONE,Byggnader och mark
7214,1112,NONE,Byggnader och mark
7214,1113,NONE,Byggnader och mark
7214,1114,NONE,Byggnader och mark
7214,1115,NONE,Byggnader och mark
7214,1116,NONE,Byggnader och mark
7214,1117,NONE,Byggnader och mark
7214,1118,NONE,Byggnader och mark
7214,1119,NONE,Byggnader och mark
7216,1120,NONE,Förbättringsutgifter på annans fastighet
7216,1121,NONE,Förbättringsutgifter på annans fastighet
7216,1122,NONE,Förbättringsutgifter på annans fastighet
7216,1123,NONE,Förbättringsutgifter på annans fastighet
7216,1124,NONE,Förbättringsutgifter på annans fastighet
7216,1125,NONE,Förbättringsutgifter på annans fastighet
7216,1126,NONE,Förbättringsutgifter på annans fastighet
7216,1127,NONE,Förbättringsutgifter på annans fastighet
7216,1128,NONE,Förbättringsutgifter på annans fastighet
7216,1129,NONE,Förbättringsutgifter på annans fastighet
7214,1130,NONE,Byggnader och mark
7214,1131,NONE,Byggnader och mark
7214,1132,NONE,Byggnader och mark
7214,1133,NONE,Byggnader och mark
7214,1134,NONE,Byggnader och mark
7214,1135,NONE,Byggnader och mark
7214,1136,NONE,Byggnader och mark
7214,1137,NONE,Byggnader och mark
7214,1138,NONE,Byggnader och mark
7214,1139,NONE,Byggnader och mark
7214,1140,NONE,Byggnader och mark
7214,1141,NONE,Byggnader och mark
7214,1142,NONE,Byggnader och mark
7214,1143,NONE,Byggnader och mark
7214,1144,NONE,Byggnader och mark
7214,1145,NONE,Byggnader och mark
7214,1146,NONE,Byggnader och mark
7214,1147,NONE,Byggnader och mark
7214,1148,NONE,Byggnader och mark
7214,1149,NONE,Byggnader och mark
7214,1150,NONE,Byggnader och mark
7214,1151,NONE,Byggnader och mark
7214,1152,NONE,Byggnader och mark
7214,1153,NONE,Byggnader och mark
7214,1154,NONE,Byggnader och mark
7214,1155,NONE,Byggnader och mark
7214,1156,NONE,Byggnader och mark
7214,1157,NONE,Byggnader och mark
7214,1158,NONE,Byggnader och mark
7214,1159,NONE,Byggnader och mark
7214,1160,NONE,Byggnader och mark
7214,1161,NONE,Byggnader och mark
7214,1162,NONE,Byggnader och mark
7214,1163,NONE,Byggnader och mark
7214,1164,NONE,Byggnader och mark
7214,1165,NONE,Byggnader och mark
7214,1166,NONE,Byggnader och mark
7214,1167,NONE,Byggnader och mark
7214,1168,NONE,Byggnader och mark
7214,1169,NONE,Byggnader och mark
7214,1170,NONE,Byggnader och mark
7214,1171,NONE,Byggnader och mark
7214,1172,NONE,Byggnader och mark
7214,1173,NONE,Byggnader och mark
7214,1174,NONE,Byggnader och mark
7214,1175,NONE,Byggnader och mark
7214,1176,NONE,Byggnader och mark
7214,1177,NONE,Byggnader och mark
7214,1178,NONE,Byggnader och mark
7214,1179,NONE,Byggnader och mark
7217,1180,NONE,Pågående nyanläggningar och förskott avseende materiella anläggningstillgångar
7217,1181,NONE,Pågående nyanläggningar och förskott avseende materiella anläggningstillgångar
7217,1182,NONE,Pågående nyanläggningar och förskott avseende materiella anläggningstillgångar
7217,1183,NONE,Pågående nyanläggningar och förskott avseende materiella anläggningstillgångar
7217,1184,NONE,Pågående nyanläggningar och förskott avseende materiella anläggningstillgångar
7217,1185,NONE,Pågående nyanläggningar och förskott avseende materiella anläggningstillgångar
7217,1186,NONE,Pågående nyanläggningar och förskott avseende materiella anläggningstillgångar
7217,1187,NONE,Pågående nyanläggningar och förskott avseende materiella anläggningstillgångar
7217,1188,NONE,Pågående nyanläggningar och förskott avseende materiella anläggningstillgångar
7217,1189,NONE,Pågående nyanläggningar och förskott avseende materiella anläggningstillgångar
7214,1190,NONE,Byggnader och mark
7214,1191,NONE,Byggnader och mark
7214,1192,NONE,Byggnader och mark
7214,1193,NONE,Byggnader och mark
7214,1194,NONE,Byggnader och mark
7214,1195,NONE,Byggnader och mark
7214,1196,NONE,Byggnader och mark
7214,1197,NONE,Byggnader och mark
7214,1198,NONE,Byggnader och mark
7214,1199,NONE,Byggnader och mark
7215,1200,NONE,Maskiner, inventarier och övriga materiella anläggningstillgångar
7215,1201,NONE,Maskiner, inventarier och övriga materiella anläggningstillgångar
7215,1202,NONE,Maskiner, inventarier och övriga materiella anläggningstillgångar
7215,1203,NONE,Maskiner, inventarier och övriga materiella anläggningstillgångar
7215,1204,NONE,Maskiner, inventarier och övriga materiella anläggningstillgångar
7215,1205,NONE,Maskiner, inventarier och övriga materiella anläggningstillgångar
7215,1206,NONE,Maskiner, inventarier och övriga materiella anläggningstillgångar
7215,1207,NONE,Maskiner, inventarier och övriga materiella anläggningstillgångar
7215,1208,NONE,Maskiner, inventarier och övriga materiella anläggningstillgångar
7215,1209,NONE,Maskiner, inventarier och övriga materiella anläggningstillgångar
7215,1210,NONE,Maskiner, inventarier och övriga materiella anläggningstillgångar
7215,1211,NONE,Maskiner, inventarier och övriga materiella anläggningstillgångar
7215,1212,NONE,Maskiner, inventarier och övriga materiella anläggningstillgångar
7215,1213,NONE,Maskiner, inventarier och övriga materiella anläggningstillgångar
7215,1214,NONE,Maskiner, inventarier och övriga materiella anläggningstillgångar
7215,1215,NONE,Maskiner, inventarier och övriga materiella anläggningstillgångar
7215,1216,NONE,Maskiner, inventarier och övriga materiella anläggningstillgångar
7215,1217,NONE,Maskiner, inventarier och övriga materiella anläggningstillgångar
7215,1218,NONE,Maskiner, inventarier och övriga materiella anläggningstillgångar
7215,1219,NONE,Maskiner, inventarier och övriga materiella anläggningstillgångar
7215,1220,NONE,Maskiner, inventarier och övriga materiella anläggningstillgångar
7215,1221,NONE,Maskiner, inventarier och övriga materiella anläggningstillgångar
7215,1222,NONE,Maskiner, inventarier och övriga materiella anläggningstillgångar
7215,1223,NONE,Maskiner, inventarier och övriga materiella anläggningstillgångar
7215,1224,NONE,Maskiner, inventarier och övriga materiella anläggningstillgångar
7215,1225,NONE,Maskiner, inventarier och övriga materiella anläggningstillgångar
7215,1226,NONE,Maskiner, inventarier och övriga materiella anläggningstillgångar
7215,1227,NONE,Maskiner, inventarier och övriga materiella anläggningstillgångar
7215,1228,NONE,Maskiner, inventarier och övriga materiella anläggningstillgångar
7215,1229,NONE,Maskiner, inventarier och övriga materiella anläggningstillgångar
7215,1230,NONE,Maskiner, inventarier och övriga materiella anläggningstillgångar
7215,1231,NONE,Maskiner, inventarier och övriga materiella anläggningstillgångar
7215,1232,NONE,Maskiner, inventarier och övriga materiella anläggningstillgångar
7215,1233,NONE,Maskiner, inventarier och övriga materiella anläggningstillgångar
7215,1234,NONE,Maskiner, inventarier och övriga materiella anläggningstillgångar
7215,1235,NONE,Maskiner, inventarier och övriga materiella anläggningstillgångar
7215,1236,NONE,Maskiner, inventarier och övriga materiella anläggningstillgångar
7215,1237,NONE,Maskiner, inventarier och övriga materiella anläggningstillgångar
7215,1238,NONE,Maskiner, inventarier och övriga materiella anläggningstillgångar
7215,1239,NONE,Maskiner, inventarier och övriga materiella anläggningstillgångar
7215,1240,NONE,Maskiner, inventarier och övriga materiella anläggningstillgångar
7215,1241,NONE,Maskiner, inventarier och övriga materiella anläggningstillgångar
7215,1242,NONE,Maskiner, inventarier och övriga materiella anläggningstillgångar
7215,1243,NONE,Maskiner, inventarier och övriga materiella anläggningstillgångar
7215,1244,NONE,Maskiner, inventarier och övriga materiella anläggningstillgångar
7215,1245,NONE,Maskiner, inventarier och övriga materiella anläggningstillgångar
7215,1246,NONE,Maskiner, inventarier och övriga materiella anläggningstillgångar
7215,1247,NONE,Maskiner, inventarier och övriga materiella anläggningstillgångar
7215,1248,NONE,Maskiner, inventarier och övriga materiella anläggningstillgångar
7215,1249,NONE,Maskiner, inventarier och övriga materiella anläggningstillgångar
7215,1250,NONE,Maskiner, inventarier och övriga materiella anläggningstillgångar
7215,1251,NONE,Maskiner, inventarier och övriga materiella anläggningstillgångar
7215,1252,NONE,Maskiner, inventarier och övriga materiella anläggningstillgångar
7215,1253,NONE,Maskiner, inventarier och övriga materiella anläggningstillgångar
7215,1254,NONE,Maskiner, inventarier och övriga materiella anläggningstillgångar
7215,1255,NONE,Maskiner, inventarier och övriga materiella anläggningstillgångar
7215,1256,NONE,Maskiner, inventarier och övriga materiella anläggningstillgångar
7215,1257,NONE,Maskiner, inventarier och övriga materiella anläggningstillgångar
7215,1258,NONE,Maskiner, inventarier och övriga materiella anläggningstillgångar
7215,1259,NONE,Maskiner, inventarier och övriga materiella anläggningstillgångar
7215,1260,NONE,Maskiner, inventarier och övriga materiella anläggningstillgångar
7215,1261,NONE,Maskiner, inventarier och övriga materiella anläggningstillgångar
7215,1262,NONE,Maskiner, inventarier och övriga materiella anläggningstillgångar
7215,1263,NONE,Maskiner, inventarier och övriga materiella anläggningstillgångar
7215,1264,NONE,Maskiner, inventarier och övriga materiella anläggningstillgångar
7215,1265,NONE,Maskiner, inventarier och övriga materiella anläggningstillgångar
7215,1266,NONE,Maskiner, inventarier och övriga materiella anläggningstillgångar
7215,1267,NONE,Maskiner, inventarier och övriga materiella anläggningstillgångar
7215,1268,NONE,Maskiner, inventarier och övriga materiella anläggningstillgångar
7215,1269,NONE,Maskiner, inventarier och övriga materiella anläggningstillgångar
7215,1270,NONE,Maskiner, inventarier och övriga materiella anläggningstillgångar
7215,1271,NONE,Maskiner, inventarier och övriga materiella anläggningstillgångar
7215,1272,NONE,Maskiner, inventarier och övriga materiella anläggningstillgångar
7215,1273,NONE,Maskiner, inventarier och övriga materiella anläggningstillgångar
7215,1274,NONE,Maskiner, inventarier och övriga materiella anläggningstillgångar
7215,1275,NONE,Maskiner, inventarier och övriga materiella anläggningstillgångar
7215,1276,NONE,Maskiner, inventarier och övriga materiella anläggningstillgångar
7215,1277,NONE,Maskiner, inventarier och övriga materiella anläggningstillgångar
7215,1278,NONE,Maskiner, inventarier och övriga materiella anläggningstillgångar
7215,1279,NONE,Maskiner, inventarier och övriga materiella anläggningstillgångar
7217,1280,NONE,Pågående nyanläggningar och förskott avseende materiella anläggningstillgångar
7217,1281,NONE,Pågående nyanläggningar och förskott avseende materiella anläggningstillgångar
7217,1282,NONE,Pågående nyanläggningar och förskott avseende materiella anläggningstillgångar
7217,1283,NONE,Pågående nyanläggningar och förskott avseende materiella anläggningstillgångar
7217,1284,NONE,Pågående nyanläggningar och förskott avseende materiella anläggningstillgångar
7217,1285,NONE,Pågående nyanläggningar och förskott avseende materiella anläggningstillgångar
7217,1286,NONE,Pågående nyanläggningar och förskott avseende materiella anläggningstillgångar
7217,1287,NONE,Pågående nyanläggningar och förskott avseende materiella anläggningstillgångar
7217,1288,NONE,Pågående nyanläggningar och förskott avseende materiella anläggningstillgångar
7217,1289,NONE,Pågående nyanläggningar och förskott avseende materiella anläggningstillgångar
7215,1290,NONE,Maskiner, inventarier och övriga materiella anläggningstillgångar
7215,1291,NONE,Maskiner, inventarier och övriga materiella anläggningstillgångar
7215,1292,NONE,Maskiner, inventarier och övriga materiella anläggningstillgångar
7215,1293,NONE,Maskiner, inventarier och övriga materiella anläggningstillgångar
7215,1294,NONE,Maskiner, inventarier och övriga materiella anläggningstillgångar
7215,1295,NONE,Maskiner, inventarier och övriga materiella anläggningstillgångar
7215,1296,NONE,Maskiner, inventarier och övriga materiella anläggningstillgångar
7215,1297,NONE,Maskiner, inventarier och övriga materiella anläggningstillgångar
7215,1298,NONE,Maskiner, inventarier och övriga materiella anläggningstillgångar
7215,1299,NONE,Maskiner, inventarier och övriga materiella anläggningstillgångar
7236,1310,NONE,Andelar i koncernföretag, intresseföretag, gemensamt styrda företag och övriga företag som det finns ett ägarintresse i
7236,1311,NONE,Andelar i koncernföretag, intresseföretag, gemensamt styrda företag och övriga företag som det finns ett ägarintresse i
7236,1312,NONE,Andelar i koncernföretag, intresseföretag, gemensamt styrda företag och övriga företag som det finns ett ägarintresse i
7236,1313,NONE,Andelar i koncernföretag, intresseföretag, gemensamt styrda företag och övriga företag som det finns ett ägarintresse i
7236,1314,NONE,Andelar i koncernföretag, intresseföretag, gemensamt styrda företag och övriga företag som det finns ett ägarintresse i
7236,1315,NONE,Andelar i koncernföretag, intresseföretag, gemensamt styrda företag och övriga företag som det finns ett ägarintresse i
7236,1316,NONE,Andelar i koncernföretag, intresseföretag, gemensamt styrda företag och övriga företag som det finns ett ägarintresse i
7236,1317,NONE,Andelar i koncernföretag, intresseföretag, gemensamt styrda företag och övriga företag som det finns ett ägarintresse i
7236,1318,NONE,Andelar i koncernföretag, intresseföretag, gemensamt styrda företag och övriga företag som det finns ett ägarintresse i
7236,1319,NONE,Andelar i koncernföretag, intresseföretag, gemensamt styrda företag och övriga företag som det finns ett ägarintresse i
7232,1320,NONE,Fordringar hos koncernföretag, intresseföretag, gemensamt styrda företag och övriga företag som det finns ett ägarintresse i
7232,1321,NONE,Fordringar hos koncernföretag, intresseföretag, gemensamt styrda företag och övriga företag som det finns ett ägarintresse i
7232,1322,NONE,Fordringar hos koncernföretag, intresseföretag, gemensamt styrda företag och övriga företag som det finns ett ägarintresse i
7232,1323,NONE,Fordringar hos koncernföretag, intresseföretag, gemensamt styrda företag och övriga företag som det finns ett ägarintresse i
7232,1324,NONE,Fordringar hos koncernföretag, intresseföretag, gemensamt styrda företag och övriga företag som det finns ett ägarintresse i
7232,1325,NONE,Fordringar hos koncernföretag, intresseföretag, gemensamt styrda företag och övriga företag som det finns ett ägarintresse i
7232,1326,NONE,Fordringar hos koncernföretag, intresseföretag, gemensamt styrda företag och övriga företag som det finns ett ägarintresse i
7232,1327,NONE,Fordringar hos koncernföretag, intresseföretag, gemensamt styrda företag och övriga företag som det finns ett ägarintresse i
7232,1328,NONE,Fordringar hos koncernföretag, intresseföretag, gemensamt styrda företag och övriga företag som det finns ett ägarintresse i
7232,1329,NONE,Fordringar hos koncernföretag, intresseföretag, gemensamt styrda företag och övriga företag som det finns ett ägarintresse i
7236,1330,NONE,Andelar i koncernföretag, intresseföretag, gemensamt styrda företag och övriga företag som det finns ett ägarintresse i
7236,1331,NONE,Andelar i koncernföretag, intresseföretag, gemensamt styrda företag och övriga företag som det finns ett ägarintresse i
7236,1332,NONE,Andelar i koncernföretag, intresseföretag, gemensamt styrda företag och övriga företag som det finns ett ägarintresse i
7236,1333,NONE,Andelar i koncernföretag, intresseföretag, gemensamt styrda företag och övriga företag som det finns ett ägarintresse i
7236,1334,NONE,Andelar i koncernföretag, intresseföretag, gemensamt styrda företag och övriga företag som det finns ett ägarintresse i
7236,1335,NONE,Andelar i koncernföretag, intresseföretag, gemensamt styrda företag och övriga företag som det finns ett ägarintresse i
7236,1336,NONE,Andelar i koncernföretag, intresseföretag, gemensamt styrda företag och övriga företag som det finns ett ägarintresse i
7236,1337,NONE,Andelar i koncernföretag, intresseföretag, gemensamt styrda företag och övriga företag som det finns ett ägarintresse i
7236,1338,NONE,Andelar i koncernföretag, intresseföretag, gemensamt styrda företag och övriga företag som det finns ett ägarintresse i
7236,1339,NONE,Andelar i koncernföretag, intresseföretag, gemensamt styrda företag och övriga företag som det finns ett ägarintresse i
7232,1340,NONE,Fordringar hos koncernföretag, intresseföretag, gemensamt styrda företag och övriga företag som det finns ett ägarintresse i
7232,1341,NONE,Fordringar hos koncernföretag, intresseföretag, gemensamt styrda företag och övriga företag som det finns ett ägarintresse i
7232,1342,NONE,Fordringar hos koncernföretag, intresseföretag, gemensamt styrda företag och övriga företag som det finns ett ägarintresse i
7232,1343,NONE,Fordringar hos koncernföretag, intresseföretag, gemensamt styrda företag och övriga företag som det finns ett ägarintresse i
7232,1344,NONE,Fordringar hos koncernföretag, intresseföretag, gemensamt styrda företag och övriga företag som det finns ett ägarintresse i
7232,1345,NONE,Fordringar hos koncernföretag, intresseföretag, gemensamt styrda företag och övriga företag som det finns ett ägarintresse i
7232,1346,NONE,Fordringar hos koncernföretag, intresseföretag, gemensamt styrda företag och övriga företag som det finns ett ägarintresse i
7232,1347,NONE,Fordringar hos koncernföretag, intresseföretag, gemensamt styrda företag och övriga företag som det finns ett ägarintresse i
7232,1348,NONE,Fordringar hos koncernföretag, intresseföretag, gemensamt styrda företag och övriga företag som det finns ett ägarintresse i
7232,1349,NONE,Fordringar hos koncernföretag, intresseföretag, gemensamt styrda företag och övriga företag som det finns ett ägarintresse i
7237,1350,NONE,Andra finansiella anläggningstillgångar
7237,1351,NONE,Andra finansiella anläggningstillgångar
7237,1352,NONE,Andra finansiella anläggningstillgångar
7237,1353,NONE,Andra finansiella anläggningstillgångar
7237,1354,NONE,Andra finansiella anläggningstillgångar
7237,1355,NONE,Andra finansiella anläggningstillgångar
7237,1356,NONE,Andra finansiella anläggningstillgångar
7237,1357,NONE,Andra finansiella anläggningstillgångar
7237,1358,NONE,Andra finansiella anläggningstillgångar
7237,1359,NONE,Andra finansiella anläggningstillgångar
7234,1360,NONE,Lån till delägare eller närstående
7234,1361,NONE,Lån till delägare eller närstående
7234,1362,NONE,Lån till delägare eller närstående
7234,1363,NONE,Lån till delägare eller närstående
7234,1364,NONE,Lån till delägare eller närstående
7234,1365,NONE,Lån till delägare eller närstående
7234,1366,NONE,Lån till delägare eller närstående
7234,1367,NONE,Lån till delägare eller närstående
7234,1368,NONE,Lån till delägare eller närstående
7234,1369,NONE,Lån till delägare eller närstående
7237,1370,NONE,Andra finansiella anläggningstillgångar
7237,1371,NONE,Andra finansiella anläggningstillgångar
7237,1372,NONE,Andra finansiella anläggningstillgångar
7237,1373,NONE,Andra finansiella anläggningstillgångar
7237,1374,NONE,Andra finansiella anläggningstillgångar
7237,1375,NONE,Andra finansiella anläggningstillgångar
7237,1376,NONE,Andra finansiella anläggningstillgångar
7237,1377,NONE,Andra finansiella anläggningstillgångar
7237,1378,NONE,Andra finansiella anläggningstillgångar
7237,1379,NONE,Andra finansiella anläggningstillgångar
7237,1380,NONE,Andra finansiella anläggningstillgångar
7237,1381,NONE,Andra finansiella anläggningstillgångar
7237,1382,NONE,Andra finansiella anläggningstillgångar
7237,1383,NONE,Andra finansiella anläggningstillgångar
7237,1384,NONE,Andra finansiella anläggningstillgångar
7237,1385,NONE,Andra finansiella anläggningstillgångar
7237,1386,NONE,Andra finansiella anläggningstillgångar
7237,1387,NONE,Andra finansiella anläggningstillgångar
7237,1388,NONE,Andra finansiella anläggningstillgångar
7237,1389,NONE,Andra finansiella anläggningstillgångar
7247,1400,NONE,Varulager
7247,1401,NONE,Varulager
7247,1402,NONE,Varulager
7247,1403,NONE,Varulager
7247,1404,NONE,Varulager
7247,1405,NONE,Varulager
7247,1406,NONE,Varulager
7247,1407,NONE,Varulager
7247,1408,NONE,Varulager
7247,1409,NONE,Varulager
7247,1410,NONE,Varulager
7247,1411,NONE,Varulager
7247,1412,NONE,Varulager
7247,1413,NONE,Varulager
7247,1414,NONE,Varulager
7247,1415,NONE,Varulager
7247,1416,NONE,Varulager
7247,1417,NONE,Varulager
7247,1418,NONE,Varulager
7247,1419,NONE,Varulager
7247,1420,NONE,Varulager
7247,1421,NONE,Varulager
7247,1422,NONE,Varulager
7247,1423,NONE,Varulager
7247,1424,NONE,Varulager
7247,1425,NONE,Varulager
7247,1426,NONE,Varulager
7247,1427,NONE,Varulager
7247,1428,NONE,Varulager
7247,1429,NONE,Varulager
7247,1430,NONE,Varulager
7247,1431,NONE,Varulager
7247,1432,NONE,Varulager
7247,1433,NONE,Varulager
7247,1434,NONE,Varulager
7247,1435,NONE,Varulager
7247,1436,NONE,Varulager
7247,1437,NONE,Varulager
7247,1438,NONE,Varulager
7247,1439,NONE,Varulager
7247,1440,NONE,Varulager
7247,1441,NONE,Varulager
7247,1442,NONE,Varulager
7247,1443,NONE,Varulager
7247,1444,NONE,Varulager
7247,1445,NONE,Varulager
7247,1446,NONE,Varulager
7247,1447,NONE,Varulager
7247,1448,NONE,Varulager
7247,1449,NONE,Varulager
7247,1450,NONE,Varulager
7247,1451,NONE,Varulager
7247,1452,NONE,Varulager
7247,1453,NONE,Varulager
7247,1454,NONE,Varulager
7247,1455,NONE,Varulager
7247,1456,NONE,Varulager
7247,1457,NONE,Varulager
7247,1458,NONE,Varulager
7247,1459,NONE,Varulager
7247,1460,NONE,Varulager
7247,1461,NONE,Varulager
7247,1462,NONE,Varulager
7247,1463,NONE,Varulager
7247,1464,NONE,Varulager
7247,1465,NONE,Varulager
7247,1466,NONE,Varulager
7247,1467,NONE,Varulager
7247,1468,NONE,Varulager
7247,1469,NONE,Varulager
7245,1470,NONE,Pågående arbeten för annans räkning
7245,1471,NONE,Pågående arbeten för annans räkning
7245,1472,NONE,Pågående arbeten för annans räkning
7245,1473,NONE,Pågående arbeten för annans räkning
7245,1474,NONE,Pågående arbeten för annans räkning
7245,1475,NONE,Pågående arbeten för annans räkning
7245,1476,NONE,Pågående arbeten för annans räkning
7245,1477,NONE,Pågående arbeten för annans räkning
7245,1478,NONE,Pågående arbeten för annans räkning
7245,1479,NONE,Pågående arbeten för annans räkning
7246,1480,NONE,Förskott till leverantör
7246,1481,NONE,Förskott till leverantör
7246,1482,NONE,Förskott till leverantör
7246,1483,NONE,Förskott till leverantör
7246,1484,NONE,Förskott till leverantör
7246,1485,NONE,Förskott till leverantör
7246,1486,NONE,Förskott till leverantör
7246,1487,NONE,Förskott till leverantör
7246,1488,NONE,Förskott till leverantör
7246,1489,NONE,Förskott till leverantör
7247,1490,NONE,Varulager
7247,1491,NONE,Varulager
7247,1492,NONE,Varulager
7247,1493,NONE,Varulager
7247,1494,NONE,Varulager
7247,1495,NONE,Varulager
7247,1496,NONE,Varulager
7247,1497,NONE,Varulager
7247,1498,NONE,Varulager
7247,1499,NONE,Varulager
7253,1500,NONE,Kundfordringar
7253,1501,NONE,Kundfordringar
7253,1502,NONE,Kundfordringar
7253,1503,NONE,Kundfordringar
7253,1504,NONE,Kundfordringar
7253,1505,NONE,Kundfordringar
7253,1506,NONE,Kundfordringar
7253,1507,NONE,Kundfordringar
7253,1508,NONE,Kundfordringar
7253,1509,NONE,Kundfordringar
7253,1510,NONE,Kundfordringar
7253,1511,NONE,Kundfordringar
7253,1512,NONE,Kundfordringar
7253,1513,NONE,Kundfordringar
7253,1514,NONE,Kundfordringar
7253,1515,NONE,Kundfordringar
7253,1516,NONE,Kundfordringar
7253,1517,NONE,Kundfordringar
7253,1518,NONE,Kundfordringar
7253,1519,NONE,Kundfordringar
7253,1520,NONE,Kundfordringar
7253,1521,NONE,Kundfordringar
7253,1522,NONE,Kundfordringar
7253,1523,NONE,Kundfordringar
7253,1524,NONE,Kundfordringar
7253,1525,NONE,Kundfordringar
7253,1526,NONE,Kundfordringar
7253,1527,NONE,Kundfordringar
7253,1528,NONE,Kundfordringar
7253,1529,NONE,Kundfordringar
7253,1530,NONE,Kundfordringar
7253,1531,NONE,Kundfordringar
7253,1532,NONE,Kundfordringar
7253,1533,NONE,Kundfordringar
7253,1534,NONE,Kundfordringar
7253,1535,NONE,Kundfordringar
7253,1536,NONE,Kundfordringar
7253,1537,NONE,Kundfordringar
7253,1538,NONE,Kundfordringar
7253,1539,NONE,Kundfordringar
7253,1540,NONE,Kundfordringar
7253,1541,NONE,Kundfordringar
7253,1542,NONE,Kundfordringar
7253,1543,NONE,Kundfordringar
7253,1544,NONE,Kundfordringar
7253,1545,NONE,Kundfordringar
7253,1546,NONE,Kundfordringar
7253,1547,NONE,Kundfordringar
7253,1548,NONE,Kundfordringar
7253,1549,NONE,Kundfordringar
7253,1550,NONE,Kundfordringar
7253,1551,NONE,Kundfordringar
7253,1552,NONE,Kundfordringar
7253,1553,NONE,Kundfordringar
7253,1554,NONE,Kundfordringar
7253,1555,NONE,Kundfordringar
7253,1556,NONE,Kundfordringar
7253,1557,NONE,Kundfordringar
7253,1558,NONE,Kundfordringar
7253,1559,NONE,Kundfordringar
7264,1560,NONE,Övriga fordringar
7264,1561,NONE,Övriga fordringar
7264,1562,NONE,Övriga fordringar
7264,1563,NONE,Övriga fordringar
7264,1564,NONE,Övriga fordringar
7264,1565,NONE,Övriga fordringar
7264,1566,NONE,Övriga fordringar
7264,1567,NONE,Övriga fordringar
7264,1568,NONE,Övriga fordringar
7264,1569,NONE,Övriga fordringar
7264,1570,NONE,Övriga fordringar
7264,1571,NONE,Övriga fordringar
7264,1572,NONE,Övriga fordringar
7264,1573,NONE,Övriga fordringar
7264,1574,NONE,Övriga fordringar
7264,1575,NONE,Övriga fordringar
7264,1576,NONE,Övriga fordringar
7264,1577,NONE,Övriga fordringar
7264,1578,NONE,Övriga fordringar
7264,1579,NONE,Övriga fordringar
7253,1580,NONE,Kundfordringar
7253,1581,NONE,Kundfordringar
7253,1582,NONE,Kundfordringar
7253,1583,NONE,Kundfordringar
7253,1584,NONE,Kundfordringar
7253,1585,NONE,Kundfordringar
7253,1586,NONE,Kundfordringar
7253,1587,NONE,Kundfordringar
7253,1588,NONE,Kundfordringar
7253,1589,NONE,Kundfordringar
7253,1590,NONE,Kundfordringar
7253,1591,NONE,Kundfordringar
7253,1592,NONE,Kundfordringar
7253,1593,NONE,Kundfordringar
7253,1594,NONE,Kundfordringar
7253,1595,NONE,Kundfordringar
7253,1596,NONE,Kundfordringar
7253,1597,NONE,Kundfordringar
7253,1598,NONE,Kundfordringar
7253,1599,NONE,Kundfordringar
7264,1600,NONE,Övriga fordringar
7264,1601,NONE,Övriga fordringar
7264,1602,NONE,Övriga fordringar
7264,1603,NONE,Övriga fordringar
7264,1604,NONE,Övriga fordringar
7264,1605,NONE,Övriga fordringar
7264,1606,NONE,Övriga fordringar
7264,1607,NONE,Övriga fordringar
7264,1608,NONE,Övriga fordringar
7264,1609,NONE,Övriga fordringar
7264,1610,NONE,Övriga fordringar
7264,1611,NONE,Övriga fordringar
7264,1612,NONE,Övriga fordringar
7264,1613,NONE,Övriga fordringar
7264,1614,NONE,Övriga fordringar
7264,1615,NONE,Övriga fordringar
7264,1616,NONE,Övriga fordringar
7264,1617,NONE,Övriga fordringar
7264,1618,NONE,Övriga fordringar
7264,1619,NONE,Övriga fordringar
7264,1620,NONE,Övriga fordringar
7264,1621,NONE,Övriga fordringar
7264,1622,NONE,Övriga fordringar
7264,1623,NONE,Övriga fordringar
7264,1624,NONE,Övriga fordringar
7264,1625,NONE,Övriga fordringar
7264,1626,NONE,Övriga fordringar
7264,1627,NONE,Övriga fordringar
7264,1628,NONE,Övriga fordringar
7264,1629,NONE,Övriga fordringar
7264,1630,NONE,Övriga fordringar
7264,1631,NONE,Övriga fordringar
7264,1632,NONE,Övriga fordringar
7264,1633,NONE,Övriga fordringar
7264,1634,NONE,Övriga fordringar
7264,1635,NONE,Övriga fordringar
7264,1636,NONE,Övriga fordringar
7264,1637,NONE,Övriga fordringar
7264,1638,NONE,Övriga fordringar
7264,1639,NONE,Övriga fordringar
7264,1640,NONE,Övriga fordringar
7264,1641,NONE,Övriga fordringar
7264,1642,NONE,Övriga fordringar
7264,1643,NONE,Övriga fordringar
7264,1644,NONE,Övriga fordringar
7264,1645,NONE,Övriga fordringar
7264,1646,NONE,Övriga fordringar
7264,1647,NONE,Övriga fordringar
7264,1648,NONE,Övriga fordringar
7264,1649,NONE,Övriga fordringar
7264,1650,NONE,Övriga fordringar
7264,1651,NONE,Övriga fordringar
7264,1652,NONE,Övriga fordringar
7264,1653,NONE,Övriga fordringar
7264,1654,NONE,Övriga fordringar
7264,1655,NONE,Övriga fordringar
7264,1656,NONE,Övriga fordringar
7264,1657,NONE,Övriga fordringar
7264,1658,NONE,Övriga fordringar
7264,1659,NONE,Övriga fordringar
7264,1660,NONE,Övriga fordringar
7264,1661,NONE,Övriga fordringar
7264,1662,NONE,Övriga fordringar
7264,1663,NONE,Övriga fordringar
7264,1664,NONE,Övriga fordringar
7264,1665,NONE,Övriga fordringar
7264,1666,NONE,Övriga fordringar
7264,1667,NONE,Övriga fordringar
7264,1668,NONE,Övriga fordringar
7264,1669,NONE,Övriga fordringar
7264,1670,NONE,Övriga fordringar
7264,1671,NONE,Övriga fordringar
7264,1672,NONE,Övriga fordringar
7264,1673,NONE,Övriga fordringar
7264,1674,NONE,Övriga fordringar
7264,1675,NONE,Övriga fordringar
7264,1676,NONE,Övriga fordringar
7264,1677,NONE,Övriga fordringar
7264,1678,NONE,Övriga fordringar
7264,1679,NONE,Övriga fordringar
7264,1680,NONE,Övriga fordringar
7264,1681,NONE,Övriga fordringar
7264,1682,NONE,Övriga fordringar
7264,1683,NONE,Övriga fordringar
7264,1684,NONE,Övriga fordringar
7264,1685,NONE,Övriga fordringar
7264,1686,NONE,Övriga fordringar
7264,1687,NONE,Övriga fordringar
7264,1688,NONE,Övriga fordringar
7264,1689,NONE,Övriga fordringar
7264,1690,NONE,Övriga fordringar
7264,1691,NONE,Övriga fordringar
7264,1692,NONE,Övriga fordringar
7264,1693,NONE,Övriga fordringar
7264,1694,NONE,Övriga fordringar
7264,1695,NONE,Övriga fordringar
7264,1696,NONE,Övriga fordringar
7264,1697,NONE,Övriga fordringar
7264,1698,NONE,Övriga fordringar
7264,1699,NONE,Övriga fordringar
7263,1700,NONE,Förutbetalda kostnader och upplupna intäkter
7263,1701,NONE,Förutbetalda kostnader och upplupna intäkter
7263,1702,NONE,Förutbetalda kostnader och upplupna intäkter
7263,1703,NONE,Förutbetalda kostnader och upplupna intäkter
7263,1704,NONE,Förutbetalda kostnader och upplupna intäkter
7263,1705,NONE,Förutbetalda kostnader och upplupna intäkter
7263,1706,NONE,Förutbetalda kostnader och upplupna intäkter
7263,1707,NONE,Förutbetalda kostnader och upplupna intäkter
7263,1708,NONE,Förutbetalda kostnader och upplupna intäkter
7263,1709,NONE,Förutbetalda kostnader och upplupna intäkter
7263,1710,NONE,Förutbetalda kostnader och upplupna intäkter
7263,1711,NONE,Förutbetalda kostnader och upplupna intäkter
7263,1712,NONE,Förutbetalda kostnader och upplupna intäkter
7263,1713,NONE,Förutbetalda kostnader och upplupna intäkter
7263,1714,NONE,Förutbetalda kostnader och upplupna intäkter
7263,1715,NONE,Förutbetalda kostnader och upplupna intäkter
7263,1716,NONE,Förutbetalda kostnader och upplupna intäkter
7263,1717,NONE,Förutbetalda kostnader och upplupna intäkter
7263,1718,NONE,Förutbetalda kostnader och upplupna intäkter
7263,1719,NONE,Förutbetalda kostnader och upplupna intäkter
7263,1720,NONE,Förutbetalda kostnader och upplupna intäkter
7263,1721,NONE,Förutbetalda kostnader och upplupna intäkter
7263,1722,NONE,Förutbetalda kostnader och upplupna intäkter
7263,1723,NONE,Förutbetalda kostnader och upplupna intäkter
7263,1724,NONE,Förutbetalda kostnader och upplupna intäkter
7263,1725,NONE,Förutbetalda kostnader och upplupna intäkter
7263,1726,NONE,Förutbetalda kostnader och upplupna intäkter
7263,1727,NONE,Förutbetalda kostnader och upplupna intäkter
7263,1728,NONE,Förutbetalda kostnader och upplupna intäkter
7263,1729,NONE,Förutbetalda kostnader och upplupna intäkter
7263,1730,NONE,Förutbetalda kostnader och upplupna intäkter
7263,1731,NONE,Förutbetalda kostnader och upplupna intäkter
7263,1732,NONE,Förutbetalda kostnader och upplupna intäkter
7263,1733,NONE,Förutbetalda kostnader och upplupna intäkter
7263,1734,NONE,Förutbetalda kostnader och upplupna intäkter
7263,1735,NONE,Förutbetalda kostnader och upplupna intäkter
7263,1736,NONE,Förutbetalda kostnader och upplupna intäkter
7263,1737,NONE,Förutbetalda kostnader och upplupna intäkter
7263,1738,NONE,Förutbetalda kostnader och upplupna intäkter
7263,1739,NONE,Förutbetalda kostnader och upplupna intäkter
7263,1740,NONE,Förutbetalda kostnader och upplupna intäkter
7263,1741,NONE,Förutbetalda kostnader och upplupna intäkter
7263,1742,NONE,Förutbetalda kostnader och upplupna intäkter
7263,1743,NONE,Förutbetalda kostnader och upplupna intäkter
7263,1744,NONE,Förutbetalda kostnader och upplupna intäkter
7263,1745,NONE,Förutbetalda kostnader och upplupna intäkter
7263,1746,NONE,Förutbetalda kostnader och upplupna intäkter
7263,1747,NONE,Förutbetalda kostnader och upplupna intäkter
7263,1748,NONE,Förutbetalda kostnader och upplupna intäkter
7263,1749,NONE,Förutbetalda kostnader och upplupna intäkter
7263,1750,NONE,Förutbetalda kostnader och upplupna intäkter
7263,1751,NONE,Förutbetalda kostnader och upplupna intäkter
7263,1752,NONE,Förutbetalda kostnader och upplupna intäkter
7263,1753,NONE,Förutbetalda kostnader och upplupna intäkter
7263,1754,NONE,Förutbetalda kostnader och upplupna intäkter
7263,1755,NONE,Förutbetalda kostnader och upplupna intäkter
7263,1756,NONE,Förutbetalda kostnader och upplupna intäkter
7263,1757,NONE,Förutbetalda kostnader och upplupna intäkter
7263,1758,NONE,Förutbetalda kostnader och upplupna intäkter
7263,1759,NONE,Förutbetalda kostnader och upplupna intäkter
7263,1760,NONE,Förutbetalda kostnader och upplupna intäkter
7263,1761,NONE,Förutbetalda kostnader och upplupna intäkter
7263,1762,NONE,Förutbetalda kostnader och upplupna intäkter
7263,1763,NONE,Förutbetalda kostnader och upplupna intäkter
7263,1764,NONE,Förutbetalda kostnader och upplupna intäkter
7263,1765,NONE,Förutbetalda kostnader och upplupna intäkter
7263,1766,NONE,Förutbetalda kostnader och upplupna intäkter
7263,1767,NONE,Förutbetalda kostnader och upplupna intäkter
7263,1768,NONE,Förutbetalda kostnader och upplupna intäkter
7263,1769,NONE,Förutbetalda kostnader och upplupna intäkter
7263,1770,NONE,Förutbetalda kostnader och upplupna intäkter
7263,1771,NONE,Förutbetalda kostnader och upplupna intäkter
7263,1772,NONE,Förutbetalda kostnader och upplupna intäkter
7263,1773,NONE,Förutbetalda kostnader och upplupna intäkter
7263,1774,NONE,Förutbetalda kostnader och upplupna intäkter
7263,1775,NONE,Förutbetalda kostnader och upplupna intäkter
7263,1776,NONE,Förutbetalda kostnader och upplupna intäkter
7263,1777,NONE,Förutbetalda kostnader och upplupna intäkter
7263,1778,NONE,Förutbetalda kostnader och upplupna intäkter
7263,1779,NONE,Förutbetalda kostnader och upplupna intäkter
7263,1780,NONE,Förutbetalda kostnader och upplupna intäkter
7263,1781,NONE,Förutbetalda kostnader och upplupna intäkter
7263,1782,NONE,Förutbetalda kostnader och upplupna intäkter
7263,1783,NONE,Förutbetalda kostnader och upplupna intäkter
7263,1784,NONE,Förutbetalda kostnader och upplupna intäkter
7263,1785,NONE,Förutbetalda kostnader och upplupna intäkter
7263,1786,NONE,Förutbetalda kostnader och upplupna intäkter
7263,1787,NONE,Förutbetalda kostnader och upplupna intäkter
7263,1788,NONE,Förutbetalda kostnader och upplupna intäkter
7263,1789,NONE,Förutbetalda kostnader och upplupna intäkter
7263,1790,NONE,Förutbetalda kostnader och upplupna intäkter
7263,1791,NONE,Förutbetalda kostnader och upplupna intäkter
7263,1792,NONE,Förutbetalda kostnader och upplupna intäkter
7263,1793,NONE,Förutbetalda kostnader och upplupna intäkter
7263,1794,NONE,Förutbetalda kostnader och upplupna intäkter
7263,1795,NONE,Förutbetalda kostnader och upplupna intäkter
7263,1796,NONE,Förutbetalda kostnader och upplupna intäkter
7263,1797,NONE,Förutbetalda kostnader och upplupna intäkter
7263,1798,NONE,Förutbetalda kostnader och upplupna intäkter
7263,1799,NONE,Förutbetalda kostnader och upplupna intäkter
7272,1800,NONE,Kortfristiga placeringar
7272,1801,NONE,Kortfristiga placeringar
7272,1802,NONE,Kortfristiga placeringar
7272,1803,NONE,Kortfristiga placeringar
7272,1804,NONE,Kortfristiga placeringar
7272,1805,NONE,Kortfristiga placeringar
7272,1806,NONE,Kortfristiga placeringar
7272,1807,NONE,Kortfristiga placeringar
7272,1808,NONE,Kortfristiga placeringar
7272,1809,NONE,Kortfristiga placeringar
7272,1810,NONE,Kortfristiga placeringar
7272,1811,NONE,Kortfristiga placeringar
7272,1812,NONE,Kortfristiga placeringar
7272,1813,NONE,Kortfristiga placeringar
7272,1814,NONE,Kortfristiga placeringar
7272,1815,NONE,Kortfristiga placeringar
7272,1816,NONE,Kortfristiga placeringar
7272,1817,NONE,Kortfristiga placeringar
7272,1818,NONE,Kortfristiga placeringar
7272,1819,NONE,Kortfristiga placeringar
7272,1820,NONE,Kortfristiga placeringar
7272,1821,NONE,Kortfristiga placeringar
7272,1822,NONE,Kortfristiga placeringar
7272,1823,NONE,Kortfristiga placeringar
7272,1824,NONE,Kortfristiga placeringar
7272,1825,NONE,Kortfristiga placeringar
7272,1826,NONE,Kortfristiga placeringar
7272,1827,NONE,Kortfristiga placeringar
7272,1828,NONE,Kortfristiga placeringar
7272,1829,NONE,Kortfristiga placeringar
7272,1830,NONE,Kortfristiga placeringar
7272,1831,NONE,Kortfristiga placeringar
7272,1832,NONE,Kortfristiga placeringar
7272,1833,NONE,Kortfristiga placeringar
7272,1834,NONE,Kortfristiga placeringar
7272,1835,NONE,Kortfristiga placeringar
7272,1836,NONE,Kortfristiga placeringar
7272,1837,NONE,Kortfristiga placeringar
7272,1838,NONE,Kortfristiga placeringar
7272,1839,NONE,Kortfristiga placeringar
7272,1840,NONE,Kortfristiga placeringar
7272,1841,NONE,Kortfristiga placeringar
7272,1842,NONE,Kortfristiga placeringar
7272,1843,NONE,Kortfristiga placeringar
7272,1844,NONE,Kortfristiga placeringar
7272,1845,NONE,Kortfristiga placeringar
7272,1846,NONE,Kortfristiga placeringar
7272,1847,NONE,Kortfristiga placeringar
7272,1848,NONE,Kortfristiga placeringar
7272,1849,NONE,Kortfristiga placeringar
7272,1850,NONE,Kortfristiga placeringar
7272,1851,NONE,Kortfristiga placeringar
7272,1852,NONE,Kortfristiga placeringar
7272,1853,NONE,Kortfristiga placeringar
7272,1854,NONE,Kortfristiga placeringar
7272,1855,NONE,Kortfristiga placeringar
7272,1856,NONE,Kortfristiga placeringar
7272,1857,NONE,Kortfristiga placeringar
7272,1858,NONE,Kortfristiga placeringar
7272,1859,NONE,Kortfristiga placeringar
7272,1860,NONE,Kortfristiga placeringar
7272,1861,NONE,Kortfristiga placeringar
7272,1862,NONE,Kortfristiga placeringar
7272,1863,NONE,Kortfristiga placeringar
7272,1864,NONE,Kortfristiga placeringar
7272,1865,NONE,Kortfristiga placeringar
7272,1866,NONE,Kortfristiga placeringar
7272,1867,NONE,Kortfristiga placeringar
7272,1868,NONE,Kortfristiga placeringar
7272,1869,NONE,Kortfristiga placeringar
7272,1870,NONE,Kortfristiga placeringar
7272,1871,NONE,Kortfristiga placeringar
7272,1872,NONE,Kortfristiga placeringar
7272,1873,NONE,Kortfristiga placeringar
7272,1874,NONE,Kortfristiga placeringar
7272,1875,NONE,Kortfristiga placeringar
7272,1876,NONE,Kortfristiga placeringar
7272,1877,NONE,Kortfristiga placeringar
7272,1878,NONE,Kortfristiga placeringar
7272,1879,NONE,Kortfristiga placeringar
7272,1880,NONE,Kortfristiga placeringar
7272,1881,NONE,Kortfristiga placeringar
7272,1882,NONE,Kortfristiga placeringar
7272,1883,NONE,Kortfristiga placeringar
7272,1884,NONE,Kortfristiga placeringar
7272,1885,NONE,Kortfristiga placeringar
7272,1886,NONE,Kortfristiga placeringar
7272,1887,NONE,Kortfristiga placeringar
7272,1888,NONE,Kortfristiga placeringar
7272,1889,NONE,Kortfristiga placeringar
7272,1890,NONE,Kortfristiga placeringar
7272,1891,NONE,Kortfristiga placeringar
7272,1892,NONE,Kortfristiga placeringar
7272,1893,NONE,Kortfristiga placeringar
7272,1894,NONE,Kortfristiga placeringar
7272,1895,NONE,Kortfristiga placeringar
7272,1896,NONE,Kortfristiga placeringar
7272,1897,NONE,Kortfristiga placeringar
7272,1898,NONE,Kortfristiga placeringar
7272,1899,NONE,Kortfristiga placeringar
7281,1900,NONE,Kassa, bank och redovisningsmedel
7281,1901,NONE,Kassa, bank och redovisningsmedel
7281,1902,NONE,Kassa, bank och redovisningsmedel
7281,1903,NONE,Kassa, bank och redovisningsmedel
7281,1904,NONE,Kassa, bank och redovisningsmedel
7281,1905,NONE,Kassa, bank och redovisningsmedel
7281,1906,NONE,Kassa, bank och redovisningsmedel
7281,1907,NONE,Kassa, bank och redovisningsmedel
7281,1908,NONE,Kassa, bank och redovisningsmedel
7281,1909,NONE,Kassa, bank och redovisningsmedel
7281,1910,NONE,Kassa, bank och redovisningsmedel
7281,1911,NONE,Kassa, bank och redovisningsmedel
7281,1912,NONE,Kassa, bank och redovisningsmedel
7281,1913,NONE,Kassa, bank och redovisningsmedel
7281,1914,NONE,Kassa, bank och redovisningsmedel
7281,1915,NONE,Kassa, bank och redovisningsmedel
7281,1916,NONE,Kassa, bank och redovisningsmedel
7281,1917,NONE,Kassa, bank och redovisningsmedel
7281,1918,NONE,Kassa, bank och redovisningsmedel
7281,1919,NONE,Kassa, bank och redovisningsmedel
7281,1920,NONE,Kassa, bank och redovisningsmedel
7281,1921,NONE,Kassa, bank och redovisningsmedel
7281,1922,NONE,Kassa, bank och redovisningsmedel
7281,1923,NONE,Kassa, bank och redovisningsmedel
7281,1924,NONE,Kassa, bank och redovisningsmedel
7281,1925,NONE,Kassa, bank och redovisningsmedel
7281,1926,NONE,Kassa, bank och redovisningsmedel
7281,1927,NONE,Kassa, bank och redovisningsmedel
7281,1928,NONE,Kassa, bank och redovisningsmedel
7281,1929,NONE,Kassa, bank och redovisningsmedel
7281,1930,NONE,Kassa, bank och redovisningsmedel
7281,1931,NONE,Kassa, bank och redovisningsmedel
7281,1932,NONE,Kassa, bank och redovisningsmedel
7281,1933,NONE,Kassa, bank och redovisningsmedel
7281,1934,NONE,Kassa, bank och redovisningsmedel
7281,1935,NONE,Kassa, bank och redovisningsmedel
7281,1936,NONE,Kassa, bank och redovisningsmedel
7281,1937,NONE,Kassa, bank och redovisningsmedel
7281,1938,NONE,Kassa, bank och redovisningsmedel
7281,1939,NONE,Kassa, bank och redovisningsmedel
7281,1940,NONE,Kassa, bank och redovisningsmedel
7281,1941,NONE,Kassa, bank och redovisningsmedel
7281,1942,NONE,Kassa, bank och redovisningsmedel
7281,1943,NONE,Kassa, bank och redovisningsmedel
7281,1944,NONE,Kassa, bank och redovisningsmedel
7281,1945,NONE,Kassa, bank och redovisningsmedel
7281,1946,NONE,Kassa, bank och redovisningsmedel
7281,1947,NONE,Kassa, bank och redovisningsmedel
7281,1948,NONE,Kassa, bank och redovisningsmedel
7281,1949,NONE,Kassa, bank och redovisningsmedel
7281,1950,NONE,Kassa, bank och redovisningsmedel
7281,1951,NONE,Kassa, bank och redovisningsmedel
7281,1952,NONE,Kassa, bank och redovisningsmedel
7281,1953,NONE,Kassa, bank och redovisningsmedel
7281,1954,NONE,Kassa, bank och redovisningsmedel
7281,1955,NONE,Kassa, bank och redovisningsmedel
7281,1956,NONE,Kassa, bank och redovisningsmedel
7281,1957,NONE,Kassa, bank och redovisningsmedel
7281,1958,NONE,Kassa, bank och redovisningsmedel
7281,1959,NONE,Kassa, bank och redovisningsmedel
7281,1960,NONE,Kassa, bank och redovisningsmedel
7281,1961,NONE,Kassa, bank och redovisningsmedel
7281,1962,NONE,Kassa, bank och redovisningsmedel
7281,1963,NONE,Kassa, bank och redovisningsmedel
7281,1964,NONE,Kassa, bank och redovisningsmedel
7281,1965,NONE,Kassa, bank och redovisningsmedel
7281,1966,NONE,Kassa, bank och redovisningsmedel
7281,1967,NONE,Kassa, bank och redovisningsmedel
7281,1968,NONE,Kassa, bank och redovisningsmedel
7281,1969,NONE,Kassa, bank och redovisningsmedel
7281,1970,NONE,Kassa, bank och redovisningsmedel
7281,1971,NONE,Kassa, bank och redovisningsmedel
7281,1972,NONE,Kassa, bank och redovisningsmedel
7281,1973,NONE,Kassa, bank och redovisningsmedel
7281,1974,NONE,Kassa, bank och redovisningsmedel
7281,1975,NONE,Kassa, bank och redovisningsmedel
7281,1976,NONE,Kassa, bank och redovisningsmedel
7281,1977,NONE,Kassa, bank och redovisningsmedel
7281,1978,NONE,Kassa, bank och redovisningsmedel
7281,1979,NONE,Kassa, bank och redovisningsmedel
7281,1980,NONE,Kassa, bank och redovisningsmedel
7281,1981,NONE,Kassa, bank och redovisningsmedel
7281,1982,NONE,Kassa, bank och redovisningsmedel
7281,1983,NONE,Kassa, bank och redovisningsmedel
7281,1984,NONE,Kassa, bank och redovisningsmedel
7281,1985,NONE,Kassa, bank och redovisningsmedel
7281,1986,NONE,Kassa, bank och redovisningsmedel
7281,1987,NONE,Kassa, bank och redovisningsmedel
7281,1988,NONE,Kassa, bank och redovisningsmedel
7281,1989,NONE,Kassa, bank och redovisningsmedel
7281,1990,NONE,Kassa, bank och redovisningsmedel
7281,1991,NONE,Kassa, bank och redovisningsmedel
7281,1992,NONE,Kassa, bank och redovisningsmedel
7281,1993,NONE,Kassa, bank och redovisningsmedel
7281,1994,NONE,Kassa, bank och redovisningsmedel
7281,1995,NONE,Kassa, bank och redovisningsmedel
7281,1996,NONE,Kassa, bank och redovisningsmedel
7281,1997,NONE,Kassa, bank och redovisningsmedel
7281,1998,NONE,Kassa, bank och redovisningsmedel
7281,1999,NONE,Kassa, bank och redovisningsmedel
7310,2010,NONE,Ingående kapital
7311,2011,NONE,Delägarens nettouttag/nettotillskott
7311,2012,NONE,Delägarens nettouttag/nettotillskott
7311,2013,NONE,Delägarens nettouttag/nettotillskott
7310,2016,NONE,Ingående kapital
7311,2017,NONE,Delägarens nettouttag/nettotillskott
7311,2018,NONE,Delägarens nettouttag/nettotillskott
7312,2019,NONE,Årets redovisade vinst
7310,2020,NONE,Ingående kapital
7311,2021,NONE,Delägarens nettouttag/nettotillskott
7311,2022,NONE,Delägarens nettouttag/nettotillskott
7311,2023,NONE,Delägarens nettouttag/nettotillskott
7310,2026,NONE,Ingående kapital
7311,2027,NONE,Delägarens nettouttag/nettotillskott
7311,2028,NONE,Delägarens nettouttag/nettotillskott
7312,2029,NONE,Årets redovisade vinst
7310,2030,NONE,Ingående kapital
7311,2031,NONE,Delägarens nettouttag/nettotillskott
7311,2032,NONE,Delägarens nettouttag/nettotillskott
7311,2033,NONE,Delägarens nettouttag/nettotillskott
7310,2036,NONE,Ingående kapital
7311,2037,NONE,Delägarens nettouttag/nettotillskott
7311,2038,NONE,Delägarens nettouttag/nettotillskott
7312,2039,NONE,Årets redovisade vinst
7310,2040,NONE,Ingående kapital
7311,2041,NONE,Delägarens nettouttag/nettotillskott
7311,2042,NONE,Delägarens nettouttag/nettotillskott
7311,2043,NONE,Delägarens nettouttag/nettotillskott
7310,2046,NONE,Ingående kapital
7311,2047,NONE,Delägarens nettouttag/nettotillskott
7311,2048,NONE,Delägarens nettouttag/nettotillskott
7312,2049,NONE,Årets redovisade vinst
7323,2100,NONE,Övriga obeskattade reserver
7323,2101,NONE,Övriga obeskattade reserver
7323,2102,NONE,Övriga obeskattade reserver
7323,2103,NONE,Övriga obeskattade reserver
7323,2104,NONE,Övriga obeskattade reserver
7323,2105,NONE,Övriga obeskattade reserver
7323,2106,NONE,Övriga obeskattade reserver
7323,2107,NONE,Övriga obeskattade reserver
7323,2108,NONE,Övriga obeskattade reserver
7323,2109,NONE,Övriga obeskattade reserver
7323,2110,NONE,Övriga obeskattade reserver
7323,2111,NONE,Övriga obeskattade reserver
7323,2112,NONE,Övriga obeskattade reserver
7323,2113,NONE,Övriga obeskattade reserver
7323,2114,NONE,Övriga obeskattade reserver
7323,2115,NONE,Övriga obeskattade reserver
7323,2116,NONE,Övriga obeskattade reserver
7323,2117,NONE,Övriga obeskattade reserver
7323,2118,NONE,Övriga obeskattade reserver
7323,2119,NONE,Övriga obeskattade reserver
7323,2120,NONE,Övriga obeskattade reserver
7323,2121,NONE,Övriga obeskattade reserver
7323,2122,NONE,Övriga obeskattade reserver
7323,2123,NONE,Övriga obeskattade reserver
7323,2124,NONE,Övriga obeskattade reserver
7323,2125,NONE,Övriga obeskattade reserver
7323,2126,NONE,Övriga obeskattade reserver
7323,2127,NONE,Övriga obeskattade reserver
7323,2128,NONE,Övriga obeskattade reserver
7323,2129,NONE,Övriga obeskattade reserver
7323,2130,NONE,Övriga obeskattade reserver
7323,2131,NONE,Övriga obeskattade reserver
7323,2132,NONE,Övriga obeskattade reserver
7323,2133,NONE,Övriga obeskattade reserver
7323,2134,NONE,Övriga obeskattade reserver
7323,2135,NONE,Övriga obeskattade reserver
7323,2136,NONE,Övriga obeskattade reserver
7323,2137,NONE,Övriga obeskattade reserver
7323,2138,NONE,Övriga obeskattade reserver
7323,2139,NONE,Övriga obeskattade reserver
7323,2140,NONE,Övriga obeskattade reserver
7323,2141,NONE,Övriga obeskattade reserver
7323,2142,NONE,Övriga obeskattade reserver
7323,2143,NONE,Övriga obeskattade reserver
7323,2144,NONE,Övriga obeskattade reserver
7323,2145,NONE,Övriga obeskattade reserver
7323,2146,NONE,Övriga obeskattade reserver
7323,2147,NONE,Övriga obeskattade reserver
7323,2148,NONE,Övriga obeskattade reserver
7323,2149,NONE,Övriga obeskattade reserver
7322,2150,NONE,Ackumulerade överavskrivningar
7322,2151,NONE,Ackumulerade överavskrivningar
7322,2152,NONE,Ackumulerade överavskrivningar
7322,2153,NONE,Ackumulerade överavskrivningar
7322,2154,NONE,Ackumulerade överavskrivningar
7322,2155,NONE,Ackumulerade överavskrivningar
7322,2156,NONE,Ackumulerade överavskrivningar
7322,2157,NONE,Ackumulerade överavskrivningar
7322,2158,NONE,Ackumulerade överavskrivningar
7322,2159,NONE,Ackumulerade överavskrivningar
7323,2160,NONE,Övriga obeskattade reserver
7323,2161,NONE,Övriga obeskattade reserver
7323,2162,NONE,Övriga obeskattade reserver
7323,2163,NONE,Övriga obeskattade reserver
7323,2164,NONE,Övriga obeskattade reserver
7323,2165,NONE,Övriga obeskattade reserver
7323,2166,NONE,Övriga obeskattade reserver
7323,2167,NONE,Övriga obeskattade reserver
7323,2168,NONE,Övriga obeskattade reserver
7323,2169,NONE,Övriga obeskattade reserver
7323,2170,NONE,Övriga obeskattade reserver
7323,2171,NONE,Övriga obeskattade reserver
7323,2172,NONE,Övriga obeskattade reserver
7323,2173,NONE,Övriga obeskattade reserver
7323,2174,NONE,Övriga obeskattade reserver
7323,2175,NONE,Övriga obeskattade reserver
7323,2176,NONE,Övriga obeskattade reserver
7323,2177,NONE,Övriga obeskattade reserver
7323,2178,NONE,Övriga obeskattade reserver
7323,2179,NONE,Övriga obeskattade reserver
7323,2180,NONE,Övriga obeskattade reserver
7323,2181,NONE,Övriga obeskattade reserver
7323,2182,NONE,Övriga obeskattade reserver
7323,2183,NONE,Övriga obeskattade reserver
7323,2184,NONE,Övriga obeskattade reserver
7323,2185,NONE,Övriga obeskattade reserver
7323,2186,NONE,Övriga obeskattade reserver
7323,2187,NONE,Övriga obeskattade reserver
7323,2188,NONE,Övriga obeskattade reserver
7323,2189,NONE,Övriga obeskattade reserver
7323,2190,NONE,Övriga obeskattade reserver
7323,2191,NONE,Övriga obeskattade reserver
7323,2192,NONE,Övriga obeskattade reserver
7323,2193,NONE,Övriga obeskattade reserver
7323,2194,NONE,Övriga obeskattade reserver
7323,2195,NONE,Övriga obeskattade reserver
7323,2196,NONE,Övriga obeskattade reserver
7323,2197,NONE,Övriga obeskattade reserver
7323,2198,NONE,Övriga obeskattade reserver
7323,2199,NONE,Övriga obeskattade reserver
7331,2210,NONE,Avsättningar för pensioner och liknande förpliktelser enligt lagen (1967:531) om tryggande av pensionsförpliktelser m.m.
7331,2211,NONE,Avsättningar för pensioner och liknande förpliktelser enligt lagen (1967:531) om tryggande av pensionsförpliktelser m.m.
7331,2212,NONE,Avsättningar för pensioner och liknande förpliktelser enligt lagen (1967:531) om tryggande av pensionsförpliktelser m.m.
7331,2213,NONE,Avsättningar för pensioner och liknande förpliktelser enligt lagen (1967:531) om tryggande av pensionsförpliktelser m.m.
7331,2214,NONE,Avsättningar för pensioner och liknande förpliktelser enligt lagen (1967:531) om tryggande av pensionsförpliktelser m.m.
7331,2215,NONE,Avsättningar för pensioner och liknande förpliktelser enligt lagen (1967:531) om tryggande av pensionsförpliktelser m.m.
7331,2216,NONE,Avsättningar för pensioner och liknande förpliktelser enligt lagen (1967:531) om tryggande av pensionsförpliktelser m.m.
7331,2217,NONE,Avsättningar för pensioner och liknande förpliktelser enligt lagen (1967:531) om tryggande av pensionsförpliktelser m.m.
7331,2218,NONE,Avsättningar för pensioner och liknande förpliktelser enligt lagen (1967:531) om tryggande av pensionsförpliktelser m.m.
7331,2219,NONE,Avsättningar för pensioner och liknande förpliktelser enligt lagen (1967:531) om tryggande av pensionsförpliktelser m.m.
7333,2220,NONE,Övriga avsättningar
7333,2221,NONE,Övriga avsättningar
7333,2222,NONE,Övriga avsättningar
7333,2223,NONE,Övriga avsättningar
7333,2224,NONE,Övriga avsättningar
7333,2225,NONE,Övriga avsättningar
7333,2226,NONE,Övriga avsättningar
7333,2227,NONE,Övriga avsättningar
7333,2228,NONE,Övriga avsättningar
7333,2229,NONE,Övriga avsättningar
7332,2230,NONE,Övriga avsättningar för pensioner och liknande förpliktelser
7332,2231,NONE,Övriga avsättningar för pensioner och liknande förpliktelser
7332,2232,NONE,Övriga avsättningar för pensioner och liknande förpliktelser
7332,2233,NONE,Övriga avsättningar för pensioner och liknande förpliktelser
7332,2234,NONE,Övriga avsättningar för pensioner och liknande förpliktelser
7332,2235,NONE,Övriga avsättningar för pensioner och liknande förpliktelser
7332,2236,NONE,Övriga avsättningar för pensioner och liknande förpliktelser
7332,2237,NONE,Övriga avsättningar för pensioner och liknande förpliktelser
7332,2238,NONE,Övriga avsättningar för pensioner och liknande förpliktelser
7332,2239,NONE,Övriga avsättningar för pensioner och liknande förpliktelser
7333,2240,NONE,Övriga avsättningar
7333,2241,NONE,Övriga avsättningar
7333,2242,NONE,Övriga avsättningar
7333,2243,NONE,Övriga avsättningar
7333,2244,NONE,Övriga avsättningar
7333,2245,NONE,Övriga avsättningar
7333,2246,NONE,Övriga avsättningar
7333,2247,NONE,Övriga avsättningar
7333,2248,NONE,Övriga avsättningar
7333,2249,NONE,Övriga avsättningar
7333,2250,NONE,Övriga avsättningar
7333,2251,NONE,Övriga avsättningar
7333,2252,NONE,Övriga avsättningar
7333,2253,NONE,Övriga avsättningar
7333,2254,NONE,Övriga avsättningar
7333,2255,NONE,Övriga avsättningar
7333,2256,NONE,Övriga avsättningar
7333,2257,NONE,Övriga avsättningar
7333,2258,NONE,Övriga avsättningar
7333,2259,NONE,Övriga avsättningar
7333,2260,NONE,Övriga avsättningar
7333,2261,NONE,Övriga avsättningar
7333,2262,NONE,Övriga avsättningar
7333,2263,NONE,Övriga avsättningar
7333,2264,NONE,Övriga avsättningar
7333,2265,NONE,Övriga avsättningar
7333,2266,NONE,Övriga avsättningar
7333,2267,NONE,Övriga avsättningar
7333,2268,NONE,Övriga avsättningar
7333,2269,NONE,Övriga avsättningar
7333,2270,NONE,Övriga avsättningar
7333,2271,NONE,Övriga avsättningar
7333,2272,NONE,Övriga avsättningar
7333,2273,NONE,Övriga avsättningar
7333,2274,NONE,Övriga avsättningar
7333,2275,NONE,Övriga avsättningar
7333,2276,NONE,Övriga avsättningar
7333,2277,NONE,Övriga avsättningar
7333,2278,NONE,Övriga avsättningar
7333,2279,NONE,Övriga avsättningar
7333,2280,NONE,Övriga avsättningar
7333,2281,NONE,Övriga avsättningar
7333,2282,NONE,Övriga avsättningar
7333,2283,NONE,Övriga avsättningar
7333,2284,NONE,Övriga avsättningar
7333,2285,NONE,Övriga avsättningar
7333,2286,NONE,Övriga avsättningar
7333,2287,NONE,Övriga avsättningar
7333,2288,NONE,Övriga avsättningar
7333,2289,NONE,Övriga avsättningar
7333,2290,NONE,Övriga avsättningar
7333,2291,NONE,Övriga avsättningar
7333,2292,NONE,Övriga avsättningar
7333,2293,NONE,Övriga avsättningar
7333,2294,NONE,Övriga avsättningar
7333,2295,NONE,Övriga avsättningar
7333,2296,NONE,Övriga avsättningar
7333,2297,NONE,Övriga avsättningar
7333,2298,NONE,Övriga avsättningar
7333,2299,NONE,Övriga avsättningar
7355,2300,NONE,Övriga skulder
7355,2301,NONE,Övriga skulder
7355,2302,NONE,Övriga skulder
7355,2303,NONE,Övriga skulder
7355,2304,NONE,Övriga skulder
7355,2305,NONE,Övriga skulder
7355,2306,NONE,Övriga skulder
7355,2307,NONE,Övriga skulder
7355,2308,NONE,Övriga skulder
7355,2309,NONE,Övriga skulder
7355,2310,NONE,Övriga skulder
7355,2311,NONE,Övriga skulder
7355,2312,NONE,Övriga skulder
7355,2313,NONE,Övriga skulder
7355,2314,NONE,Övriga skulder
7355,2315,NONE,Övriga skulder
7355,2316,NONE,Övriga skulder
7355,2317,NONE,Övriga skulder
7355,2318,NONE,Övriga skulder
7355,2319,NONE,Övriga skulder
7355,2320,NONE,Övriga skulder
7355,2321,NONE,Övriga skulder
7355,2322,NONE,Övriga skulder
7355,2323,NONE,Övriga skulder
7355,2324,NONE,Övriga skulder
7355,2325,NONE,Övriga skulder
7355,2326,NONE,Övriga skulder
7355,2327,NONE,Övriga skulder
7355,2328,NONE,Övriga skulder
7355,2329,NONE,Övriga skulder
7355,2330,NONE,Övriga skulder
7355,2331,NONE,Övriga skulder
7355,2332,NONE,Övriga skulder
7355,2333,NONE,Övriga skulder
7355,2334,NONE,Övriga skulder
7355,2335,NONE,Övriga skulder
7355,2336,NONE,Övriga skulder
7355,2337,NONE,Övriga skulder
7355,2338,NONE,Övriga skulder
7355,2339,NONE,Övriga skulder
7355,2340,NONE,Övriga skulder
7355,2341,NONE,Övriga skulder
7355,2342,NONE,Övriga skulder
7355,2343,NONE,Övriga skulder
7355,2344,NONE,Övriga skulder
7355,2345,NONE,Övriga skulder
7355,2346,NONE,Övriga skulder
7355,2347,NONE,Övriga skulder
7355,2348,NONE,Övriga skulder
7355,2349,NONE,Övriga skulder
7355,2350,NONE,Övriga skulder
7355,2351,NONE,Övriga skulder
7355,2352,NONE,Övriga skulder
7355,2353,NONE,Övriga skulder
7355,2354,NONE,Övriga skulder
7355,2355,NONE,Övriga skulder
7355,2356,NONE,Övriga skulder
7355,2357,NONE,Övriga skulder
7355,2358,NONE,Övriga skulder
7355,2359,NONE,Övriga skulder
7353,2360,NONE,Skulder till koncernföretag, intresseföretag, gemensamt styrda företag och övriga företag som det finns ett ägarintresse i
7353,2361,NONE,Skulder till koncernföretag, intresseföretag, gemensamt styrda företag och övriga företag som det finns ett ägarintresse i
7353,2362,NONE,Skulder till koncernföretag, intresseföretag, gemensamt styrda företag och övriga företag som det finns ett ägarintresse i
7353,2363,NONE,Skulder till koncernföretag, intresseföretag, gemensamt styrda företag och övriga företag som det finns ett ägarintresse i
7353,2364,NONE,Skulder till koncernföretag, intresseföretag, gemensamt styrda företag och övriga företag som det finns ett ägarintresse i
7353,2365,NONE,Skulder till koncernföretag, intresseföretag, gemensamt styrda företag och övriga företag som det finns ett ägarintresse i
7353,2366,NONE,Skulder till koncernföretag, intresseföretag, gemensamt styrda företag och övriga företag som det finns ett ägarintresse i
7353,2367,NONE,Skulder till koncernföretag, intresseföretag, gemensamt styrda företag och övriga företag som det finns ett ägarintresse i
7353,2368,NONE,Skulder till koncernföretag, intresseföretag, gemensamt styrda företag och övriga företag som det finns ett ägarintresse i
7353,2369,NONE,Skulder till koncernföretag, intresseföretag, gemensamt styrda företag och övriga företag som det finns ett ägarintresse i
7353,2370,NONE,Skulder till koncernföretag, intresseföretag, gemensamt styrda företag och övriga företag som det finns ett ägarintresse i
7353,2371,NONE,Skulder till koncernföretag, intresseföretag, gemensamt styrda företag och övriga företag som det finns ett ägarintresse i
7353,2372,NONE,Skulder till koncernföretag, intresseföretag, gemensamt styrda företag och övriga företag som det finns ett ägarintresse i
7353,2373,NONE,Skulder till koncernföretag, intresseföretag, gemensamt styrda företag och övriga företag som det finns ett ägarintresse i
7353,2374,NONE,Skulder till koncernföretag, intresseföretag, gemensamt styrda företag och övriga företag som det finns ett ägarintresse i
7353,2375,NONE,Skulder till koncernföretag, intresseföretag, gemensamt styrda företag och övriga företag som det finns ett ägarintresse i
7353,2376,NONE,Skulder till koncernföretag, intresseföretag, gemensamt styrda företag och övriga företag som det finns ett ägarintresse i
7353,2377,NONE,Skulder till koncernföretag, intresseföretag, gemensamt styrda företag och övriga företag som det finns ett ägarintresse i
7353,2378,NONE,Skulder till koncernföretag, intresseföretag, gemensamt styrda företag och övriga företag som det finns ett ägarintresse i
7353,2379,NONE,Skulder till koncernföretag, intresseföretag, gemensamt styrda företag och övriga företag som det finns ett ägarintresse i
7355,2380,NONE,Övriga skulder
7355,2381,NONE,Övriga skulder
7355,2382,NONE,Övriga skulder
7355,2383,NONE,Övriga skulder
7355,2384,NONE,Övriga skulder
7355,2385,NONE,Övriga skulder
7355,2386,NONE,Övriga skulder
7355,2387,NONE,Övriga skulder
7355,2388,NONE,Övriga skulder
7355,2389,NONE,Övriga skulder
7355,2390,NONE,Övriga skulder
7355,2391,NONE,Övriga skulder
7355,2392,NONE,Övriga skulder
7355,2393,NONE,Övriga skulder
7355,2394,NONE,Övriga skulder
7355,2395,NONE,Övriga skulder
7355,2396,NONE,Övriga skulder
7355,2397,NONE,Övriga skulder
7355,2398,NONE,Övriga skulder
7355,2399,NONE,Övriga skulder
7371,2410,NONE,Övriga skulder
7371,2411,NONE,Övriga skulder
7371,2412,NONE,Övriga skulder
7371,2413,NONE,Övriga skulder
7371,2414,NONE,Övriga skulder
7371,2415,NONE,Övriga skulder
7371,2416,NONE,Övriga skulder
7371,2417,NONE,Övriga skulder
7371,2418,NONE,Övriga skulder
7371,2419,NONE,Övriga skulder
7362,2420,NONE,Förskott för kunder
7362,2421,NONE,Förskott för kunder
7362,2422,NONE,Förskott för kunder
7362,2423,NONE,Förskott för kunder
7362,2424,NONE,Förskott för kunder
7362,2425,NONE,Förskott för kunder
7362,2426,NONE,Förskott för kunder
7362,2427,NONE,Förskott för kunder
7362,2428,NONE,Förskott för kunder
7362,2429,NONE,Förskott för kunder
7363,2430,NONE,Pågående arbeten för annans räkning
7363,2431,NONE,Pågående arbeten för annans räkning
7363,2432,NONE,Pågående arbeten för annans räkning
7363,2433,NONE,Pågående arbeten för annans räkning
7363,2434,NONE,Pågående arbeten för annans räkning
7363,2435,NONE,Pågående arbeten för annans räkning
7363,2436,NONE,Pågående arbeten för annans räkning
7363,2437,NONE,Pågående arbeten för annans räkning
7363,2438,NONE,Pågående arbeten för annans räkning
7363,2439,NONE,Pågående arbeten för annans räkning
7365,2440,NONE,Leverantörsskulder
7365,2441,NONE,Leverantörsskulder
7365,2442,NONE,Leverantörsskulder
7365,2443,NONE,Leverantörsskulder
7365,2444,NONE,Leverantörsskulder
7365,2445,NONE,Leverantörsskulder
7365,2446,NONE,Leverantörsskulder
7365,2447,NONE,Leverantörsskulder
7365,2448,NONE,Leverantörsskulder
7365,2449,NONE,Leverantörsskulder
7371,2450,NONE,Övriga skulder
7371,2451,NONE,Övriga skulder
7371,2452,NONE,Övriga skulder
7371,2453,NONE,Övriga skulder
7371,2454,NONE,Övriga skulder
7371,2455,NONE,Övriga skulder
7371,2456,NONE,Övriga skulder
7371,2457,NONE,Övriga skulder
7371,2458,NONE,Övriga skulder
7371,2459,NONE,Övriga skulder
7371,2460,NONE,Övriga skulder
7371,2461,NONE,Övriga skulder
7371,2462,NONE,Övriga skulder
7371,2463,NONE,Övriga skulder
7371,2464,NONE,Övriga skulder
7371,2465,NONE,Övriga skulder
7371,2466,NONE,Övriga skulder
7371,2467,NONE,Övriga skulder
7371,2468,NONE,Övriga skulder
7371,2469,NONE,Övriga skulder
7371,2470,NONE,Övriga skulder
7371,2471,NONE,Övriga skulder
7371,2472,NONE,Övriga skulder
7371,2473,NONE,Övriga skulder
7371,2474,NONE,Övriga skulder
7371,2475,NONE,Övriga skulder
7371,2476,NONE,Övriga skulder
7371,2477,NONE,Övriga skulder
7371,2478,NONE,Övriga skulder
7371,2479,NONE,Övriga skulder
7371,2480,NONE,Övriga skulder
7371,2481,NONE,Övriga skulder
7371,2482,NONE,Övriga skulder
7371,2483,NONE,Övriga skulder
7371,2484,NONE,Övriga skulder
7371,2485,NONE,Övriga skulder
7371,2486,NONE,Övriga skulder
7371,2487,NONE,Övriga skulder
7371,2488,NONE,Övriga skulder
7371,2489,NONE,Övriga skulder
7371,2490,NONE,Övriga skulder
7371,2491,NONE,Övriga skulder
7371,2492,NONE,Övriga skulder
7371,2493,NONE,Övriga skulder
7371,2494,NONE,Övriga skulder
7371,2495,NONE,Övriga skulder
7371,2496,NONE,Övriga skulder
7371,2497,NONE,Övriga skulder
7371,2498,NONE,Övriga skulder
7371,2499,NONE,Övriga skulder
7368,2500,NONE,Skatteskulder
7368,2501,NONE,Skatteskulder
7368,2502,NONE,Skatteskulder
7368,2503,NONE,Skatteskulder
7368,2504,NONE,Skatteskulder
7368,2505,NONE,Skatteskulder
7368,2506,NONE,Skatteskulder
7368,2507,NONE,Skatteskulder
7368,2508,NONE,Skatteskulder
7368,2509,NONE,Skatteskulder
7368,2510,NONE,Skatteskulder
7368,2511,NONE,Skatteskulder
7368,2512,NONE,Skatteskulder
7368,2513,NONE,Skatteskulder
7368,2514,NONE,Skatteskulder
7368,2515,NONE,Skatteskulder
7368,2516,NONE,Skatteskulder
7368,2517,NONE,Skatteskulder
7368,2518,NONE,Skatteskulder
7368,2519,NONE,Skatteskulder
7368,2520,NONE,Skatteskulder
7368,2521,NONE,Skatteskulder
7368,2522,NONE,Skatteskulder
7368,2523,NONE,Skatteskulder
7368,2524,NONE,Skatteskulder
7368,2525,NONE,Skatteskulder
7368,2526,NONE,Skatteskulder
7368,2527,NONE,Skatteskulder
7368,2528,NONE,Skatteskulder
7368,2529,NONE,Skatteskulder
7368,2530,NONE,Skatteskulder
7368,2531,NONE,Skatteskulder
7368,2532,NONE,Skatteskulder
7368,2533,NONE,Skatteskulder
7368,2534,NONE,Skatteskulder
7368,2535,NONE,Skatteskulder
7368,2536,NONE,Skatteskulder
7368,2537,NONE,Skatteskulder
7368,2538,NONE,Skatteskulder
7368,2539,NONE,Skatteskulder
7368,2540,NONE,Skatteskulder
7368,2541,NONE,Skatteskulder
7368,2542,NONE,Skatteskulder
7368,2543,NONE,Skatteskulder
7368,2544,NONE,Skatteskulder
7368,2545,NONE,Skatteskulder
7368,2546,NONE,Skatteskulder
7368,2547,NONE,Skatteskulder
7368,2548,NONE,Skatteskulder
7368,2549,NONE,Skatteskulder
7368,2550,NONE,Skatteskulder
7368,2551,NONE,Skatteskulder
7368,2552,NONE,Skatteskulder
7368,2553,NONE,Skatteskulder
7368,2554,NONE,Skatteskulder
7368,2555,NONE,Skatteskulder
7368,2556,NONE,Skatteskulder
7368,2557,NONE,Skatteskulder
7368,2558,NONE,Skatteskulder
7368,2559,NONE,Skatteskulder
7368,2560,NONE,Skatteskulder
7368,2561,NONE,Skatteskulder
7368,2562,NONE,Skatteskulder
7368,2563,NONE,Skatteskulder
7368,2564,NONE,Skatteskulder
7368,2565,NONE,Skatteskulder
7368,2566,NONE,Skatteskulder
7368,2567,NONE,Skatteskulder
7368,2568,NONE,Skatteskulder
7368,2569,NONE,Skatteskulder
7368,2570,NONE,Skatteskulder
7368,2571,NONE,Skatteskulder
7368,2572,NONE,Skatteskulder
7368,2573,NONE,Skatteskulder
7368,2574,NONE,Skatteskulder
7368,2575,NONE,Skatteskulder
7368,2576,NONE,Skatteskulder
7368,2577,NONE,Skatteskulder
7368,2578,NONE,Skatteskulder
7368,2579,NONE,Skatteskulder
7368,2580,NONE,Skatteskulder
7368,2581,NONE,Skatteskulder
7368,2582,NONE,Skatteskulder
7368,2583,NONE,Skatteskulder
7368,2584,NONE,Skatteskulder
7368,2585,NONE,Skatteskulder
7368,2586,NONE,Skatteskulder
7368,2587,NONE,Skatteskulder
7368,2588,NONE,Skatteskulder
7368,2589,NONE,Skatteskulder
7368,2590,NONE,Skatteskulder
7368,2591,NONE,Skatteskulder
7368,2592,NONE,Skatteskulder
7368,2593,NONE,Skatteskulder
7368,2594,NONE,Skatteskulder
7368,2595,NONE,Skatteskulder
7368,2596,NONE,Skatteskulder
7368,2597,NONE,Skatteskulder
7368,2598,NONE,Skatteskulder
7368,2599,NONE,Skatteskulder
7371,2600,NONE,Övriga skulder
7371,2601,NONE,Övriga skulder
7371,2602,NONE,Övriga skulder
7371,2603,NONE,Övriga skulder
7371,2604,NONE,Övriga skulder
7371,2605,NONE,Övriga skulder
7371,2606,NONE,Övriga skulder
7371,2607,NONE,Övriga skulder
7371,2608,NONE,Övriga skulder
7371,2609,NONE,Övriga skulder
7371,2610,NONE,Övriga skulder
7371,2611,NONE,Övriga skulder
7371,2612,NONE,Övriga skulder
7371,2613,NONE,Övriga skulder
7371,2614,NONE,Övriga skulder
7371,2615,NONE,Övriga skulder
7371,2616,NONE,Övriga skulder
7371,2617,NONE,Övriga skulder
7371,2618,NONE,Övriga skulder
7371,2619,NONE,Övriga skulder
7371,2620,NONE,Övriga skulder
7371,2621,NONE,Övriga skulder
7371,2622,NONE,Övriga skulder
7371,2623,NONE,Övriga skulder
7371,2624,NONE,Övriga skulder
7371,2625,NONE,Övriga skulder
7371,2626,NONE,Övriga skulder
7371,2627,NONE,Övriga skulder
7371,2628,NONE,Övriga skulder
7371,2629,NONE,Övriga skulder
7371,2630,NONE,Övriga skulder
7371,2631,NONE,Övriga skulder
7371,2632,NONE,Övriga skulder
7371,2633,NONE,Övriga skulder
7371,2634,NONE,Övriga skulder
7371,2635,NONE,Övriga skulder
7371,2636,NONE,Övriga skulder
7371,2637,NONE,Övriga skulder
7371,2638,NONE,Övriga skulder
7371,2639,NONE,Övriga skulder
7371,2640,NONE,Övriga skulder
7371,2641,NONE,Övriga skulder
7371,2642,NONE,Övriga skulder
7371,2643,NONE,Övriga skulder
7371,2644,NONE,Övriga skulder
7371,2645,NONE,Övriga skulder
7371,2646,NONE,Övriga skulder
7371,2647,NONE,Övriga skulder
7371,2648,NONE,Övriga skulder
7371,2649,NONE,Övriga skulder
7371,2650,NONE,Övriga skulder
7371,2651,NONE,Övriga skulder
7371,2652,NONE,Övriga skulder
7371,2653,NONE,Övriga skulder
7371,2654,NONE,Övriga skulder
7371,2655,NONE,Övriga skulder
7371,2656,NONE,Övriga skulder
7371,2657,NONE,Övriga skulder
7371,2658,NONE,Övriga skulder
7371,2659,NONE,Övriga skulder
7371,2660,NONE,Övriga skulder
7371,2661,NONE,Övriga skulder
7371,2662,NONE,Övriga skulder
7371,2663,NONE,Övriga skulder
7371,2664,NONE,Övriga skulder
7371,2665,NONE,Övriga skulder
7371,2666,NONE,Övriga skulder
7371,2667,NONE,Övriga skulder
7371,2668,NONE,Övriga skulder
7371,2669,NONE,Övriga skulder
7371,2670,NONE,Övriga skulder
7371,2671,NONE,Övriga skulder
7371,2672,NONE,Övriga skulder
7371,2673,NONE,Övriga skulder
7371,2674,NONE,Övriga skulder
7371,2675,NONE,Övriga skulder
7371,2676,NONE,Övriga skulder
7371,2677,NONE,Övriga skulder
7371,2678,NONE,Övriga skulder
7371,2679,NONE,Övriga skulder
7371,2680,NONE,Övriga skulder
7371,2681,NONE,Övriga skulder
7371,2682,NONE,Övriga skulder
7371,2683,NONE,Övriga skulder
7371,2684,NONE,Övriga skulder
7371,2685,NONE,Övriga skulder
7371,2686,NONE,Övriga skulder
7371,2687,NONE,Övriga skulder
7371,2688,NONE,Övriga skulder
7371,2689,NONE,Övriga skulder
7371,2690,NONE,Övriga skulder
7371,2691,NONE,Övriga skulder
7371,2692,NONE,Övriga skulder
7371,2693,NONE,Övriga skulder
7371,2694,NONE,Övriga skulder
7371,2695,NONE,Övriga skulder
7371,2696,NONE,Övriga skulder
7371,2697,NONE,Övriga skulder
7371,2698,NONE,Övriga skulder
7371,2699,NONE,Övriga skulder
7371,2700,NONE,Övriga skulder
7371,2701,NONE,Övriga skulder
7371,2702,NONE,Övriga skulder
7371,2703,NONE,Övriga skulder
7371,2704,NONE,Övriga skulder
7371,2705,NONE,Övriga skulder
7371,2706,NONE,Övriga skulder
7371,2707,NONE,Övriga skulder
7371,2708,NONE,Övriga skulder
7371,2709,NONE,Övriga skulder
7371,2710,NONE,Övriga skulder
7371,2711,NONE,Övriga skulder
7371,2712,NONE,Övriga skulder
7371,2713,NONE,Övriga skulder
7371,2714,NONE,Övriga skulder
7371,2715,NONE,Övriga skulder
7371,2716,NONE,Övriga skulder
7371,2717,NONE,Övriga skulder
7371,2718,NONE,Övriga skulder
7371,2719,NONE,Övriga skulder
7371,2720,NONE,Övriga skulder
7371,2721,NONE,Övriga skulder
7371,2722,NONE,Övriga skulder
7371,2723,NONE,Övriga skulder
7371,2724,NONE,Övriga skulder
7371,2725,NONE,Övriga skulder
7371,2726,NONE,Övriga skulder
7371,2727,NONE,Övriga skulder
7371,2728,NONE,Övriga skulder
7371,2729,NONE,Övriga skulder
7371,2730,NONE,Övriga skulder
7371,2731,NONE,Övriga skulder
7371,2732,NONE,Övriga skulder
7371,2733,NONE,Övriga skulder
7371,2734,NONE,Övriga skulder
7371,2735,NONE,Övriga skulder
7371,2736,NONE,Övriga skulder
7371,2737,NONE,Övriga skulder
7371,2738,NONE,Övriga skulder
7371,2739,NONE,Övriga skulder
7371,2740,NONE,Övriga skulder
7371,2741,NONE,Övriga skulder
7371,2742,NONE,Övriga skulder
7371,2743,NONE,Övriga skulder
7371,2744,NONE,Övriga skulder
7371,2745,NONE,Övriga skulder
7371,2746,NONE,Övriga skulder
7371,2747,NONE,Övriga skulder
7371,2748,NONE,Övriga skulder
7371,2749,NONE,Övriga skulder
7371,2750,NONE,Övriga skulder
7371,2751,NONE,Övriga skulder
7371,2752,NONE,Övriga skulder
7371,2753,NONE,Övriga skulder
7371,2754,NONE,Övriga skulder
7371,2755,NONE,Övriga skulder
7371,2756,NONE,Övriga skulder
7371,2757,NONE,Övriga skulder
7371,2758,NONE,Övriga skulder
7371,2759,NONE,Övriga skulder
7371,2760,NONE,Övriga skulder
7371,2761,NONE,Övriga skulder
7371,2762,NONE,Övriga skulder
7371,2763,NONE,Övriga skulder
7371,2764,NONE,Övriga skulder
7371,2765,NONE,Övriga skulder
7371,2766,NONE,Övriga skulder
7371,2767,NONE,Övriga skulder
7371,2768,NONE,Övriga skulder
7371,2769,NONE,Övriga skulder
7371,2770,NONE,Övriga skulder
7371,2771,NONE,Övriga skulder
7371,2772,NONE,Övriga skulder
7371,2773,NONE,Övriga skulder
7371,2774,NONE,Övriga skulder
7371,2775,NONE,Övriga skulder
7371,2776,NONE,Övriga skulder
7371,2777,NONE,Övriga skulder
7371,2778,NONE,Övriga skulder
7371,2779,NONE,Övriga skulder
7371,2780,NONE,Övriga skulder
7371,2781,NONE,Övriga skulder
7371,2782,NONE,Övriga skulder
7371,2783,NONE,Övriga skulder
7371,2784,NONE,Övriga skulder
7371,2785,NONE,Övriga skulder
7371,2786,NONE,Övriga skulder
7371,2787,NONE,Övriga skulder
7371,2788,NONE,Övriga skulder
7371,2789,NONE,Övriga skulder
7371,2790,NONE,Övriga skulder
7371,2791,NONE,Övriga skulder
7371,2792,NONE,Övriga skulder
7371,2793,NONE,Övriga skulder
7371,2794,NONE,Övriga skulder
7371,2795,NONE,Övriga skulder
7371,2796,NONE,Övriga skulder
7371,2797,NONE,Övriga skulder
7371,2798,NONE,Övriga skulder
7371,2799,NONE,Övriga skulder
7371,2800,NONE,Övriga skulder
7371,2801,NONE,Övriga skulder
7371,2802,NONE,Övriga skulder
7371,2803,NONE,Övriga skulder
7371,2804,NONE,Övriga skulder
7371,2805,NONE,Övriga skulder
7371,2806,NONE,Övriga skulder
7371,2807,NONE,Övriga skulder
7371,2808,NONE,Övriga skulder
7371,2809,NONE,Övriga skulder
7371,2810,NONE,Övriga skulder
7371,2811,NONE,Övriga skulder
7371,2812,NONE,Övriga skulder
7371,2813,NONE,Övriga skulder
7371,2814,NONE,Övriga skulder
7371,2815,NONE,Övriga skulder
7371,2816,NONE,Övriga skulder
7371,2817,NONE,Övriga skulder
7371,2818,NONE,Övriga skulder
7371,2819,NONE,Övriga skulder
7371,2820,NONE,Övriga skulder
7371,2821,NONE,Övriga skulder
7371,2822,NONE,Övriga skulder
7371,2823,NONE,Övriga skulder
7371,2824,NONE,Övriga skulder
7371,2825,NONE,Övriga skulder
7371,2826,NONE,Övriga skulder
7371,2827,NONE,Övriga skulder
7371,2828,NONE,Övriga skulder
7371,2829,NONE,Övriga skulder
7371,2830,NONE,Övriga skulder
7371,2831,NONE,Övriga skulder
7371,2832,NONE,Övriga skulder
7371,2833,NONE,Övriga skulder
7371,2834,NONE,Övriga skulder
7371,2835,NONE,Övriga skulder
7371,2836,NONE,Övriga skulder
7371,2837,NONE,Övriga skulder
7371,2838,NONE,Övriga skulder
7371,2839,NONE,Övriga skulder
7371,2840,NONE,Övriga skulder
7371,2841,NONE,Övriga skulder
7371,2842,NONE,Övriga skulder
7371,2843,NONE,Övriga skulder
7371,2844,NONE,Övriga skulder
7371,2845,NONE,Övriga skulder
7371,2846,NONE,Övriga skulder
7371,2847,NONE,Övriga skulder
7371,2848,NONE,Övriga skulder
7371,2849,NONE,Övriga skulder
7371,2850,NONE,Övriga skulder
7371,2851,NONE,Övriga skulder
7371,2852,NONE,Övriga skulder
7371,2853,NONE,Övriga skulder
7371,2854,NONE,Övriga skulder
7371,2855,NONE,Övriga skulder
7371,2856,NONE,Övriga skulder
7371,2857,NONE,Övriga skulder
7371,2858,NONE,Övriga skulder
7371,2859,NONE,Övriga skulder
7371,2860,NONE,Övriga skulder
7371,2861,NONE,Övriga skulder
7371,2862,NONE,Övriga skulder
7371,2863,NONE,Övriga skulder
7371,2864,NONE,Övriga skulder
7371,2865,NONE,Övriga skulder
7371,2866,NONE,Övriga skulder
7371,2867,NONE,Övriga skulder
7371,2868,NONE,Övriga skulder
7371,2869,NONE,Övriga skulder
7371,2870,NONE,Övriga skulder
7371,2871,NONE,Övriga skulder
7371,2872,NONE,Övriga skulder
7371,2873,NONE,Övriga skulder
7371,2874,NONE,Övriga skulder
7371,2875,NONE,Övriga skulder
7371,2876,NONE,Övriga skulder
7371,2877,NONE,Övriga skulder
7371,2878,NONE,Övriga skulder
7371,2879,NONE,Övriga skulder
7371,2880,NONE,Övriga skulder
7371,2881,NONE,Övriga skulder
7371,2882,NONE,Övriga skulder
7371,2883,NONE,Övriga skulder
7371,2884,NONE,Övriga skulder
7371,2885,NONE,Övriga skulder
7371,2886,NONE,Övriga skulder
7371,2887,NONE,Övriga skulder
7371,2888,NONE,Övriga skulder
7371,2889,NONE,Övriga skulder
7371,2890,NONE,Övriga skulder
7371,2891,NONE,Övriga skulder
7371,2892,NONE,Övriga skulder
7371,2893,NONE,Övriga skulder
7371,2894,NONE,Övriga skulder
7371,2895,NONE,Övriga skulder
7371,2896,NONE,Övriga skulder
7371,2897,NONE,Övriga skulder
7371,2898,NONE,Övriga skulder
7371,2899,NONE,Övriga skulder
7370,2900,NONE,Upplupna kostnader och förutbetalda intäkter
7370,2901,NONE,Upplupna kostnader och förutbetalda intäkter
7370,2902,NONE,Upplupna kostnader och förutbetalda intäkter
7370,2903,NONE,Upplupna kostnader och förutbetalda intäkter
7370,2904,NONE,Upplupna kostnader och förutbetalda intäkter
7370,2905,NONE,Upplupna kostnader och förutbetalda intäkter
7370,2906,NONE,Upplupna kostnader och förutbetalda intäkter
7370,2907,NONE,Upplupna kostnader och förutbetalda intäkter
7370,2908,NONE,Upplupna kostnader och förutbetalda intäkter
7370,2909,NONE,Upplupna kostnader och förutbetalda intäkter
7370,2910,NONE,Upplupna kostnader och förutbetalda intäkter
7370,2911,NONE,Upplupna kostnader och förutbetalda intäkter
7370,2912,NONE,Upplupna kostnader och förutbetalda intäkter
7370,2913,NONE,Upplupna kostnader och förutbetalda intäkter
7370,2914,NONE,Upplupna kostnader och förutbetalda intäkter
7370,2915,NONE,Upplupna kostnader och förutbetalda intäkter
7370,2916,NONE,Upplupna kostnader och förutbetalda intäkter
7370,2917,NONE,Upplupna kostnader och förutbetalda intäkter
7370,2918,NONE,Upplupna kostnader och förutbetalda intäkter
7370,2919,NONE,Upplupna kostnader och förutbetalda intäkter
7370,2920,NONE,Upplupna kostnader och förutbetalda intäkter
7370,2921,NONE,Upplupna kostnader och förutbetalda intäkter
7370,2922,NONE,Upplupna kostnader och förutbetalda intäkter
7370,2923,NONE,Upplupna kostnader och förutbetalda intäkter
7370,2924,NONE,Upplupna kostnader och förutbetalda intäkter
7370,2925,NONE,Upplupna kostnader och förutbetalda intäkter
7370,2926,NONE,Upplupna kostnader och förutbetalda intäkter
7370,2927,NONE,Upplupna kostnader och förutbetalda intäkter
7370,2928,NONE,Upplupna kostnader och förutbetalda intäkter
7370,2929,NONE,Upplupna kostnader och förutbetalda intäkter
7370,2930,NONE,Upplupna kostnader och förutbetalda intäkter
7370,2931,NONE,Upplupna kostnader och förutbetalda intäkter
7370,2932,NONE,Upplupna kostnader och förutbetalda intäkter
7370,2933,NONE,Upplupna kostnader och förutbetalda intäkter
7370,2934,NONE,Upplupna kostnader och förutbetalda intäkter
7370,2935,NONE,Upplupna kostnader och förutbetalda intäkter
7370,2936,NONE,Upplupna kostnader och förutbetalda intäkter
7370,2937,NONE,Upplupna kostnader och förutbetalda intäkter
7370,2938,NONE,Upplupna kostnader och förutbetalda intäkter
7370,2939,NONE,Upplupna kostnader och förutbetalda intäkter
7370,2940,NONE,Upplupna kostnader och förutbetalda intäkter
7370,2941,NONE,Upplupna kostnader och förutbetalda intäkter
7370,2942,NONE,Upplupna kostnader och förutbetalda intäkter
7370,2943,NONE,Upplupna kostnader och förutbetalda intäkter
7370,2944,NONE,Upplupna kostnader och förutbetalda intäkter
7370,2945,NONE,Upplupna kostnader och förutbetalda intäkter
7370,2946,NONE,Upplupna kostnader och förutbetalda intäkter
7370,2947,NONE,Upplupna kostnader och förutbetalda intäkter
7370,2948,NONE,Upplupna kostnader och förutbetalda intäkter
7370,2949,NONE,Upplupna kostnader och förutbetalda intäkter
7370,2950,NONE,Upplupna kostnader och förutbetalda intäkter
7370,2951,NONE,Upplupna kostnader och förutbetalda intäkter
7370,2952,NONE,Upplupna kostnader och förutbetalda intäkter
7370,2953,NONE,Upplupna kostnader och förutbetalda intäkter
7370,2954,NONE,Upplupna kostnader och förutbetalda intäkter
7370,2955,NONE,Upplupna kostnader och förutbetalda intäkter
7370,2956,NONE,Upplupna kostnader och förutbetalda intäkter
7370,2957,NONE,Upplupna kostnader och förutbetalda intäkter
7370,2958,NONE,Upplupna kostnader och förutbetalda intäkter
7370,2959,NONE,Upplupna kostnader och förutbetalda intäkter
7370,2960,NONE,Upplupna kostnader och förutbetalda intäkter
7370,2961,NONE,Upplupna kostnader och förutbetalda intäkter
7370,2962,NONE,Upplupna kostnader och förutbetalda intäkter
7370,2963,NONE,Upplupna kostnader och förutbetalda intäkter
7370,2964,NONE,Upplupna kostnader och förutbetalda intäkter
7370,2965,NONE,Upplupna kostnader och förutbetalda intäkter
7370,2966,NONE,Upplupna kostnader och förutbetalda intäkter
7370,2967,NONE,Upplupna kostnader och förutbetalda intäkter
7370,2968,NONE,Upplupna kostnader och förutbetalda intäkter
7370,2969,NONE,Upplupna kostnader och förutbetalda intäkter
7370,2970,NONE,Upplupna kostnader och förutbetalda intäkter
7370,2971,NONE,Upplupna kostnader och förutbetalda intäkter
7370,2972,NONE,Upplupna kostnader och förutbetalda intäkter
7370,2973,NONE,Upplupna kostnader och förutbetalda intäkter
7370,2974,NONE,Upplupna kostnader och förutbetalda intäkter
7370,2975,NONE,Upplupna kostnader och förutbetalda intäkter
7370,2976,NONE,Upplupna kostnader och förutbetalda intäkter
7370,2977,NONE,Upplupna kostnader och förutbetalda intäkter
7370,2978,NONE,Upplupna kostnader och förutbetalda intäkter
7370,2979,NONE,Upplupna kostnader och förutbetalda intäkter
7370,2980,NONE,Upplupna kostnader och förutbetalda intäkter
7370,2981,NONE,Upplupna kostnader och förutbetalda intäkter
7370,2982,NONE,Upplupna kostnader och förutbetalda intäkter
7370,2983,NONE,Upplupna kostnader och förutbetalda intäkter
7370,2984,NONE,Upplupna kostnader och förutbetalda intäkter
7370,2985,NONE,Upplupna kostnader och förutbetalda intäkter
7370,2986,NONE,Upplupna kostnader och förutbetalda intäkter
7370,2987,NONE,Upplupna kostnader och förutbetalda intäkter
7370,2988,NONE,Upplupna kostnader och förutbetalda intäkter
7370,2989,NONE,Upplupna kostnader och förutbetalda intäkter
7370,2990,NONE,Upplupna kostnader och förutbetalda intäkter
7370,2991,NONE,Upplupna kostnader och förutbetalda intäkter
7370,2992,NONE,Upplupna kostnader och förutbetalda intäkter
7370,2993,NONE,Upplupna kostnader och förutbetalda intäkter
7370,2994,NONE,Upplupna kostnader och förutbetalda intäkter
7370,2995,NONE,Upplupna kostnader och förutbetalda intäkter
7370,2996,NONE,Upplupna kostnader och förutbetalda intäkter
7370,2997,NONE,Upplupna kostnader och förutbetalda intäkter
7370,2998,NONE,Upplupna kostnader och förutbetalda intäkter
7370,2999,NONE,Upplupna kostnader och förutbetalda intäkter
7410,3000,NONE,Nettoomsättning
7410,3001,NONE,Nettoomsättning
7410,3002,NONE,Nettoomsättning
7410,3003,NONE,Nettoomsättning
7410,3004,NONE,Nettoomsättning
7410,3005,NONE,Nettoomsättning
7410,3006,NONE,Nettoomsättning
7410,3007,NONE,Nettoomsättning
7410,3008,NONE,Nettoomsättning
7410,3009,NONE,Nettoomsättning
7410,3010,NONE,Nettoomsättning
7410,3011,NONE,Nettoomsättning
7410,3012,NONE,Nettoomsättning
7410,3013,NONE,Nettoomsättning
7410,3014,NONE,Nettoomsättning
7410,3015,NONE,Nettoomsättning
7410,3016,NONE,Nettoomsättning
7410,3017,NONE,Nettoomsättning
7410,3018,NONE,Nettoomsättning
7410,3019,NONE,Nettoomsättning
7410,3020,NONE,Nettoomsättning
7410,3021,NONE,Nettoomsättning
7410,3022,NONE,Nettoomsättning
7410,3023,NONE,Nettoomsättning
7410,3024,NONE,Nettoomsättning
7410,3025,NONE,Nettoomsättning
7410,3026,NONE,Nettoomsättning
7410,3027,NONE,Nettoomsättning
7410,3028,NONE,Nettoomsättning
7410,3029,NONE,Nettoomsättning
7410,3030,NONE,Nettoomsättning
7410,3031,NONE,Nettoomsättning
7410,3032,NONE,Nettoomsättning
7410,3033,NONE,Nettoomsättning
7410,3034,NONE,Nettoomsättning
7410,3035,NONE,Nettoomsättning
7410,3036,NONE,Nettoomsättning
7410,3037,NONE,Nettoomsättning
7410,3038,NONE,Nettoomsättning
7410,3039,NONE,Nettoomsättning
7410,3040,NONE,Nettoomsättning
7410,3041,NONE,Nettoomsättning
7410,3042,NONE,Nettoomsättning
7410,3043,NONE,Nettoomsättning
7410,3044,NONE,Nettoomsättning
7410,3045,NONE,Nettoomsättning
7410,3046,NONE,Nettoomsättning
7410,3047,NONE,Nettoomsättning
7410,3048,NONE,Nettoomsättning
7410,3049,NONE,Nettoomsättning
7410,3050,NONE,Nettoomsättning
7410,3051,NONE,Nettoomsättning
7410,3052,NONE,Nettoomsättning
7410,3053,NONE,Nettoomsättning
7410,3054,NONE,Nettoomsättning
7410,3055,NONE,Nettoomsättning
7410,3056,NONE,Nettoomsättning
7410,3057,NONE,Nettoomsättning
7410,3058,NONE,Nettoomsättning
7410,3059,NONE,Nettoomsättning
7410,3060,NONE,Nettoomsättning
7410,3061,NONE,Nettoomsättning
7410,3062,NONE,Nettoomsättning
7410,3063,NONE,Nettoomsättning
7410,3064,NONE,Nettoomsättning
7410,3065,NONE,Nettoomsättning
7410,3066,NONE,Nettoomsättning
7410,3067,NONE,Nettoomsättning
7410,3068,NONE,Nettoomsättning
7410,3069,NONE,Nettoomsättning
7410,3070,NONE,Nettoomsättning
7410,3071,NONE,Nettoomsättning
7410,3072,NONE,Nettoomsättning
7410,3073,NONE,Nettoomsättning
7410,3074,NONE,Nettoomsättning
7410,3075,NONE,Nettoomsättning
7410,3076,NONE,Nettoomsättning
7410,3077,NONE,Nettoomsättning
7410,3078,NONE,Nettoomsättning
7410,3079,NONE,Nettoomsättning
7410,3080,NONE,Nettoomsättning
7410,3081,NONE,Nettoomsättning
7410,3082,NONE,Nettoomsättning
7410,3083,NONE,Nettoomsättning
7410,3084,NONE,Nettoomsättning
7410,3085,NONE,Nettoomsättning
7410,3086,NONE,Nettoomsättning
7410,3087,NONE,Nettoomsättning
7410,3088,NONE,Nettoomsättning
7410,3089,NONE,Nettoomsättning
7410,3090,NONE,Nettoomsättning
7410,3091,NONE,Nettoomsättning
7410,3092,NONE,Nettoomsättning
7410,3093,NONE,Nettoomsättning
7410,3094,NONE,Nettoomsättning
7410,3095,NONE,Nettoomsättning
7410,3096,NONE,Nettoomsättning
7410,3097,NONE,Nettoomsättning
7410,3098,NONE,Nettoomsättning
7410,3099,NONE,Nettoomsättning
7410,3100,NONE,Nettoomsättning
7410,3101,NONE,Nettoomsättning
7410,3102,NONE,Nettoomsättning
7410,3103,NONE,Nettoomsättning
7410,3104,NONE,Nettoomsättning
7410,3105,NONE,Nettoomsättning
7410,3106,NONE,Nettoomsättning
7410,3107,NONE,Nettoomsättning
7410,3108,NONE,Nettoomsättning
7410,3109,NONE,Nettoomsättning
7410,3110,NONE,Nettoomsättning
7410,3111,NONE,Nettoomsättning
7410,3112,NONE,Nettoomsättning
7410,3113,NONE,Nettoomsättning
7410,3114,NONE,Nettoomsättning
7410,3115,NONE,Nettoomsättning
7410,3116,NONE,Nettoomsättning
7410,3117,NONE,Nettoomsättning
7410,3118,NONE,Nettoomsättning
7410,3119,NONE,Nettoomsättning
7410,3120,NONE,Nettoomsättning
7410,3121,NONE,Nettoomsättning
7410,3122,NONE,Nettoomsättning
7410,3123,NONE,Nettoomsättning
7410,3124,NONE,Nettoomsättning
7410,3125,NONE,Nettoomsättning
7410,3126,NONE,Nettoomsättning
7410,3127,NONE,Nettoomsättning
7410,3128,NONE,Nettoomsättning
7410,3129,NONE,Nettoomsättning
7410,3130,NONE,Nettoomsättning
7410,3131,NONE,Nettoomsättning
7410,3132,NONE,Nettoomsättning
7410,3133,NONE,Nettoomsättning
7410,3134,NONE,Nettoomsättning
7410,3135,NONE,Nettoomsättning
7410,3136,NONE,Nettoomsättning
7410,3137,NONE,Nettoomsättning
7410,3138,NONE,Nettoomsättning
7410,3139,NONE,Nettoomsättning
7410,3140,NONE,Nettoomsättning
7410,3141,NONE,Nettoomsättning
7410,3142,NONE,Nettoomsättning
7410,3143,NONE,Nettoomsättning
7410,3144,NONE,Nettoomsättning
7410,3145,NONE,Nettoomsättning
7410,3146,NONE,Nettoomsättning
7410,3147,NONE,Nettoomsättning
7410,3148,NONE,Nettoomsättning
7410,3149,NONE,Nettoomsättning
7410,3150,NONE,Nettoomsättning
7410,3151,NONE,Nettoomsättning
7410,3152,NONE,Nettoomsättning
7410,3153,NONE,Nettoomsättning
7410,3154,NONE,Nettoomsättning
7410,3155,NONE,Nettoomsättning
7410,3156,NONE,Nettoomsättning
7410,3157,NONE,Nettoomsättning
7410,3158,NONE,Nettoomsättning
7410,3159,NONE,Nettoomsättning
7410,3160,NONE,Nettoomsättning
7410,3161,NONE,Nettoomsättning
7410,3162,NONE,Nettoomsättning
7410,3163,NONE,Nettoomsättning
7410,3164,NONE,Nettoomsättning
7410,3165,NONE,Nettoomsättning
7410,3166,NONE,Nettoomsättning
7410,3167,NONE,Nettoomsättning
7410,3168,NONE,Nettoomsättning
7410,3169,NONE,Nettoomsättning
7410,3170,NONE,Nettoomsättning
7410,3171,NONE,Nettoomsättning
7410,3172,NONE,Nettoomsättning
7410,3173,NONE,Nettoomsättning
7410,3174,NONE,Nettoomsättning
7410,3175,NONE,Nettoomsättning
7410,3176,NONE,Nettoomsättning
7410,3177,NONE,Nettoomsättning
7410,3178,NONE,Nettoomsättning
7410,3179,NONE,Nettoomsättning
7410,3180,NONE,Nettoomsättning
7410,3181,NONE,Nettoomsättning
7410,3182,NONE,Nettoomsättning
7410,3183,NONE,Nettoomsättning
7410,3184,NONE,Nettoomsättning
7410,3185,NONE,Nettoomsättning
7410,3186,NONE,Nettoomsättning
7410,3187,NONE,Nettoomsättning
7410,3188,NONE,Nettoomsättning
7410,3189,NONE,Nettoomsättning
7410,3190,NONE,Nettoomsättning
7410,3191,NONE,Nettoomsättning
7410,3192,NONE,Nettoomsättning
7410,3193,NONE,Nettoomsättning
7410,3194,NONE,Nettoomsättning
7410,3195,NONE,Nettoomsättning
7410,3196,NONE,Nettoomsättning
7410,3197,NONE,Nettoomsättning
7410,3198,NONE,Nettoomsättning
7410,3199,NONE,Nettoomsättning
7410,3200,NONE,Nettoomsättning
7410,3201,NONE,Nettoomsättning
7410,3202,NONE,Nettoomsättning
7410,3203,NONE,Nettoomsättning
7410,3204,NONE,Nettoomsättning
7410,3205,NONE,Nettoomsättning
7410,3206,NONE,Nettoomsättning
7410,3207,NONE,Nettoomsättning
7410,3208,NONE,Nettoomsättning
7410,3209,NONE,Nettoomsättning
7410,3210,NONE,Nettoomsättning
7410,3211,NONE,Nettoomsättning
7410,3212,NONE,Nettoomsättning
7410,3213,NONE,Nettoomsättning
7410,3214,NONE,Nettoomsättning
7410,3215,NONE,Nettoomsättning
7410,3216,NONE,Nettoomsättning
7410,3217,NONE,Nettoomsättning
7410,3218,NONE,Nettoomsättning
7410,3219,NONE,Nettoomsättning
7410,3220,NONE,Nettoomsättning
7410,3221,NONE,Nettoomsättning
7410,3222,NONE,Nettoomsättning
7410,3223,NONE,Nettoomsättning
7410,3224,NONE,Nettoomsättning
7410,3225,NONE,Nettoomsättning
7410,3226,NONE,Nettoomsättning
7410,3227,NONE,Nettoomsättning
7410,3228,NONE,Nettoomsättning
7410,3229,NONE,Nettoomsättning
7410,3230,NONE,Nettoomsättning
7410,3231,NONE,Nettoomsättning
7410,3232,NONE,Nettoomsättning
7410,3233,NONE,Nettoomsättning
7410,3234,NONE,Nettoomsättning
7410,3235,NONE,Nettoomsättning
7410,3236,NONE,Nettoomsättning
7410,3237,NONE,Nettoomsättning
7410,3238,NONE,Nettoomsättning
7410,3239,NONE,Nettoomsättning
7410,3240,NONE,Nettoomsättning
7410,3241,NONE,Nettoomsättning
7410,3242,NONE,Nettoomsättning
7410,3243,NONE,Nettoomsättning
7410,3244,NONE,Nettoomsättning
7410,3245,NONE,Nettoomsättning
7410,3246,NONE,Nettoomsättning
7410,3247,NONE,Nettoomsättning
7410,3248,NONE,Nettoomsättning
7410,3249,NONE,Nettoomsättning
7410,3250,NONE,Nettoomsättning
7410,3251,NONE,Nettoomsättning
7410,3252,NONE,Nettoomsättning
7410,3253,NONE,Nettoomsättning
7410,3254,NONE,Nettoomsättning
7410,3255,NONE,Nettoomsättning
7410,3256,NONE,Nettoomsättning
7410,3257,NONE,Nettoomsättning
7410,3258,NONE,Nettoomsättning
7410,3259,NONE,Nettoomsättning
7410,3260,NONE,Nettoomsättning
7410,3261,NONE,Nettoomsättning
7410,3262,NONE,Nettoomsättning
7410,3263,NONE,Nettoomsättning
7410,3264,NONE,Nettoomsättning
7410,3265,NONE,Nettoomsättning
7410,3266,NONE,Nettoomsättning
7410,3267,NONE,Nettoomsättning
7410,3268,NONE,Nettoomsättning
7410,3269,NONE,Nettoomsättning
7410,3270,NONE,Nettoomsättning
7410,3271,NONE,Nettoomsättning
7410,3272,NONE,Nettoomsättning
7410,3273,NONE,Nettoomsättning
7410,3274,NONE,Nettoomsättning
7410,3275,NONE,Nettoomsättning
7410,3276,NONE,Nettoomsättning
7410,3277,NONE,Nettoomsättning
7410,3278,NONE,Nettoomsättning
7410,3279,NONE,Nettoomsättning
7410,3280,NONE,Nettoomsättning
7410,3281,NONE,Nettoomsättning
7410,3282,NONE,Nettoomsättning
7410,3283,NONE,Nettoomsättning
7410,3284,NONE,Nettoomsättning
7410,3285,NONE,Nettoomsättning
7410,3286,NONE,Nettoomsättning
7410,3287,NONE,Nettoomsättning
7410,3288,NONE,Nettoomsättning
7410,3289,NONE,Nettoomsättning
7410,3290,NONE,Nettoomsättning
7410,3291,NONE,Nettoomsättning
7410,3292,NONE,Nettoomsättning
7410,3293,NONE,Nettoomsättning
7410,3294,NONE,Nettoomsättning
7410,3295,NONE,Nettoomsättning
7410,3296,NONE,Nettoomsättning
7410,3297,NONE,Nettoomsättning
7410,3298,NONE,Nettoomsättning
7410,3299,NONE,Nettoomsättning
7410,3300,NONE,Nettoomsättning
7410,3301,NONE,Nettoomsättning
7410,3302,NONE,Nettoomsättning
7410,3303,NONE,Nettoomsättning
7410,3304,NONE,Nettoomsättning
7410,3305,NONE,Nettoomsättning
7410,3306,NONE,Nettoomsättning
7410,3307,NONE,Nettoomsättning
7410,3308,NONE,Nettoomsättning
7410,3309,NONE,Nettoomsättning
7410,3310,NONE,Nettoomsättning
7410,3311,NONE,Nettoomsättning
7410,3312,NONE,Nettoomsättning
7410,3313,NONE,Nettoomsättning
7410,3314,NONE,Nettoomsättning
7410,3315,NONE,Nettoomsättning
7410,3316,NONE,Nettoomsättning
7410,3317,NONE,Nettoomsättning
7410,3318,NONE,Nettoomsättning
7410,3319,NONE,Nettoomsättning
7410,3320,NONE,Nettoomsättning
7410,3321,NONE,Nettoomsättning
7410,3322,NONE,Nettoomsättning
7410,3323,NONE,Nettoomsättning
7410,3324,NONE,Nettoomsättning
7410,3325,NONE,Nettoomsättning
7410,3326,NONE,Nettoomsättning
7410,3327,NONE,Nettoomsättning
7410,3328,NONE,Nettoomsättning
7410,3329,NONE,Nettoomsättning
7410,3330,NONE,Nettoomsättning
7410,3331,NONE,Nettoomsättning
7410,3332,NONE,Nettoomsättning
7410,3333,NONE,Nettoomsättning
7410,3334,NONE,Nettoomsättning
7410,3335,NONE,Nettoomsättning
7410,3336,NONE,Nettoomsättning
7410,3337,NONE,Nettoomsättning
7410,3338,NONE,Nettoomsättning
7410,3339,NONE,Nettoomsättning
7410,3340,NONE,Nettoomsättning
7410,3341,NONE,Nettoomsättning
7410,3342,NONE,Nettoomsättning
7410,3343,NONE,Nettoomsättning
7410,3344,NONE,Nettoomsättning
7410,3345,NONE,Nettoomsättning
7410,3346,NONE,Nettoomsättning
7410,3347,NONE,Nettoomsättning
7410,3348,NONE,Nettoomsättning
7410,3349,NONE,Nettoomsättning
7410,3350,NONE,Nettoomsättning
7410,3351,NONE,Nettoomsättning
7410,3352,NONE,Nettoomsättning
7410,3353,NONE,Nettoomsättning
7410,3354,NONE,Nettoomsättning
7410,3355,NONE,Nettoomsättning
7410,3356,NONE,Nettoomsättning
7410,3357,NONE,Nettoomsättning
7410,3358,NONE,Nettoomsättning
7410,3359,NONE,Nettoomsättning
7410,3360,NONE,Nettoomsättning
7410,3361,NONE,Nettoomsättning
7410,3362,NONE,Nettoomsättning
7410,3363,NONE,Nettoomsättning
7410,3364,NONE,Nettoomsättning
7410,3365,NONE,Nettoomsättning
7410,3366,NONE,Nettoomsättning
7410,3367,NONE,Nettoomsättning
7410,3368,NONE,Nettoomsättning
7410,3369,NONE,Nettoomsättning
7410,3370,NONE,Nettoomsättning
7410,3371,NONE,Nettoomsättning
7410,3372,NONE,Nettoomsättning
7410,3373,NONE,Nettoomsättning
7410,3374,NONE,Nettoomsättning
7410,3375,NONE,Nettoomsättning
7410,3376,NONE,Nettoomsättning
7410,3377,NONE,Nettoomsättning
7410,3378,NONE,Nettoomsättning
7410,3379,NONE,Nettoomsättning
7410,3380,NONE,Nettoomsättning
7410,3381,NONE,Nettoomsättning
7410,3382,NONE,Nettoomsättning
7410,3383,NONE,Nettoomsättning
7410,3384,NONE,Nettoomsättning
7410,3385,NONE,Nettoomsättning
7410,3386,NONE,Nettoomsättning
7410,3387,NONE,Nettoomsättning
7410,3388,NONE,Nettoomsättning
7410,3389,NONE,Nettoomsättning
7410,3390,NONE,Nettoomsättning
7410,3391,NONE,Nettoomsättning
7410,3392,NONE,Nettoomsättning
7410,3393,NONE,Nettoomsättning
7410,3394,NONE,Nettoomsättning
7410,3395,NONE,Nettoomsättning
7410,3396,NONE,Nettoomsättning
7410,3397,NONE,Nettoomsättning
7410,3398,NONE,Nettoomsättning
7410,3399,NONE,Nettoomsättning
7410,3400,NONE,Nettoomsättning
7410,3401,NONE,Nettoomsättning
7410,3402,NONE,Nettoomsättning
7410,3403,NONE,Nettoomsättning
7410,3404,NONE,Nettoomsättning
7410,3405,NONE,Nettoomsättning
7410,3406,NONE,Nettoomsättning
7410,3407,NONE,Nettoomsättning
7410,3408,NONE,Nettoomsättning
7410,3409,NONE,Nettoomsättning
7410,3410,NONE,Nettoomsättning
7410,3411,NONE,Nettoomsättning
7410,3412,NONE,Nettoomsättning
7410,3413,NONE,Nettoomsättning
7410,3414,NONE,Nettoomsättning
7410,3415,NONE,Nettoomsättning
7410,3416,NONE,Nettoomsättning
7410,3417,NONE,Nettoomsättning
7410,3418,NONE,Nettoomsättning
7410,3419,NONE,Nettoomsättning
7410,3420,NONE,Nettoomsättning
7410,3421,NONE,Nettoomsättning
7410,3422,NONE,Nettoomsättning
7410,3423,NONE,Nettoomsättning
7410,3424,NONE,Nettoomsättning
7410,3425,NONE,Nettoomsättning
7410,3426,NONE,Nettoomsättning
7410,3427,NONE,Nettoomsättning
7410,3428,NONE,Nettoomsättning
7410,3429,NONE,Nettoomsättning
7410,3430,NONE,Nettoomsättning
7410,3431,NONE,Nettoomsättning
7410,3432,NONE,Nettoomsättning
7410,3433,NONE,Nettoomsättning
7410,3434,NONE,Nettoomsättning
7410,3435,NONE,Nettoomsättning
7410,3436,NONE,Nettoomsättning
7410,3437,NONE,Nettoomsättning
7410,3438,NONE,Nettoomsättning
7410,3439,NONE,Nettoomsättning
7410,3440,NONE,Nettoomsättning
7410,3441,NONE,Nettoomsättning
7410,3442,NONE,Nettoomsättning
7410,3443,NONE,Nettoomsättning
7410,3444,NONE,Nettoomsättning
7410,3445,NONE,Nettoomsättning
7410,3446,NONE,Nettoomsättning
7410,3447,NONE,Nettoomsättning
7410,3448,NONE,Nettoomsättning
7410,3449,NONE,Nettoomsättning
7410,3450,NONE,Nettoomsättning
7410,3451,NONE,Nettoomsättning
7410,3452,NONE,Nettoomsättning
7410,3453,NONE,Nettoomsättning
7410,3454,NONE,Nettoomsättning
7410,3455,NONE,Nettoomsättning
7410,3456,NONE,Nettoomsättning
7410,3457,NONE,Nettoomsättning
7410,3458,NONE,Nettoomsättning
7410,3459,NONE,Nettoomsättning
7410,3460,NONE,Nettoomsättning
7410,3461,NONE,Nettoomsättning
7410,3462,NONE,Nettoomsättning
7410,3463,NONE,Nettoomsättning
7410,3464,NONE,Nettoomsättning
7410,3465,NONE,Nettoomsättning
7410,3466,NONE,Nettoomsättning
7410,3467,NONE,Nettoomsättning
7410,3468,NONE,Nettoomsättning
7410,3469,NONE,Nettoomsättning
7410,3470,NONE,Nettoomsättning
7410,3471,NONE,Nettoomsättning
7410,3472,NONE,Nettoomsättning
7410,3473,NONE,Nettoomsättning
7410,3474,NONE,Nettoomsättning
7410,3475,NONE,Nettoomsättning
7410,3476,NONE,Nettoomsättning
7410,3477,NONE,Nettoomsättning
7410,3478,NONE,Nettoomsättning
7410,3479,NONE,Nettoomsättning
7410,3480,NONE,Nettoomsättning
7410,3481,NONE,Nettoomsättning
7410,3482,NONE,Nettoomsättning
7410,3483,NONE,Nettoomsättning
7410,3484,NONE,Nettoomsättning
7410,3485,NONE,Nettoomsättning
7410,3486,NONE,Nettoomsättning
7410,3487,NONE,Nettoomsättning
7410,3488,NONE,Nettoomsättning
7410,3489,NONE,Nettoomsättning
7410,3490,NONE,Nettoomsättning
7410,3491,NONE,Nettoomsättning
7410,3492,NONE,Nettoomsättning
7410,3493,NONE,Nettoomsättning
7410,3494,NONE,Nettoomsättning
7410,3495,NONE,Nettoomsättning
7410,3496,NONE,Nettoomsättning
7410,3497,NONE,Nettoomsättning
7410,3498,NONE,Nettoomsättning
7410,3499,NONE,Nettoomsättning
7410,3500,NONE,Nettoomsättning
7410,3501,NONE,Nettoomsättning
7410,3502,NONE,Nettoomsättning
7410,3503,NONE,Nettoomsättning
7410,3504,NONE,Nettoomsättning
7410,3505,NONE,Nettoomsättning
7410,3506,NONE,Nettoomsättning
7410,3507,NONE,Nettoomsättning
7410,3508,NONE,Nettoomsättning
7410,3509,NONE,Nettoomsättning
7410,3510,NONE,Nettoomsättning
7410,3511,NONE,Nettoomsättning
7410,3512,NONE,Nettoomsättning
7410,3513,NONE,Nettoomsättning
7410,3514,NONE,Nettoomsättning
7410,3515,NONE,Nettoomsättning
7410,3516,NONE,Nettoomsättning
7410,3517,NONE,Nettoomsättning
7410,3518,NONE,Nettoomsättning
7410,3519,NONE,Nettoomsättning
7410,3520,NONE,Nettoomsättning
7410,3521,NONE,Nettoomsättning
7410,3522,NONE,Nettoomsättning
7410,3523,NONE,Nettoomsättning
7410,3524,NONE,Nettoomsättning
7410,3525,NONE,Nettoomsättning
7410,3526,NONE,Nettoomsättning
7410,3527,NONE,Nettoomsättning
7410,3528,NONE,Nettoomsättning
7410,3529,NONE,Nettoomsättning
7410,3530,NONE,Nettoomsättning
7410,3531,NONE,Nettoomsättning
7410,3532,NONE,Nettoomsättning
7410,3533,NONE,Nettoomsättning
7410,3534,NONE,Nettoomsättning
7410,3535,NONE,Nettoomsättning
7410,3536,NONE,Nettoomsättning
7410,3537,NONE,Nettoomsättning
7410,3538,NONE,Nettoomsättning
7410,3539,NONE,Nettoomsättning
7410,3540,NONE,Nettoomsättning
7410,3541,NONE,Nettoomsättning
7410,3542,NONE,Nettoomsättning
7410,3543,NONE,Nettoomsättning
7410,3544,NONE,Nettoomsättning
7410,3545,NONE,Nettoomsättning
7410,3546,NONE,Nettoomsättning
7410,3547,NONE,Nettoomsättning
7410,3548,NONE,Nettoomsättning
7410,3549,NONE,Nettoomsättning
7410,3550,NONE,Nettoomsättning
7410,3551,NONE,Nettoomsättning
7410,3552,NONE,Nettoomsättning
7410,3553,NONE,Nettoomsättning
7410,3554,NONE,Nettoomsättning
7410,3555,NONE,Nettoomsättning
7410,3556,NONE,Nettoomsättning
7410,3557,NONE,Nettoomsättning
7410,3558,NONE,Nettoomsättning
7410,3559,NONE,Nettoomsättning
7410,3560,NONE,Nettoomsättning
7410,3561,NONE,Nettoomsättning
7410,3562,NONE,Nettoomsättning
7410,3563,NONE,Nettoomsättning
7410,3564,NONE,Nettoomsättning
7410,3565,NONE,Nettoomsättning
7410,3566,NONE,Nettoomsättning
7410,3567,NONE,Nettoomsättning
7410,3568,NONE,Nettoomsättning
7410,3569,NONE,Nettoomsättning
7410,3570,NONE,Nettoomsättning
7410,3571,NONE,Nettoomsättning
7410,3572,NONE,Nettoomsättning
7410,3573,NONE,Nettoomsättning
7410,3574,NONE,Nettoomsättning
7410,3575,NONE,Nettoomsättning
7410,3576,NONE,Nettoomsättning
7410,3577,NONE,Nettoomsättning
7410,3578,NONE,Nettoomsättning
7410,3579,NONE,Nettoomsättning
7410,3580,NONE,Nettoomsättning
7410,3581,NONE,Nettoomsättning
7410,3582,NONE,Nettoomsättning
7410,3583,NONE,Nettoomsättning
7410,3584,NONE,Nettoomsättning
7410,3585,NONE,Nettoomsättning
7410,3586,NONE,Nettoomsättning
7410,3587,NONE,Nettoomsättning
7410,3588,NONE,Nettoomsättning
7410,3589,NONE,Nettoomsättning
7410,3590,NONE,Nettoomsättning
7410,3591,NONE,Nettoomsättning
7410,3592,NONE,Nettoomsättning
7410,3593,NONE,Nettoomsättning
7410,3594,NONE,Nettoomsättning
7410,3595,NONE,Nettoomsättning
7410,3596,NONE,Nettoomsättning
7410,3597,NONE,Nettoomsättning
7410,3598,NONE,Nettoomsättning
7410,3599,NONE,Nettoomsättning
7410,3600,NONE,Nettoomsättning
7410,3601,NONE,Nettoomsättning
7410,3602,NONE,Nettoomsättning
7410,3603,NONE,Nettoomsättning
7410,3604,NONE,Nettoomsättning
7410,3605,NONE,Nettoomsättning
7410,3606,NONE,Nettoomsättning
7410,3607,NONE,Nettoomsättning
7410,3608,NONE,Nettoomsättning
7410,3609,NONE,Nettoomsättning
7410,3610,NONE,Nettoomsättning
7410,3611,NONE,Nettoomsättning
7410,3612,NONE,Nettoomsättning
7410,3613,NONE,Nettoomsättning
7410,3614,NONE,Nettoomsättning
7410,3615,NONE,Nettoomsättning
7410,3616,NONE,Nettoomsättning
7410,3617,NONE,Nettoomsättning
7410,3618,NONE,Nettoomsättning
7410,3619,NONE,Nettoomsättning
7410,3620,NONE,Nettoomsättning
7410,3621,NONE,Nettoomsättning
7410,3622,NONE,Nettoomsättning
7410,3623,NONE,Nettoomsättning
7410,3624,NONE,Nettoomsättning
7410,3625,NONE,Nettoomsättning
7410,3626,NONE,Nettoomsättning
7410,3627,NONE,Nettoomsättning
7410,3628,NONE,Nettoomsättning
7410,3629,NONE,Nettoomsättning
7410,3630,NONE,Nettoomsättning
7410,3631,NONE,Nettoomsättning
7410,3632,NONE,Nettoomsättning
7410,3633,NONE,Nettoomsättning
7410,3634,NONE,Nettoomsättning
7410,3635,NONE,Nettoomsättning
7410,3636,NONE,Nettoomsättning
7410,3637,NONE,Nettoomsättning
7410,3638,NONE,Nettoomsättning
7410,3639,NONE,Nettoomsättning
7410,3640,NONE,Nettoomsättning
7410,3641,NONE,Nettoomsättning
7410,3642,NONE,Nettoomsättning
7410,3643,NONE,Nettoomsättning
7410,3644,NONE,Nettoomsättning
7410,3645,NONE,Nettoomsättning
7410,3646,NONE,Nettoomsättning
7410,3647,NONE,Nettoomsättning
7410,3648,NONE,Nettoomsättning
7410,3649,NONE,Nettoomsättning
7410,3650,NONE,Nettoomsättning
7410,3651,NONE,Nettoomsättning
7410,3652,NONE,Nettoomsättning
7410,3653,NONE,Nettoomsättning
7410,3654,NONE,Nettoomsättning
7410,3655,NONE,Nettoomsättning
7410,3656,NONE,Nettoomsättning
7410,3657,NONE,Nettoomsättning
7410,3658,NONE,Nettoomsättning
7410,3659,NONE,Nettoomsättning
7410,3660,NONE,Nettoomsättning
7410,3661,NONE,Nettoomsättning
7410,3662,NONE,Nettoomsättning
7410,3663,NONE,Nettoomsättning
7410,3664,NONE,Nettoomsättning
7410,3665,NONE,Nettoomsättning
7410,3666,NONE,Nettoomsättning
7410,3667,NONE,Nettoomsättning
7410,3668,NONE,Nettoomsättning
7410,3669,NONE,Nettoomsättning
7410,3670,NONE,Nettoomsättning
7410,3671,NONE,Nettoomsättning
7410,3672,NONE,Nettoomsättning
7410,3673,NONE,Nettoomsättning
7410,3674,NONE,Nettoomsättning
7410,3675,NONE,Nettoomsättning
7410,3676,NONE,Nettoomsättning
7410,3677,NONE,Nettoomsättning
7410,3678,NONE,Nettoomsättning
7410,3679,NONE,Nettoomsättning
7410,3680,NONE,Nettoomsättning
7410,3681,NONE,Nettoomsättning
7410,3682,NONE,Nettoomsättning
7410,3683,NONE,Nettoomsättning
7410,3684,NONE,Nettoomsättning
7410,3685,NONE,Nettoomsättning
7410,3686,NONE,Nettoomsättning
7410,3687,NONE,Nettoomsättning
7410,3688,NONE,Nettoomsättning
7410,3689,NONE,Nettoomsättning
7410,3690,NONE,Nettoomsättning
7410,3691,NONE,Nettoomsättning
7410,3692,NONE,Nettoomsättning
7410,3693,NONE,Nettoomsättning
7410,3694,NONE,Nettoomsättning
7410,3695,NONE,Nettoomsättning
7410,3696,NONE,Nettoomsättning
7410,3697,NONE,Nettoomsättning
7410,3698,NONE,Nettoomsättning
7410,3699,NONE,Nettoomsättning
7410,3700,NONE,Nettoomsättning
7410,3701,NONE,Nettoomsättning
7410,3702,NONE,Nettoomsättning
7410,3703,NONE,Nettoomsättning
7410,3704,NONE,Nettoomsättning
7410,3705,NONE,Nettoomsättning
7410,3706,NONE,Nettoomsättning
7410,3707,NONE,Nettoomsättning
7410,3708,NONE,Nettoomsättning
7410,3709,NONE,Nettoomsättning
7410,3710,NONE,Nettoomsättning
7410,3711,NONE,Nettoomsättning
7410,3712,NONE,Nettoomsättning
7410,3713,NONE,Nettoomsättning
7410,3714,NONE,Nettoomsättning
7410,3715,NONE,Nettoomsättning
7410,3716,NONE,Nettoomsättning
7410,3717,NONE,Nettoomsättning
7410,3718,NONE,Nettoomsättning
7410,3719,NONE,Nettoomsättning
7410,3720,NONE,Nettoomsättning
7410,3721,NONE,Nettoomsättning
7410,3722,NONE,Nettoomsättning
7410,3723,NONE,Nettoomsättning
7410,3724,NONE,Nettoomsättning
7410,3725,NONE,Nettoomsättning
7410,3726,NONE,Nettoomsättning
7410,3727,NONE,Nettoomsättning
7410,3728,NONE,Nettoomsättning
7410,3729,NONE,Nettoomsättning
7410,3730,NONE,Nettoomsättning
7410,3731,NONE,Nettoomsättning
7410,3732,NONE,Nettoomsättning
7410,3733,NONE,Nettoomsättning
7410,3734,NONE,Nettoomsättning
7410,3735,NONE,Nettoomsättning
7410,3736,NONE,Nettoomsättning
7410,3737,NONE,Nettoomsättning
7410,3738,NONE,Nettoomsättning
7410,3739,NONE,Nettoomsättning
7410,3740,NONE,Nettoomsättning
7410,3741,NONE,Nettoomsättning
7410,3742,NONE,Nettoomsättning
7410,3743,NONE,Nettoomsättning
7410,3744,NONE,Nettoomsättning
7410,3745,NONE,Nettoomsättning
7410,3746,NONE,Nettoomsättning
7410,3747,NONE,Nettoomsättning
7410,3748,NONE,Nettoomsättning
7410,3749,NONE,Nettoomsättning
7410,3750,NONE,Nettoomsättning
7410,3751,NONE,Nettoomsättning
7410,3752,NONE,Nettoomsättning
7410,3753,NONE,Nettoomsättning
7410,3754,NONE,Nettoomsättning
7410,3755,NONE,Nettoomsättning
7410,3756,NONE,Nettoomsättning
7410,3757,NONE,Nettoomsättning
7410,3758,NONE,Nettoomsättning
7410,3759,NONE,Nettoomsättning
7410,3760,NONE,Nettoomsättning
7410,3761,NONE,Nettoomsättning
7410,3762,NONE,Nettoomsättning
7410,3763,NONE,Nettoomsättning
7410,3764,NONE,Nettoomsättning
7410,3765,NONE,Nettoomsättning
7410,3766,NONE,Nettoomsättning
7410,3767,NONE,Nettoomsättning
7410,3768,NONE,Nettoomsättning
7410,3769,NONE,Nettoomsättning
7410,3770,NONE,Nettoomsättning
7410,3771,NONE,Nettoomsättning
7410,3772,NONE,Nettoomsättning
7410,3773,NONE,Nettoomsättning
7410,3774,NONE,Nettoomsättning
7410,3775,NONE,Nettoomsättning
7410,3776,NONE,Nettoomsättning
7410,3777,NONE,Nettoomsättning
7410,3778,NONE,Nettoomsättning
7410,3779,NONE,Nettoomsättning
7410,3780,NONE,Nettoomsättning
7410,3781,NONE,Nettoomsättning
7410,3782,NONE,Nettoomsättning
7410,3783,NONE,Nettoomsättning
7410,3784,NONE,Nettoomsättning
7410,3785,NONE,Nettoomsättning
7410,3786,NONE,Nettoomsättning
7410,3787,NONE,Nettoomsättning
7410,3788,NONE,Nettoomsättning
7410,3789,NONE,Nettoomsättning
7410,3790,NONE,Nettoomsättning
7410,3791,NONE,Nettoomsättning
7410,3792,NONE,Nettoomsättning
7410,3793,NONE,Nettoomsättning
7410,3794,NONE,Nettoomsättning
7410,3795,NONE,Nettoomsättning
7410,3796,NONE,Nettoomsättning
7410,3797,NONE,Nettoomsättning
7410,3798,NONE,Nettoomsättning
7410,3799,NONE,Nettoomsättning
7412,3800,NONE,Aktiverat arbete för egen räkning
7412,3801,NONE,Aktiverat arbete för egen räkning
7412,3802,NONE,Aktiverat arbete för egen räkning
7412,3803,NONE,Aktiverat arbete för egen räkning
7412,3804,NONE,Aktiverat arbete för egen räkning
7412,3805,NONE,Aktiverat arbete för egen räkning
7412,3806,NONE,Aktiverat arbete för egen räkning
7412,3807,NONE,Aktiverat arbete för egen räkning
7412,3808,NONE,Aktiverat arbete för egen räkning
7412,3809,NONE,Aktiverat arbete för egen räkning
7412,3810,NONE,Aktiverat arbete för egen räkning
7412,3811,NONE,Aktiverat arbete för egen räkning
7412,3812,NONE,Aktiverat arbete för egen räkning
7412,3813,NONE,Aktiverat arbete för egen räkning
7412,3814,NONE,Aktiverat arbete för egen räkning
7412,3815,NONE,Aktiverat arbete för egen räkning
7412,3816,NONE,Aktiverat arbete för egen räkning
7412,3817,NONE,Aktiverat arbete för egen räkning
7412,3818,NONE,Aktiverat arbete för egen räkning
7412,3819,NONE,Aktiverat arbete för egen räkning
7412,3820,NONE,Aktiverat arbete för egen räkning
7412,3821,NONE,Aktiverat arbete för egen räkning
7412,3822,NONE,Aktiverat arbete för egen räkning
7412,3823,NONE,Aktiverat arbete för egen räkning
7412,3824,NONE,Aktiverat arbete för egen räkning
7412,3825,NONE,Aktiverat arbete för egen räkning
7412,3826,NONE,Aktiverat arbete för egen räkning
7412,3827,NONE,Aktiverat arbete för egen räkning
7412,3828,NONE,Aktiverat arbete för egen räkning
7412,3829,NONE,Aktiverat arbete för egen räkning
7412,3830,NONE,Aktiverat arbete för egen räkning
7412,3831,NONE,Aktiverat arbete för egen räkning
7412,3832,NONE,Aktiverat arbete för egen räkning
7412,3833,NONE,Aktiverat arbete för egen räkning
7412,3834,NONE,Aktiverat arbete för egen räkning
7412,3835,NONE,Aktiverat arbete för egen räkning
7412,3836,NONE,Aktiverat arbete för egen räkning
7412,3837,NONE,Aktiverat arbete för egen räkning
7412,3838,NONE,Aktiverat arbete för egen räkning
7412,3839,NONE,Aktiverat arbete för egen räkning
7412,3840,NONE,Aktiverat arbete för egen räkning
7412,3841,NONE,Aktiverat arbete för egen räkning
7412,3842,NONE,Aktiverat arbete för egen räkning
7412,3843,NONE,Aktiverat arbete för egen räkning
7412,3844,NONE,Aktiverat arbete för egen räkning
7412,3845,NONE,Aktiverat arbete för egen räkning
7412,3846,NONE,Aktiverat arbete för egen räkning
7412,3847,NONE,Aktiverat arbete för egen räkning
7412,3848,NONE,Aktiverat arbete för egen räkning
7412,3849,NONE,Aktiverat arbete för egen räkning
7412,3850,NONE,Aktiverat arbete för egen räkning
7412,3851,NONE,Aktiverat arbete för egen räkning
7412,3852,NONE,Aktiverat arbete för egen räkning
7412,3853,NONE,Aktiverat arbete för egen räkning
7412,3854,NONE,Aktiverat arbete för egen räkning
7412,3855,NONE,Aktiverat arbete för egen räkning
7412,3856,NONE,Aktiverat arbete för egen räkning
7412,3857,NONE,Aktiverat arbete för egen räkning
7412,3858,NONE,Aktiverat arbete för egen räkning
7412,3859,NONE,Aktiverat arbete för egen räkning
7412,3860,NONE,Aktiverat arbete för egen räkning
7412,3861,NONE,Aktiverat arbete för egen räkning
7412,3862,NONE,Aktiverat arbete för egen räkning
7412,3863,NONE,Aktiverat arbete för egen räkning
7412,3864,NONE,Aktiverat arbete för egen räkning
7412,3865,NONE,Aktiverat arbete för egen räkning
7412,3866,NONE,Aktiverat arbete för egen räkning
7412,3867,NONE,Aktiverat arbete för egen räkning
7412,3868,NONE,Aktiverat arbete för egen räkning
7412,3869,NONE,Aktiverat arbete för egen räkning
7412,3870,NONE,Aktiverat arbete för egen räkning
7412,3871,NONE,Aktiverat arbete för egen räkning
7412,3872,NONE,Aktiverat arbete för egen räkning
7412,3873,NONE,Aktiverat arbete för egen räkning
7412,3874,NONE,Aktiverat arbete för egen räkning
7412,3875,NONE,Aktiverat arbete för egen räkning
7412,3876,NONE,Aktiverat arbete för egen räkning
7412,3877,NONE,Aktiverat arbete för egen räkning
7412,3878,NONE,Aktiverat arbete för egen räkning
7412,3879,NONE,Aktiverat arbete för egen räkning
7412,3880,NONE,Aktiverat arbete för egen räkning
7412,3881,NONE,Aktiverat arbete för egen räkning
7412,3882,NONE,Aktiverat arbete för egen räkning
7412,3883,NONE,Aktiverat arbete för egen räkning
7412,3884,NONE,Aktiverat arbete för egen räkning
7412,3885,NONE,Aktiverat arbete för egen räkning
7412,3886,NONE,Aktiverat arbete för egen räkning
7412,3887,NONE,Aktiverat arbete för egen räkning
7412,3888,NONE,Aktiverat arbete för egen räkning
7412,3889,NONE,Aktiverat arbete för egen räkning
7412,3890,NONE,Aktiverat arbete för egen räkning
7412,3891,NONE,Aktiverat arbete för egen räkning
7412,3892,NONE,Aktiverat arbete för egen räkning
7412,3893,NONE,Aktiverat arbete för egen räkning
7412,3894,NONE,Aktiverat arbete för egen räkning
7412,3895,NONE,Aktiverat arbete för egen räkning
7412,3896,NONE,Aktiverat arbete för egen räkning
7412,3897,NONE,Aktiverat arbete för egen räkning
7412,3898,NONE,Aktiverat arbete för egen räkning
7412,3899,NONE,Aktiverat arbete för egen räkning
7413,3900,NONE,Övriga rörelseintäkter
7413,3901,NONE,Övriga rörelseintäkter
7413,3902,NONE,Övriga rörelseintäkter
7413,3903,NONE,Övriga rörelseintäkter
7413,3904,NONE,Övriga rörelseintäkter
7413,3905,NONE,Övriga rörelseintäkter
7413,3906,NONE,Övriga rörelseintäkter
7413,3907,NONE,Övriga rörelseintäkter
7413,3908,NONE,Övriga rörelseintäkter
7413,3909,NONE,Övriga rörelseintäkter
7413,3910,NONE,Övriga rörelseintäkter
7413,3911,NONE,Övriga rörelseintäkter
7413,3912,NONE,Övriga rörelseintäkter
7413,3913,NONE,Övriga rörelseintäkter
7413,3914,NONE,Övriga rörelseintäkter
7413,3915,NONE,Övriga rörelseintäkter
7413,3916,NONE,Övriga rörelseintäkter
7413,3917,NONE,Övriga rörelseintäkter
7413,3918,NONE,Övriga rörelseintäkter
7413,3919,NONE,Övriga rörelseintäkter
7413,3920,NONE,Övriga rörelseintäkter
7413,3921,NONE,Övriga rörelseintäkter
7413,3922,NONE,Övriga rörelseintäkter
7413,3923,NONE,Övriga rörelseintäkter
7413,3924,NONE,Övriga rörelseintäkter
7413,3925,NONE,Övriga rörelseintäkter
7413,3926,NONE,Övriga rörelseintäkter
7413,3927,NONE,Övriga rörelseintäkter
7413,3928,NONE,Övriga rörelseintäkter
7413,3929,NONE,Övriga rörelseintäkter
7413,3930,NONE,Övriga rörelseintäkter
7413,3931,NONE,Övriga rörelseintäkter
7413,3932,NONE,Övriga rörelseintäkter
7413,3933,NONE,Övriga rörelseintäkter
7413,3934,NONE,Övriga rörelseintäkter
7413,3935,NONE,Övriga rörelseintäkter
7413,3936,NONE,Övriga rörelseintäkter
7413,3937,NONE,Övriga rörelseintäkter
7413,3938,NONE,Övriga rörelseintäkter
7413,3939,NONE,Övriga rörelseintäkter
7413,3940,NONE,Övriga rörelseintäkter
7413,3941,NONE,Övriga rörelseintäkter
7413,3942,NONE,Övriga rörelseintäkter
7413,3943,NONE,Övriga rörelseintäkter
7413,3944,NONE,Övriga rörelseintäkter
7413,3945,NONE,Övriga rörelseintäkter
7413,3946,NONE,Övriga rörelseintäkter
7413,3947,NONE,Övriga rörelseintäkter
7413,3948,NONE,Övriga rörelseintäkter
7413,3949,NONE,Övriga rörelseintäkter
7413,3950,NONE,Övriga rörelseintäkter
7413,3951,NONE,Övriga rörelseintäkter
7413,3952,NONE,Övriga rörelseintäkter
7413,3953,NONE,Övriga rörelseintäkter
7413,3954,NONE,Övriga rörelseintäkter
7413,3955,NONE,Övriga rörelseintäkter
7413,3956,NONE,Övriga rörelseintäkter
7413,3957,NONE,Övriga rörelseintäkter
7413,3958,NONE,Övriga rörelseintäkter
7413,3959,NONE,Övriga rörelseintäkter
7413,3960,NONE,Övriga rörelseintäkter
7413,3961,NONE,Övriga rörelseintäkter
7413,3962,NONE,Övriga rörelseintäkter
7413,3963,NONE,Övriga rörelseintäkter
7413,3964,NONE,Övriga rörelseintäkter
7413,3965,NONE,Övriga rörelseintäkter
7413,3966,NONE,Övriga rörelseintäkter
7413,3967,NONE,Övriga rörelseintäkter
7413,3968,NONE,Övriga rörelseintäkter
7413,3969,NONE,Övriga rörelseintäkter
7413,3970,NONE,Övriga rörelseintäkter
7413,3971,NONE,Övriga rörelseintäkter
7413,3972,NONE,Övriga rörelseintäkter
7413,3973,NONE,Övriga rörelseintäkter
7413,3974,NONE,Övriga rörelseintäkter
7413,3975,NONE,Övriga rörelseintäkter
7413,3976,NONE,Övriga rörelseintäkter
7413,3977,NONE,Övriga rörelseintäkter
7413,3978,NONE,Övriga rörelseintäkter
7413,3979,NONE,Övriga rörelseintäkter
7413,3980,NONE,Övriga rörelseintäkter
7413,3981,NONE,Övriga rörelseintäkter
7413,3982,NONE,Övriga rörelseintäkter
7413,3983,NONE,Övriga rörelseintäkter
7413,3984,NONE,Övriga rörelseintäkter
7413,3985,NONE,Övriga rörelseintäkter
7413,3986,NONE,Övriga rörelseintäkter
7413,3987,NONE,Övriga rörelseintäkter
7413,3988,NONE,Övriga rörelseintäkter
7413,3989,NONE,Övriga rörelseintäkter
7413,3990,NONE,Övriga rörelseintäkter
7413,3991,NONE,Övriga rörelseintäkter
7413,3992,NONE,Övriga rörelseintäkter
7413,3993,NONE,Övriga rörelseintäkter
7413,3994,NONE,Övriga rörelseintäkter
7413,3995,NONE,Övriga rörelseintäkter
7413,3996,NONE,Övriga rörelseintäkter
7413,3997,NONE,Övriga rörelseintäkter
7413,3998,NONE,Övriga rörelseintäkter
7413,3999,NONE,Övriga rörelseintäkter
7511,4000,NONE,Råvaror och förnödenheter
7512,4000,NONE,Handelsvaror
7511,4001,NONE,Råvaror och förnödenheter
7512,4001,NONE,Handelsvaror
7511,4002,NONE,Råvaror och förnödenheter
7512,4002,NONE,Handelsvaror
7511,4003,NONE,Råvaror och förnödenheter
7512,4003,NONE,Handelsvaror
7511,4004,NONE,Råvaror och förnödenheter
7512,4004,NONE,Handelsvaror
7511,4005,NONE,Råvaror och förnödenheter
7512,4005,NONE,Handelsvaror
7511,4006,NONE,Råvaror och förnödenheter
7512,4006,NONE,Handelsvaror
7511,4007,NONE,Råvaror och förnödenheter
7512,4007,NONE,Handelsvaror
7511,4008,NONE,Råvaror och förnödenheter
7512,4008,NONE,Handelsvaror
7511,4009,NONE,Råvaror och förnödenheter
7512,4009,NONE,Handelsvaror
7511,4010,NONE,Råvaror och förnödenheter
7512,4010,NONE,Handelsvaror
7511,4011,NONE,Råvaror och förnödenheter
7512,4011,NONE,Handelsvaror
7511,4012,NONE,Råvaror och förnödenheter
7512,4012,NONE,Handelsvaror
7511,4013,NONE,Råvaror och förnödenheter
7512,4013,NONE,Handelsvaror
7511,4014,NONE,Råvaror och förnödenheter
7512,4014,NONE,Handelsvaror
7511,4015,NONE,Råvaror och förnödenheter
7512,4015,NONE,Handelsvaror
7511,4016,NONE,Råvaror och förnödenheter
7512,4016,NONE,Handelsvaror
7511,4017,NONE,Råvaror och förnödenheter
7512,4017,NONE,Handelsvaror
7511,4018,NONE,Råvaror och förnödenheter
7512,4018,NONE,Handelsvaror
7511,4019,NONE,Råvaror och förnödenheter
7512,4019,NONE,Handelsvaror
7511,4020,NONE,Råvaror och förnödenheter
7512,4020,NONE,Handelsvaror
7511,4021,NONE,Råvaror och förnödenheter
7512,4021,NONE,Handelsvaror
7511,4022,NONE,Råvaror och förnödenheter
7512,4022,NONE,Handelsvaror
7511,4023,NONE,Råvaror och förnödenheter
7512,4023,NONE,Handelsvaror
7511,4024,NONE,Råvaror och förnödenheter
7512,4024,NONE,Handelsvaror
7511,4025,NONE,Råvaror och förnödenheter
7512,4025,NONE,Handelsvaror
7511,4026,NONE,Råvaror och förnödenheter
7512,4026,NONE,Handelsvaror
7511,4027,NONE,Råvaror och förnödenheter
7512,4027,NONE,Handelsvaror
7511,4028,NONE,Råvaror och förnödenheter
7512,4028,NONE,Handelsvaror
7511,4029,NONE,Råvaror och förnödenheter
7512,4029,NONE,Handelsvaror
7511,4030,NONE,Råvaror och förnödenheter
7512,4030,NONE,Handelsvaror
7511,4031,NONE,Råvaror och förnödenheter
7512,4031,NONE,Handelsvaror
7511,4032,NONE,Råvaror och förnödenheter
7512,4032,NONE,Handelsvaror
7511,4033,NONE,Råvaror och förnödenheter
7512,4033,NONE,Handelsvaror
7511,4034,NONE,Råvaror och förnödenheter
7512,4034,NONE,Handelsvaror
7511,4035,NONE,Råvaror och förnödenheter
7512,4035,NONE,Handelsvaror
7511,4036,NONE,Råvaror och förnödenheter
7512,4036,NONE,Handelsvaror
7511,4037,NONE,Råvaror och förnödenheter
7512,4037,NONE,Handelsvaror
7511,4038,NONE,Råvaror och förnödenheter
7512,4038,NONE,Handelsvaror
7511,4039,NONE,Råvaror och förnödenheter
7512,4039,NONE,Handelsvaror
7511,4040,NONE,Råvaror och förnödenheter
7512,4040,NONE,Handelsvaror
7511,4041,NONE,Råvaror och förnödenheter
7512,4041,NONE,Handelsvaror
7511,4042,NONE,Råvaror och förnödenheter
7512,4042,NONE,Handelsvaror
7511,4043,NONE,Råvaror och förnödenheter
7512,4043,NONE,Handelsvaror
7511,4044,NONE,Råvaror och förnödenheter
7512,4044,NONE,Handelsvaror
7511,4045,NONE,Råvaror och förnödenheter
7512,4045,NONE,Handelsvaror
7511,4046,NONE,Råvaror och förnödenheter
7512,4046,NONE,Handelsvaror
7511,4047,NONE,Råvaror och förnödenheter
7512,4047,NONE,Handelsvaror
7511,4048,NONE,Råvaror och förnödenheter
7512,4048,NONE,Handelsvaror
7511,4049,NONE,Råvaror och förnödenheter
7512,4049,NONE,Handelsvaror
7511,4050,NONE,Råvaror och förnödenheter
7512,4050,NONE,Handelsvaror
7511,4051,NONE,Råvaror och förnödenheter
7512,4051,NONE,Handelsvaror
7511,4052,NONE,Råvaror och förnödenheter
7512,4052,NONE,Handelsvaror
7511,4053,NONE,Råvaror och förnödenheter
7512,4053,NONE,Handelsvaror
7511,4054,NONE,Råvaror och förnödenheter
7512,4054,NONE,Handelsvaror
7511,4055,NONE,Råvaror och förnödenheter
7512,4055,NONE,Handelsvaror
7511,4056,NONE,Råvaror och förnödenheter
7512,4056,NONE,Handelsvaror
7511,4057,NONE,Råvaror och förnödenheter
7512,4057,NONE,Handelsvaror
7511,4058,NONE,Råvaror och förnödenheter
7512,4058,NONE,Handelsvaror
7511,4059,NONE,Råvaror och förnödenheter
7512,4059,NONE,Handelsvaror
7511,4060,NONE,Råvaror och förnödenheter
7512,4060,NONE,Handelsvaror
7511,4061,NONE,Råvaror och förnödenheter
7512,4061,NONE,Handelsvaror
7511,4062,NONE,Råvaror och förnödenheter
7512,4062,NONE,Handelsvaror
7511,4063,NONE,Råvaror och förnödenheter
7512,4063,NONE,Handelsvaror
7511,4064,NONE,Råvaror och förnödenheter
7512,4064,NONE,Handelsvaror
7511,4065,NONE,Råvaror och förnödenheter
7512,4065,NONE,Handelsvaror
7511,4066,NONE,Råvaror och förnödenheter
7512,4066,NONE,Handelsvaror
7511,4067,NONE,Råvaror och förnödenheter
7512,4067,NONE,Handelsvaror
7511,4068,NONE,Råvaror och förnödenheter
7512,4068,NONE,Handelsvaror
7511,4069,NONE,Råvaror och förnödenheter
7512,4069,NONE,Handelsvaror
7511,4070,NONE,Råvaror och förnödenheter
7512,4070,NONE,Handelsvaror
7511,4071,NONE,Råvaror och förnödenheter
7512,4071,NONE,Handelsvaror
7511,4072,NONE,Råvaror och förnödenheter
7512,4072,NONE,Handelsvaror
7511,4073,NONE,Råvaror och förnödenheter
7512,4073,NONE,Handelsvaror
7511,4074,NONE,Råvaror och förnödenheter
7512,4074,NONE,Handelsvaror
7511,4075,NONE,Råvaror och förnödenheter
7512,4075,NONE,Handelsvaror
7511,4076,NONE,Råvaror och förnödenheter
7512,4076,NONE,Handelsvaror
7511,4077,NONE,Råvaror och förnödenheter
7512,4077,NONE,Handelsvaror
7511,4078,NONE,Råvaror och förnödenheter
7512,4078,NONE,Handelsvaror
7511,4079,NONE,Råvaror och förnödenheter
7512,4079,NONE,Handelsvaror
7511,4080,NONE,Råvaror och förnödenheter
7512,4080,NONE,Handelsvaror
7511,4081,NONE,Råvaror och förnödenheter
7512,4081,NONE,Handelsvaror
7511,4082,NONE,Råvaror och förnödenheter
7512,4082,NONE,Handelsvaror
7511,4083,NONE,Råvaror och förnödenheter
7512,4083,NONE,Handelsvaror
7511,4084,NONE,Råvaror och förnödenheter
7512,4084,NONE,Handelsvaror
7511,4085,NONE,Råvaror och förnödenheter
7512,4085,NONE,Handelsvaror
7511,4086,NONE,Råvaror och förnödenheter
7512,4086,NONE,Handelsvaror
7511,4087,NONE,Råvaror och förnödenheter
7512,4087,NONE,Handelsvaror
7511,4088,NONE,Råvaror och förnödenheter
7512,4088,NONE,Handelsvaror
7511,4089,NONE,Råvaror och förnödenheter
7512,4089,NONE,Handelsvaror
7511,4090,NONE,Råvaror och förnödenheter
7512,4090,NONE,Handelsvaror
7511,4091,NONE,Råvaror och förnödenheter
7512,4091,NONE,Handelsvaror
7511,4092,NONE,Råvaror och förnödenheter
7512,4092,NONE,Handelsvaror
7511,4093,NONE,Råvaror och förnödenheter
7512,4093,NONE,Handelsvaror
7511,4094,NONE,Råvaror och förnödenheter
7512,4094,NONE,Handelsvaror
7511,4095,NONE,Råvaror och förnödenheter
7512,4095,NONE,Handelsvaror
7511,4096,NONE,Råvaror och förnödenheter
7512,4096,NONE,Handelsvaror
7511,4097,NONE,Råvaror och förnödenheter
7512,4097,NONE,Handelsvaror
7511,4098,NONE,Råvaror och förnödenheter
7512,4098,NONE,Handelsvaror
7511,4099,NONE,Råvaror och förnödenheter
7512,4099,NONE,Handelsvaror
7511,4100,NONE,Råvaror och förnödenheter
7512,4100,NONE,Handelsvaror
7511,4101,NONE,Råvaror och förnödenheter
7512,4101,NONE,Handelsvaror
7511,4102,NONE,Råvaror och förnödenheter
7512,4102,NONE,Handelsvaror
7511,4103,NONE,Råvaror och förnödenheter
7512,4103,NONE,Handelsvaror
7511,4104,NONE,Råvaror och förnödenheter
7512,4104,NONE,Handelsvaror
7511,4105,NONE,Råvaror och förnödenheter
7512,4105,NONE,Handelsvaror
7511,4106,NONE,Råvaror och förnödenheter
7512,4106,NONE,Handelsvaror
7511,4107,NONE,Råvaror och förnödenheter
7512,4107,NONE,Handelsvaror
7511,4108,NONE,Råvaror och förnödenheter
7512,4108,NONE,Handelsvaror
7511,4109,NONE,Råvaror och förnödenheter
7512,4109,NONE,Handelsvaror
7511,4110,NONE,Råvaror och förnödenheter
7512,4110,NONE,Handelsvaror
7511,4111,NONE,Råvaror och förnödenheter
7512,4111,NONE,Handelsvaror
7511,4112,NONE,Råvaror och förnödenheter
7512,4112,NONE,Handelsvaror
7511,4113,NONE,Råvaror och förnödenheter
7512,4113,NONE,Handelsvaror
7511,4114,NONE,Råvaror och förnödenheter
7512,4114,NONE,Handelsvaror
7511,4115,NONE,Råvaror och förnödenheter
7512,4115,NONE,Handelsvaror
7511,4116,NONE,Råvaror och förnödenheter
7512,4116,NONE,Handelsvaror
7511,4117,NONE,Råvaror och förnödenheter
7512,4117,NONE,Handelsvaror
7511,4118,NONE,Råvaror och förnödenheter
7512,4118,NONE,Handelsvaror
7511,4119,NONE,Råvaror och förnödenheter
7512,4119,NONE,Handelsvaror
7511,4120,NONE,Råvaror och förnödenheter
7512,4120,NONE,Handelsvaror
7511,4121,NONE,Råvaror och förnödenheter
7512,4121,NONE,Handelsvaror
7511,4122,NONE,Råvaror och förnödenheter
7512,4122,NONE,Handelsvaror
7511,4123,NONE,Råvaror och förnödenheter
7512,4123,NONE,Handelsvaror
7511,4124,NONE,Råvaror och förnödenheter
7512,4124,NONE,Handelsvaror
7511,4125,NONE,Råvaror och förnödenheter
7512,4125,NONE,Handelsvaror
7511,4126,NONE,Råvaror och förnödenheter
7512,4126,NONE,Handelsvaror
7511,4127,NONE,Råvaror och förnödenheter
7512,4127,NONE,Handelsvaror
7511,4128,NONE,Råvaror och förnödenheter
7512,4128,NONE,Handelsvaror
7511,4129,NONE,Råvaror och förnödenheter
7512,4129,NONE,Handelsvaror
7511,4130,NONE,Råvaror och förnödenheter
7512,4130,NONE,Handelsvaror
7511,4131,NONE,Råvaror och förnödenheter
7512,4131,NONE,Handelsvaror
7511,4132,NONE,Råvaror och förnödenheter
7512,4132,NONE,Handelsvaror
7511,4133,NONE,Råvaror och förnödenheter
7512,4133,NONE,Handelsvaror
7511,4134,NONE,Råvaror och förnödenheter
7512,4134,NONE,Handelsvaror
7511,4135,NONE,Råvaror och förnödenheter
7512,4135,NONE,Handelsvaror
7511,4136,NONE,Råvaror och förnödenheter
7512,4136,NONE,Handelsvaror
7511,4137,NONE,Råvaror och förnödenheter
7512,4137,NONE,Handelsvaror
7511,4138,NONE,Råvaror och förnödenheter
7512,4138,NONE,Handelsvaror
7511,4139,NONE,Råvaror och förnödenheter
7512,4139,NONE,Handelsvaror
7511,4140,NONE,Råvaror och förnödenheter
7512,4140,NONE,Handelsvaror
7511,4141,NONE,Råvaror och förnödenheter
7512,4141,NONE,Handelsvaror
7511,4142,NONE,Råvaror och förnödenheter
7512,4142,NONE,Handelsvaror
7511,4143,NONE,Råvaror och förnödenheter
7512,4143,NONE,Handelsvaror
7511,4144,NONE,Råvaror och förnödenheter
7512,4144,NONE,Handelsvaror
7511,4145,NONE,Råvaror och förnödenheter
7512,4145,NONE,Handelsvaror
7511,4146,NONE,Råvaror och förnödenheter
7512,4146,NONE,Handelsvaror
7511,4147,NONE,Råvaror och förnödenheter
7512,4147,NONE,Handelsvaror
7511,4148,NONE,Råvaror och förnödenheter
7512,4148,NONE,Handelsvaror
7511,4149,NONE,Råvaror och förnödenheter
7512,4149,NONE,Handelsvaror
7511,4150,NONE,Råvaror och förnödenheter
7512,4150,NONE,Handelsvaror
7511,4151,NONE,Råvaror och förnödenheter
7512,4151,NONE,Handelsvaror
7511,4152,NONE,Råvaror och förnödenheter
7512,4152,NONE,Handelsvaror
7511,4153,NONE,Råvaror och förnödenheter
7512,4153,NONE,Handelsvaror
7511,4154,NONE,Råvaror och förnödenheter
7512,4154,NONE,Handelsvaror
7511,4155,NONE,Råvaror och förnödenheter
7512,4155,NONE,Handelsvaror
7511,4156,NONE,Råvaror och förnödenheter
7512,4156,NONE,Handelsvaror
7511,4157,NONE,Råvaror och förnödenheter
7512,4157,NONE,Handelsvaror
7511,4158,NONE,Råvaror och förnödenheter
7512,4158,NONE,Handelsvaror
7511,4159,NONE,Råvaror och förnödenheter
7512,4159,NONE,Handelsvaror
7511,4160,NONE,Råvaror och förnödenheter
7512,4160,NONE,Handelsvaror
7511,4161,NONE,Råvaror och förnödenheter
7512,4161,NONE,Handelsvaror
7511,4162,NONE,Råvaror och förnödenheter
7512,4162,NONE,Handelsvaror
7511,4163,NONE,Råvaror och förnödenheter
7512,4163,NONE,Handelsvaror
7511,4164,NONE,Råvaror och förnödenheter
7512,4164,NONE,Handelsvaror
7511,4165,NONE,Råvaror och förnödenheter
7512,4165,NONE,Handelsvaror
7511,4166,NONE,Råvaror och förnödenheter
7512,4166,NONE,Handelsvaror
7511,4167,NONE,Råvaror och förnödenheter
7512,4167,NONE,Handelsvaror
7511,4168,NONE,Råvaror och förnödenheter
7512,4168,NONE,Handelsvaror
7511,4169,NONE,Råvaror och förnödenheter
7512,4169,NONE,Handelsvaror
7511,4170,NONE,Råvaror och förnödenheter
7512,4170,NONE,Handelsvaror
7511,4171,NONE,Råvaror och förnödenheter
7512,4171,NONE,Handelsvaror
7511,4172,NONE,Råvaror och förnödenheter
7512,4172,NONE,Handelsvaror
7511,4173,NONE,Råvaror och förnödenheter
7512,4173,NONE,Handelsvaror
7511,4174,NONE,Råvaror och förnödenheter
7512,4174,NONE,Handelsvaror
7511,4175,NONE,Råvaror och förnödenheter
7512,4175,NONE,Handelsvaror
7511,4176,NONE,Råvaror och förnödenheter
7512,4176,NONE,Handelsvaror
7511,4177,NONE,Råvaror och förnödenheter
7512,4177,NONE,Handelsvaror
7511,4178,NONE,Råvaror och förnödenheter
7512,4178,NONE,Handelsvaror
7511,4179,NONE,Råvaror och förnödenheter
7512,4179,NONE,Handelsvaror
7511,4180,NONE,Råvaror och förnödenheter
7512,4180,NONE,Handelsvaror
7511,4181,NONE,Råvaror och förnödenheter
7512,4181,NONE,Handelsvaror
7511,4182,NONE,Råvaror och förnödenheter
7512,4182,NONE,Handelsvaror
7511,4183,NONE,Råvaror och förnödenheter
7512,4183,NONE,Handelsvaror
7511,4184,NONE,Råvaror och förnödenheter
7512,4184,NONE,Handelsvaror
7511,4185,NONE,Råvaror och förnödenheter
7512,4185,NONE,Handelsvaror
7511,4186,NONE,Råvaror och förnödenheter
7512,4186,NONE,Handelsvaror
7511,4187,NONE,Råvaror och förnödenheter
7512,4187,NONE,Handelsvaror
7511,4188,NONE,Råvaror och förnödenheter
7512,4188,NONE,Handelsvaror
7511,4189,NONE,Råvaror och förnödenheter
7512,4189,NONE,Handelsvaror
7511,4190,NONE,Råvaror och förnödenheter
7512,4190,NONE,Handelsvaror
7511,4191,NONE,Råvaror och förnödenheter
7512,4191,NONE,Handelsvaror
7511,4192,NONE,Råvaror och förnödenheter
7512,4192,NONE,Handelsvaror
7511,4193,NONE,Råvaror och förnödenheter
7512,4193,NONE,Handelsvaror
7511,4194,NONE,Råvaror och förnödenheter
7512,4194,NONE,Handelsvaror
7511,4195,NONE,Råvaror och förnödenheter
7512,4195,NONE,Handelsvaror
7511,4196,NONE,Råvaror och förnödenheter
7512,4196,NONE,Handelsvaror
7511,4197,NONE,Råvaror och förnödenheter
7512,4197,NONE,Handelsvaror
7511,4198,NONE,Råvaror och förnödenheter
7512,4198,NONE,Handelsvaror
7511,4199,NONE,Råvaror och förnödenheter
7512,4199,NONE,Handelsvaror
7511,4200,NONE,Råvaror och förnödenheter
7512,4200,NONE,Handelsvaror
7511,4201,NONE,Råvaror och förnödenheter
7512,4201,NONE,Handelsvaror
7511,4202,NONE,Råvaror och förnödenheter
7512,4202,NONE,Handelsvaror
7511,4203,NONE,Råvaror och förnödenheter
7512,4203,NONE,Handelsvaror
7511,4204,NONE,Råvaror och förnödenheter
7512,4204,NONE,Handelsvaror
7511,4205,NONE,Råvaror och förnödenheter
7512,4205,NONE,Handelsvaror
7511,4206,NONE,Råvaror och förnödenheter
7512,4206,NONE,Handelsvaror
7511,4207,NONE,Råvaror och förnödenheter
7512,4207,NONE,Handelsvaror
7511,4208,NONE,Råvaror och förnödenheter
7512,4208,NONE,Handelsvaror
7511,4209,NONE,Råvaror och förnödenheter
7512,4209,NONE,Handelsvaror
7511,4210,NONE,Råvaror och förnödenheter
7512,4210,NONE,Handelsvaror
7511,4211,NONE,Råvaror och förnödenheter
7512,4211,NONE,Handelsvaror
7511,4212,NONE,Råvaror och förnödenheter
7512,4212,NONE,Handelsvaror
7511,4213,NONE,Råvaror och förnödenheter
7512,4213,NONE,Handelsvaror
7511,4214,NONE,Råvaror och förnödenheter
7512,4214,NONE,Handelsvaror
7511,4215,NONE,Råvaror och förnödenheter
7512,4215,NONE,Handelsvaror
7511,4216,NONE,Råvaror och förnödenheter
7512,4216,NONE,Handelsvaror
7511,4217,NONE,Råvaror och förnödenheter
7512,4217,NONE,Handelsvaror
7511,4218,NONE,Råvaror och förnödenheter
7512,4218,NONE,Handelsvaror
7511,4219,NONE,Råvaror och förnödenheter
7512,4219,NONE,Handelsvaror
7511,4220,NONE,Råvaror och förnödenheter
7512,4220,NONE,Handelsvaror
7511,4221,NONE,Råvaror och förnödenheter
7512,4221,NONE,Handelsvaror
7511,4222,NONE,Råvaror och förnödenheter
7512,4222,NONE,Handelsvaror
7511,4223,NONE,Råvaror och förnödenheter
7512,4223,NONE,Handelsvaror
7511,4224,NONE,Råvaror och förnödenheter
7512,4224,NONE,Handelsvaror
7511,4225,NONE,Råvaror och förnödenheter
7512,4225,NONE,Handelsvaror
7511,4226,NONE,Råvaror och förnödenheter
7512,4226,NONE,Handelsvaror
7511,4227,NONE,Råvaror och förnödenheter
7512,4227,NONE,Handelsvaror
7511,4228,NONE,Råvaror och förnödenheter
7512,4228,NONE,Handelsvaror
7511,4229,NONE,Råvaror och förnödenheter
7512,4229,NONE,Handelsvaror
7511,4230,NONE,Råvaror och förnödenheter
7512,4230,NONE,Handelsvaror
7511,4231,NONE,Råvaror och förnödenheter
7512,4231,NONE,Handelsvaror
7511,4232,NONE,Råvaror och förnödenheter
7512,4232,NONE,Handelsvaror
7511,4233,NONE,Råvaror och förnödenheter
7512,4233,NONE,Handelsvaror
7511,4234,NONE,Råvaror och förnödenheter
7512,4234,NONE,Handelsvaror
7511,4235,NONE,Råvaror och förnödenheter
7512,4235,NONE,Handelsvaror
7511,4236,NONE,Råvaror och förnödenheter
7512,4236,NONE,Handelsvaror
7511,4237,NONE,Råvaror och förnödenheter
7512,4237,NONE,Handelsvaror
7511,4238,NONE,Råvaror och förnödenheter
7512,4238,NONE,Handelsvaror
7511,4239,NONE,Råvaror och förnödenheter
7512,4239,NONE,Handelsvaror
7511,4240,NONE,Råvaror och förnödenheter
7512,4240,NONE,Handelsvaror
7511,4241,NONE,Råvaror och förnödenheter
7512,4241,NONE,Handelsvaror
7511,4242,NONE,Råvaror och förnödenheter
7512,4242,NONE,Handelsvaror
7511,4243,NONE,Råvaror och förnödenheter
7512,4243,NONE,Handelsvaror
7511,4244,NONE,Råvaror och förnödenheter
7512,4244,NONE,Handelsvaror
7511,4245,NONE,Råvaror och förnödenheter
7512,4245,NONE,Handelsvaror
7511,4246,NONE,Råvaror och förnödenheter
7512,4246,NONE,Handelsvaror
7511,4247,NONE,Råvaror och förnödenheter
7512,4247,NONE,Handelsvaror
7511,4248,NONE,Råvaror och förnödenheter
7512,4248,NONE,Handelsvaror
7511,4249,NONE,Råvaror och förnödenheter
7512,4249,NONE,Handelsvaror
7511,4250,NONE,Råvaror och förnödenheter
7512,4250,NONE,Handelsvaror
7511,4251,NONE,Råvaror och förnödenheter
7512,4251,NONE,Handelsvaror
7511,4252,NONE,Råvaror och förnödenheter
7512,4252,NONE,Handelsvaror
7511,4253,NONE,Råvaror och förnödenheter
7512,4253,NONE,Handelsvaror
7511,4254,NONE,Råvaror och förnödenheter
7512,4254,NONE,Handelsvaror
7511,4255,NONE,Råvaror och förnödenheter
7512,4255,NONE,Handelsvaror
7511,4256,NONE,Råvaror och förnödenheter
7512,4256,NONE,Handelsvaror
7511,4257,NONE,Råvaror och förnödenheter
7512,4257,NONE,Handelsvaror
7511,4258,NONE,Råvaror och förnödenheter
7512,4258,NONE,Handelsvaror
7511,4259,NONE,Råvaror och förnödenheter
7512,4259,NONE,Handelsvaror
7511,4260,NONE,Råvaror och förnödenheter
7512,4260,NONE,Handelsvaror
7511,4261,NONE,Råvaror och förnödenheter
7512,4261,NONE,Handelsvaror
7511,4262,NONE,Råvaror och förnödenheter
7512,4262,NONE,Handelsvaror
7511,4263,NONE,Råvaror och förnödenheter
7512,4263,NONE,Handelsvaror
7511,4264,NONE,Råvaror och förnödenheter
7512,4264,NONE,Handelsvaror
7511,4265,NONE,Råvaror och förnödenheter
7512,4265,NONE,Handelsvaror
7511,4266,NONE,Råvaror och förnödenheter
7512,4266,NONE,Handelsvaror
7511,4267,NONE,Råvaror och förnödenheter
7512,4267,NONE,Handelsvaror
7511,4268,NONE,Råvaror och förnödenheter
7512,4268,NONE,Handelsvaror
7511,4269,NONE,Råvaror och förnödenheter
7512,4269,NONE,Handelsvaror
7511,4270,NONE,Råvaror och förnödenheter
7512,4270,NONE,Handelsvaror
7511,4271,NONE,Råvaror och förnödenheter
7512,4271,NONE,Handelsvaror
7511,4272,NONE,Råvaror och förnödenheter
7512,4272,NONE,Handelsvaror
7511,4273,NONE,Råvaror och förnödenheter
7512,4273,NONE,Handelsvaror
7511,4274,NONE,Råvaror och förnödenheter
7512,4274,NONE,Handelsvaror
7511,4275,NONE,Råvaror och förnödenheter
7512,4275,NONE,Handelsvaror
7511,4276,NONE,Råvaror och förnödenheter
7512,4276,NONE,Handelsvaror
7511,4277,NONE,Råvaror och förnödenheter
7512,4277,NONE,Handelsvaror
7511,4278,NONE,Råvaror och förnödenheter
7512,4278,NONE,Handelsvaror
7511,4279,NONE,Råvaror och förnödenheter
7512,4279,NONE,Handelsvaror
7511,4280,NONE,Råvaror och förnödenheter
7512,4280,NONE,Handelsvaror
7511,4281,NONE,Råvaror och förnödenheter
7512,4281,NONE,Handelsvaror
7511,4282,NONE,Råvaror och förnödenheter
7512,4282,NONE,Handelsvaror
7511,4283,NONE,Råvaror och förnödenheter
7512,4283,NONE,Handelsvaror
7511,4284,NONE,Råvaror och förnödenheter
7512,4284,NONE,Handelsvaror
7511,4285,NONE,Råvaror och förnödenheter
7512,4285,NONE,Handelsvaror
7511,4286,NONE,Råvaror och förnödenheter
7512,4286,NONE,Handelsvaror
7511,4287,NONE,Råvaror och förnödenheter
7512,4287,NONE,Handelsvaror
7511,4288,NONE,Råvaror och förnödenheter
7512,4288,NONE,Handelsvaror
7511,4289,NONE,Råvaror och förnödenheter
7512,4289,NONE,Handelsvaror
7511,4290,NONE,Råvaror och förnödenheter
7512,4290,NONE,Handelsvaror
7511,4291,NONE,Råvaror och förnödenheter
7512,4291,NONE,Handelsvaror
7511,4292,NONE,Råvaror och förnödenheter
7512,4292,NONE,Handelsvaror
7511,4293,NONE,Råvaror och förnödenheter
7512,4293,NONE,Handelsvaror
7511,4294,NONE,Råvaror och förnödenheter
7512,4294,NONE,Handelsvaror
7511,4295,NONE,Råvaror och förnödenheter
7512,4295,NONE,Handelsvaror
7511,4296,NONE,Råvaror och förnödenheter
7512,4296,NONE,Handelsvaror
7511,4297,NONE,Råvaror och förnödenheter
7512,4297,NONE,Handelsvaror
7511,4298,NONE,Råvaror och förnödenheter
7512,4298,NONE,Handelsvaror
7511,4299,NONE,Råvaror och förnödenheter
7512,4299,NONE,Handelsvaror
7511,4300,NONE,Råvaror och förnödenheter
7512,4300,NONE,Handelsvaror
7511,4301,NONE,Råvaror och förnödenheter
7512,4301,NONE,Handelsvaror
7511,4302,NONE,Råvaror och förnödenheter
7512,4302,NONE,Handelsvaror
7511,4303,NONE,Råvaror och förnödenheter
7512,4303,NONE,Handelsvaror
7511,4304,NONE,Råvaror och förnödenheter
7512,4304,NONE,Handelsvaror
7511,4305,NONE,Råvaror och förnödenheter
7512,4305,NONE,Handelsvaror
7511,4306,NONE,Råvaror och förnödenheter
7512,4306,NONE,Handelsvaror
7511,4307,NONE,Råvaror och förnödenheter
7512,4307,NONE,Handelsvaror
7511,4308,NONE,Råvaror och förnödenheter
7512,4308,NONE,Handelsvaror
7511,4309,NONE,Råvaror och förnödenheter
7512,4309,NONE,Handelsvaror
7511,4310,NONE,Råvaror och förnödenheter
7512,4310,NONE,Handelsvaror
7511,4311,NONE,Råvaror och förnödenheter
7512,4311,NONE,Handelsvaror
7511,4312,NONE,Råvaror och förnödenheter
7512,4312,NONE,Handelsvaror
7511,4313,NONE,Råvaror och förnödenheter
7512,4313,NONE,Handelsvaror
7511,4314,NONE,Råvaror och förnödenheter
7512,4314,NONE,Handelsvaror
7511,4315,NONE,Råvaror och förnödenheter
7512,4315,NONE,Handelsvaror
7511,4316,NONE,Råvaror och förnödenheter
7512,4316,NONE,Handelsvaror
7511,4317,NONE,Råvaror och förnödenheter
7512,4317,NONE,Handelsvaror
7511,4318,NONE,Råvaror och förnödenheter
7512,4318,NONE,Handelsvaror
7511,4319,NONE,Råvaror och förnödenheter
7512,4319,NONE,Handelsvaror
7511,4320,NONE,Råvaror och förnödenheter
7512,4320,NONE,Handelsvaror
7511,4321,NONE,Råvaror och förnödenheter
7512,4321,NONE,Handelsvaror
7511,4322,NONE,Råvaror och förnödenheter
7512,4322,NONE,Handelsvaror
7511,4323,NONE,Råvaror och förnödenheter
7512,4323,NONE,Handelsvaror
7511,4324,NONE,Råvaror och förnödenheter
7512,4324,NONE,Handelsvaror
7511,4325,NONE,Råvaror och förnödenheter
7512,4325,NONE,Handelsvaror
7511,4326,NONE,Råvaror och förnödenheter
7512,4326,NONE,Handelsvaror
7511,4327,NONE,Råvaror och förnödenheter
7512,4327,NONE,Handelsvaror
7511,4328,NONE,Råvaror och förnödenheter
7512,4328,NONE,Handelsvaror
7511,4329,NONE,Råvaror och förnödenheter
7512,4329,NONE,Handelsvaror
7511,4330,NONE,Råvaror och förnödenheter
7512,4330,NONE,Handelsvaror
7511,4331,NONE,Råvaror och förnödenheter
7512,4331,NONE,Handelsvaror
7511,4332,NONE,Råvaror och förnödenheter
7512,4332,NONE,Handelsvaror
7511,4333,NONE,Råvaror och förnödenheter
7512,4333,NONE,Handelsvaror
7511,4334,NONE,Råvaror och förnödenheter
7512,4334,NONE,Handelsvaror
7511,4335,NONE,Råvaror och förnödenheter
7512,4335,NONE,Handelsvaror
7511,4336,NONE,Råvaror och förnödenheter
7512,4336,NONE,Handelsvaror
7511,4337,NONE,Råvaror och förnödenheter
7512,4337,NONE,Handelsvaror
7511,4338,NONE,Råvaror och förnödenheter
7512,4338,NONE,Handelsvaror
7511,4339,NONE,Råvaror och förnödenheter
7512,4339,NONE,Handelsvaror
7511,4340,NONE,Råvaror och förnödenheter
7512,4340,NONE,Handelsvaror
7511,4341,NONE,Råvaror och förnödenheter
7512,4341,NONE,Handelsvaror
7511,4342,NONE,Råvaror och förnödenheter
7512,4342,NONE,Handelsvaror
7511,4343,NONE,Råvaror och förnödenheter
7512,4343,NONE,Handelsvaror
7511,4344,NONE,Råvaror och förnödenheter
7512,4344,NONE,Handelsvaror
7511,4345,NONE,Råvaror och förnödenheter
7512,4345,NONE,Handelsvaror
7511,4346,NONE,Råvaror och förnödenheter
7512,4346,NONE,Handelsvaror
7511,4347,NONE,Råvaror och förnödenheter
7512,4347,NONE,Handelsvaror
7511,4348,NONE,Råvaror och förnödenheter
7512,4348,NONE,Handelsvaror
7511,4349,NONE,Råvaror och förnödenheter
7512,4349,NONE,Handelsvaror
7511,4350,NONE,Råvaror och förnödenheter
7512,4350,NONE,Handelsvaror
7511,4351,NONE,Råvaror och förnödenheter
7512,4351,NONE,Handelsvaror
7511,4352,NONE,Råvaror och förnödenheter
7512,4352,NONE,Handelsvaror
7511,4353,NONE,Råvaror och förnödenheter
7512,4353,NONE,Handelsvaror
7511,4354,NONE,Råvaror och förnödenheter
7512,4354,NONE,Handelsvaror
7511,4355,NONE,Råvaror och förnödenheter
7512,4355,NONE,Handelsvaror
7511,4356,NONE,Råvaror och förnödenheter
7512,4356,NONE,Handelsvaror
7511,4357,NONE,Råvaror och förnödenheter
7512,4357,NONE,Handelsvaror
7511,4358,NONE,Råvaror och förnödenheter
7512,4358,NONE,Handelsvaror
7511,4359,NONE,Råvaror och förnödenheter
7512,4359,NONE,Handelsvaror
7511,4360,NONE,Råvaror och förnödenheter
7512,4360,NONE,Handelsvaror
7511,4361,NONE,Råvaror och förnödenheter
7512,4361,NONE,Handelsvaror
7511,4362,NONE,Råvaror och förnödenheter
7512,4362,NONE,Handelsvaror
7511,4363,NONE,Råvaror och förnödenheter
7512,4363,NONE,Handelsvaror
7511,4364,NONE,Råvaror och förnödenheter
7512,4364,NONE,Handelsvaror
7511,4365,NONE,Råvaror och förnödenheter
7512,4365,NONE,Handelsvaror
7511,4366,NONE,Råvaror och förnödenheter
7512,4366,NONE,Handelsvaror
7511,4367,NONE,Råvaror och förnödenheter
7512,4367,NONE,Handelsvaror
7511,4368,NONE,Råvaror och förnödenheter
7512,4368,NONE,Handelsvaror
7511,4369,NONE,Råvaror och förnödenheter
7512,4369,NONE,Handelsvaror
7511,4370,NONE,Råvaror och förnödenheter
7512,4370,NONE,Handelsvaror
7511,4371,NONE,Råvaror och förnödenheter
7512,4371,NONE,Handelsvaror
7511,4372,NONE,Råvaror och förnödenheter
7512,4372,NONE,Handelsvaror
7511,4373,NONE,Råvaror och förnödenheter
7512,4373,NONE,Handelsvaror
7511,4374,NONE,Råvaror och förnödenheter
7512,4374,NONE,Handelsvaror
7511,4375,NONE,Råvaror och förnödenheter
7512,4375,NONE,Handelsvaror
7511,4376,NONE,Råvaror och förnödenheter
7512,4376,NONE,Handelsvaror
7511,4377,NONE,Råvaror och förnödenheter
7512,4377,NONE,Handelsvaror
7511,4378,NONE,Råvaror och förnödenheter
7512,4378,NONE,Handelsvaror
7511,4379,NONE,Råvaror och förnödenheter
7512,4379,NONE,Handelsvaror
7511,4380,NONE,Råvaror och förnödenheter
7512,4380,NONE,Handelsvaror
7511,4381,NONE,Råvaror och förnödenheter
7512,4381,NONE,Handelsvaror
7511,4382,NONE,Råvaror och förnödenheter
7512,4382,NONE,Handelsvaror
7511,4383,NONE,Råvaror och förnödenheter
7512,4383,NONE,Handelsvaror
7511,4384,NONE,Råvaror och förnödenheter
7512,4384,NONE,Handelsvaror
7511,4385,NONE,Råvaror och förnödenheter
7512,4385,NONE,Handelsvaror
7511,4386,NONE,Råvaror och förnödenheter
7512,4386,NONE,Handelsvaror
7511,4387,NONE,Råvaror och förnödenheter
7512,4387,NONE,Handelsvaror
7511,4388,NONE,Råvaror och förnödenheter
7512,4388,NONE,Handelsvaror
7511,4389,NONE,Råvaror och förnödenheter
7512,4389,NONE,Handelsvaror
7511,4390,NONE,Råvaror och förnödenheter
7512,4390,NONE,Handelsvaror
7511,4391,NONE,Råvaror och förnödenheter
7512,4391,NONE,Handelsvaror
7511,4392,NONE,Råvaror och förnödenheter
7512,4392,NONE,Handelsvaror
7511,4393,NONE,Råvaror och förnödenheter
7512,4393,NONE,Handelsvaror
7511,4394,NONE,Råvaror och förnödenheter
7512,4394,NONE,Handelsvaror
7511,4395,NONE,Råvaror och förnödenheter
7512,4395,NONE,Handelsvaror
7511,4396,NONE,Råvaror och förnödenheter
7512,4396,NONE,Handelsvaror
7511,4397,NONE,Råvaror och förnödenheter
7512,4397,NONE,Handelsvaror
7511,4398,NONE,Råvaror och förnödenheter
7512,4398,NONE,Handelsvaror
7511,4399,NONE,Råvaror och förnödenheter
7512,4399,NONE,Handelsvaror
7511,4400,NONE,Råvaror och förnödenheter
7512,4400,NONE,Handelsvaror
7511,4401,NONE,Råvaror och förnödenheter
7512,4401,NONE,Handelsvaror
7511,4402,NONE,Råvaror och förnödenheter
7512,4402,NONE,Handelsvaror
7511,4403,NONE,Råvaror och förnödenheter
7512,4403,NONE,Handelsvaror
7511,4404,NONE,Råvaror och förnödenheter
7512,4404,NONE,Handelsvaror
7511,4405,NONE,Råvaror och förnödenheter
7512,4405,NONE,Handelsvaror
7511,4406,NONE,Råvaror och förnödenheter
7512,4406,NONE,Handelsvaror
7511,4407,NONE,Råvaror och förnödenheter
7512,4407,NONE,Handelsvaror
7511,4408,NONE,Råvaror och förnödenheter
7512,4408,NONE,Handelsvaror
7511,4409,NONE,Råvaror och förnödenheter
7512,4409,NONE,Handelsvaror
7511,4410,NONE,Råvaror och förnödenheter
7512,4410,NONE,Handelsvaror
7511,4411,NONE,Råvaror och förnödenheter
7512,4411,NONE,Handelsvaror
7511,4412,NONE,Råvaror och förnödenheter
7512,4412,NONE,Handelsvaror
7511,4413,NONE,Råvaror och förnödenheter
7512,4413,NONE,Handelsvaror
7511,4414,NONE,Råvaror och förnödenheter
7512,4414,NONE,Handelsvaror
7511,4415,NONE,Råvaror och förnödenheter
7512,4415,NONE,Handelsvaror
7511,4416,NONE,Råvaror och förnödenheter
7512,4416,NONE,Handelsvaror
7511,4417,NONE,Råvaror och förnödenheter
7512,4417,NONE,Handelsvaror
7511,4418,NONE,Råvaror och förnödenheter
7512,4418,NONE,Handelsvaror
7511,4419,NONE,Råvaror och förnödenheter
7512,4419,NONE,Handelsvaror
7511,4420,NONE,Råvaror och förnödenheter
7512,4420,NONE,Handelsvaror
7511,4421,NONE,Råvaror och förnödenheter
7512,4421,NONE,Handelsvaror
7511,4422,NONE,Råvaror och förnödenheter
7512,4422,NONE,Handelsvaror
7511,4423,NONE,Råvaror och förnödenheter
7512,4423,NONE,Handelsvaror
7511,4424,NONE,Råvaror och förnödenheter
7512,4424,NONE,Handelsvaror
7511,4425,NONE,Råvaror och förnödenheter
7512,4425,NONE,Handelsvaror
7511,4426,NONE,Råvaror och förnödenheter
7512,4426,NONE,Handelsvaror
7511,4427,NONE,Råvaror och förnödenheter
7512,4427,NONE,Handelsvaror
7511,4428,NONE,Råvaror och förnödenheter
7512,4428,NONE,Handelsvaror
7511,4429,NONE,Råvaror och förnödenheter
7512,4429,NONE,Handelsvaror
7511,4430,NONE,Råvaror och förnödenheter
7512,4430,NONE,Handelsvaror
7511,4431,NONE,Råvaror och förnödenheter
7512,4431,NONE,Handelsvaror
7511,4432,NONE,Råvaror och förnödenheter
7512,4432,NONE,Handelsvaror
7511,4433,NONE,Råvaror och förnödenheter
7512,4433,NONE,Handelsvaror
7511,4434,NONE,Råvaror och förnödenheter
7512,4434,NONE,Handelsvaror
7511,4435,NONE,Råvaror och förnödenheter
7512,4435,NONE,Handelsvaror
7511,4436,NONE,Råvaror och förnödenheter
7512,4436,NONE,Handelsvaror
7511,4437,NONE,Råvaror och förnödenheter
7512,4437,NONE,Handelsvaror
7511,4438,NONE,Råvaror och förnödenheter
7512,4438,NONE,Handelsvaror
7511,4439,NONE,Råvaror och förnödenheter
7512,4439,NONE,Handelsvaror
7511,4440,NONE,Råvaror och förnödenheter
7512,4440,NONE,Handelsvaror
7511,4441,NONE,Råvaror och förnödenheter
7512,4441,NONE,Handelsvaror
7511,4442,NONE,Råvaror och förnödenheter
7512,4442,NONE,Handelsvaror
7511,4443,NONE,Råvaror och förnödenheter
7512,4443,NONE,Handelsvaror
7511,4444,NONE,Råvaror och förnödenheter
7512,4444,NONE,Handelsvaror
7511,4445,NONE,Råvaror och förnödenheter
7512,4445,NONE,Handelsvaror
7511,4446,NONE,Råvaror och förnödenheter
7512,4446,NONE,Handelsvaror
7511,4447,NONE,Råvaror och förnödenheter
7512,4447,NONE,Handelsvaror
7511,4448,NONE,Råvaror och förnödenheter
7512,4448,NONE,Handelsvaror
7511,4449,NONE,Råvaror och förnödenheter
7512,4449,NONE,Handelsvaror
7511,4450,NONE,Råvaror och förnödenheter
7512,4450,NONE,Handelsvaror
7511,4451,NONE,Råvaror och förnödenheter
7512,4451,NONE,Handelsvaror
7511,4452,NONE,Råvaror och förnödenheter
7512,4452,NONE,Handelsvaror
7511,4453,NONE,Råvaror och förnödenheter
7512,4453,NONE,Handelsvaror
7511,4454,NONE,Råvaror och förnödenheter
7512,4454,NONE,Handelsvaror
7511,4455,NONE,Råvaror och förnödenheter
7512,4455,NONE,Handelsvaror
7511,4456,NONE,Råvaror och förnödenheter
7512,4456,NONE,Handelsvaror
7511,4457,NONE,Råvaror och förnödenheter
7512,4457,NONE,Handelsvaror
7511,4458,NONE,Råvaror och förnödenheter
7512,4458,NONE,Handelsvaror
7511,4459,NONE,Råvaror och förnödenheter
7512,4459,NONE,Handelsvaror
7511,4460,NONE,Råvaror och förnödenheter
7512,4460,NONE,Handelsvaror
7511,4461,NONE,Råvaror och förnödenheter
7512,4461,NONE,Handelsvaror
7511,4462,NONE,Råvaror och förnödenheter
7512,4462,NONE,Handelsvaror
7511,4463,NONE,Råvaror och förnödenheter
7512,4463,NONE,Handelsvaror
7511,4464,NONE,Råvaror och förnödenheter
7512,4464,NONE,Handelsvaror
7511,4465,NONE,Råvaror och förnödenheter
7512,4465,NONE,Handelsvaror
7511,4466,NONE,Råvaror och förnödenheter
7512,4466,NONE,Handelsvaror
7511,4467,NONE,Råvaror och förnödenheter
7512,4467,NONE,Handelsvaror
7511,4468,NONE,Råvaror och förnödenheter
7512,4468,NONE,Handelsvaror
7511,4469,NONE,Råvaror och förnödenheter
7512,4469,NONE,Handelsvaror
7511,4470,NONE,Råvaror och förnödenheter
7512,4470,NONE,Handelsvaror
7511,4471,NONE,Råvaror och förnödenheter
7512,4471,NONE,Handelsvaror
7511,4472,NONE,Råvaror och förnödenheter
7512,4472,NONE,Handelsvaror
7511,4473,NONE,Råvaror och förnödenheter
7512,4473,NONE,Handelsvaror
7511,4474,NONE,Råvaror och förnödenheter
7512,4474,NONE,Handelsvaror
7511,4475,NONE,Råvaror och förnödenheter
7512,4475,NONE,Handelsvaror
7511,4476,NONE,Råvaror och förnödenheter
7512,4476,NONE,Handelsvaror
7511,4477,NONE,Råvaror och förnödenheter
7512,4477,NONE,Handelsvaror
7511,4478,NONE,Råvaror och förnödenheter
7512,4478,NONE,Handelsvaror
7511,4479,NONE,Råvaror och förnödenheter
7512,4479,NONE,Handelsvaror
7511,4480,NONE,Råvaror och förnödenheter
7512,4480,NONE,Handelsvaror
7511,4481,NONE,Råvaror och förnödenheter
7512,4481,NONE,Handelsvaror
7511,4482,NONE,Råvaror och förnödenheter
7512,4482,NONE,Handelsvaror
7511,4483,NONE,Råvaror och förnödenheter
7512,4483,NONE,Handelsvaror
7511,4484,NONE,Råvaror och förnödenheter
7512,4484,NONE,Handelsvaror
7511,4485,NONE,Råvaror och förnödenheter
7512,4485,NONE,Handelsvaror
7511,4486,NONE,Råvaror och förnödenheter
7512,4486,NONE,Handelsvaror
7511,4487,NONE,Råvaror och förnödenheter
7512,4487,NONE,Handelsvaror
7511,4488,NONE,Råvaror och förnödenheter
7512,4488,NONE,Handelsvaror
7511,4489,NONE,Råvaror och förnödenheter
7512,4489,NONE,Handelsvaror
7511,4490,NONE,Råvaror och förnödenheter
7512,4490,NONE,Handelsvaror
7511,4491,NONE,Råvaror och förnödenheter
7512,4491,NONE,Handelsvaror
7511,4492,NONE,Råvaror och förnödenheter
7512,4492,NONE,Handelsvaror
7511,4493,NONE,Råvaror och förnödenheter
7512,4493,NONE,Handelsvaror
7511,4494,NONE,Råvaror och förnödenheter
7512,4494,NONE,Handelsvaror
7511,4495,NONE,Råvaror och förnödenheter
7512,4495,NONE,Handelsvaror
7511,4496,NONE,Råvaror och förnödenheter
7512,4496,NONE,Handelsvaror
7511,4497,NONE,Råvaror och förnödenheter
7512,4497,NONE,Handelsvaror
7511,4498,NONE,Råvaror och förnödenheter
7512,4498,NONE,Handelsvaror
7511,4499,NONE,Råvaror och förnödenheter
7512,4499,NONE,Handelsvaror
7511,4500,NONE,Råvaror och förnödenheter
7512,4500,NONE,Handelsvaror
7511,4501,NONE,Råvaror och förnödenheter
7512,4501,NONE,Handelsvaror
7511,4502,NONE,Råvaror och förnödenheter
7512,4502,NONE,Handelsvaror
7511,4503,NONE,Råvaror och förnödenheter
7512,4503,NONE,Handelsvaror
7511,4504,NONE,Råvaror och förnödenheter
7512,4504,NONE,Handelsvaror
7511,4505,NONE,Råvaror och förnödenheter
7512,4505,NONE,Handelsvaror
7511,4506,NONE,Råvaror och förnödenheter
7512,4506,NONE,Handelsvaror
7511,4507,NONE,Råvaror och förnödenheter
7512,4507,NONE,Handelsvaror
7511,4508,NONE,Råvaror och förnödenheter
7512,4508,NONE,Handelsvaror
7511,4509,NONE,Råvaror och förnödenheter
7512,4509,NONE,Handelsvaror
7511,4510,NONE,Råvaror och förnödenheter
7512,4510,NONE,Handelsvaror
7511,4511,NONE,Råvaror och förnödenheter
7512,4511,NONE,Handelsvaror
7511,4512,NONE,Råvaror och förnödenheter
7512,4512,NONE,Handelsvaror
7511,4513,NONE,Råvaror och förnödenheter
7512,4513,NONE,Handelsvaror
7511,4514,NONE,Råvaror och förnödenheter
7512,4514,NONE,Handelsvaror
7511,4515,NONE,Råvaror och förnödenheter
7512,4515,NONE,Handelsvaror
7511,4516,NONE,Råvaror och förnödenheter
7512,4516,NONE,Handelsvaror
7511,4517,NONE,Råvaror och förnödenheter
7512,4517,NONE,Handelsvaror
7511,4518,NONE,Råvaror och förnödenheter
7512,4518,NONE,Handelsvaror
7511,4519,NONE,Råvaror och förnödenheter
7512,4519,NONE,Handelsvaror
7511,4520,NONE,Råvaror och förnödenheter
7512,4520,NONE,Handelsvaror
7511,4521,NONE,Råvaror och förnödenheter
7512,4521,NONE,Handelsvaror
7511,4522,NONE,Råvaror och förnödenheter
7512,4522,NONE,Handelsvaror
7511,4523,NONE,Råvaror och förnödenheter
7512,4523,NONE,Handelsvaror
7511,4524,NONE,Råvaror och förnödenheter
7512,4524,NONE,Handelsvaror
7511,4525,NONE,Råvaror och förnödenheter
7512,4525,NONE,Handelsvaror
7511,4526,NONE,Råvaror och förnödenheter
7512,4526,NONE,Handelsvaror
7511,4527,NONE,Råvaror och förnödenheter
7512,4527,NONE,Handelsvaror
7511,4528,NONE,Råvaror och förnödenheter
7512,4528,NONE,Handelsvaror
7511,4529,NONE,Råvaror och förnödenheter
7512,4529,NONE,Handelsvaror
7511,4530,NONE,Råvaror och förnödenheter
7512,4530,NONE,Handelsvaror
7511,4531,NONE,Råvaror och förnödenheter
7512,4531,NONE,Handelsvaror
7511,4532,NONE,Råvaror och förnödenheter
7512,4532,NONE,Handelsvaror
7511,4533,NONE,Råvaror och förnödenheter
7512,4533,NONE,Handelsvaror
7511,4534,NONE,Råvaror och förnödenheter
7512,4534,NONE,Handelsvaror
7511,4535,NONE,Råvaror och förnödenheter
7512,4535,NONE,Handelsvaror
7511,4536,NONE,Råvaror och förnödenheter
7512,4536,NONE,Handelsvaror
7511,4537,NONE,Råvaror och förnödenheter
7512,4537,NONE,Handelsvaror
7511,4538,NONE,Råvaror och förnödenheter
7512,4538,NONE,Handelsvaror
7511,4539,NONE,Råvaror och förnödenheter
7512,4539,NONE,Handelsvaror
7511,4540,NONE,Råvaror och förnödenheter
7512,4540,NONE,Handelsvaror
7511,4541,NONE,Råvaror och förnödenheter
7512,4541,NONE,Handelsvaror
7511,4542,NONE,Råvaror och förnödenheter
7512,4542,NONE,Handelsvaror
7511,4543,NONE,Råvaror och förnödenheter
7512,4543,NONE,Handelsvaror
7511,4544,NONE,Råvaror och förnödenheter
7512,4544,NONE,Handelsvaror
7511,4545,NONE,Råvaror och förnödenheter
7512,4545,NONE,Handelsvaror
7511,4546,NONE,Råvaror och förnödenheter
7512,4546,NONE,Handelsvaror
7511,4547,NONE,Råvaror och förnödenheter
7512,4547,NONE,Handelsvaror
7511,4548,NONE,Råvaror och förnödenheter
7512,4548,NONE,Handelsvaror
7511,4549,NONE,Råvaror och förnödenheter
7512,4549,NONE,Handelsvaror
7511,4550,NONE,Råvaror och förnödenheter
7512,4550,NONE,Handelsvaror
7511,4551,NONE,Råvaror och förnödenheter
7512,4551,NONE,Handelsvaror
7511,4552,NONE,Råvaror och förnödenheter
7512,4552,NONE,Handelsvaror
7511,4553,NONE,Råvaror och förnödenheter
7512,4553,NONE,Handelsvaror
7511,4554,NONE,Råvaror och förnödenheter
7512,4554,NONE,Handelsvaror
7511,4555,NONE,Råvaror och förnödenheter
7512,4555,NONE,Handelsvaror
7511,4556,NONE,Råvaror och förnödenheter
7512,4556,NONE,Handelsvaror
7511,4557,NONE,Råvaror och förnödenheter
7512,4557,NONE,Handelsvaror
7511,4558,NONE,Råvaror och förnödenheter
7512,4558,NONE,Handelsvaror
7511,4559,NONE,Råvaror och förnödenheter
7512,4559,NONE,Handelsvaror
7511,4560,NONE,Råvaror och förnödenheter
7512,4560,NONE,Handelsvaror
7511,4561,NONE,Råvaror och förnödenheter
7512,4561,NONE,Handelsvaror
7511,4562,NONE,Råvaror och förnödenheter
7512,4562,NONE,Handelsvaror
7511,4563,NONE,Råvaror och förnödenheter
7512,4563,NONE,Handelsvaror
7511,4564,NONE,Råvaror och förnödenheter
7512,4564,NONE,Handelsvaror
7511,4565,NONE,Råvaror och förnödenheter
7512,4565,NONE,Handelsvaror
7511,4566,NONE,Råvaror och förnödenheter
7512,4566,NONE,Handelsvaror
7511,4567,NONE,Råvaror och förnödenheter
7512,4567,NONE,Handelsvaror
7511,4568,NONE,Råvaror och förnödenheter
7512,4568,NONE,Handelsvaror
7511,4569,NONE,Råvaror och förnödenheter
7512,4569,NONE,Handelsvaror
7511,4570,NONE,Råvaror och förnödenheter
7512,4570,NONE,Handelsvaror
7511,4571,NONE,Råvaror och förnödenheter
7512,4571,NONE,Handelsvaror
7511,4572,NONE,Råvaror och förnödenheter
7512,4572,NONE,Handelsvaror
7511,4573,NONE,Råvaror och förnödenheter
7512,4573,NONE,Handelsvaror
7511,4574,NONE,Råvaror och förnödenheter
7512,4574,NONE,Handelsvaror
7511,4575,NONE,Råvaror och förnödenheter
7512,4575,NONE,Handelsvaror
7511,4576,NONE,Råvaror och förnödenheter
7512,4576,NONE,Handelsvaror
7511,4577,NONE,Råvaror och förnödenheter
7512,4577,NONE,Handelsvaror
7511,4578,NONE,Råvaror och förnödenheter
7512,4578,NONE,Handelsvaror
7511,4579,NONE,Råvaror och förnödenheter
7512,4579,NONE,Handelsvaror
7511,4580,NONE,Råvaror och förnödenheter
7512,4580,NONE,Handelsvaror
7511,4581,NONE,Råvaror och förnödenheter
7512,4581,NONE,Handelsvaror
7511,4582,NONE,Råvaror och förnödenheter
7512,4582,NONE,Handelsvaror
7511,4583,NONE,Råvaror och förnödenheter
7512,4583,NONE,Handelsvaror
7511,4584,NONE,Råvaror och förnödenheter
7512,4584,NONE,Handelsvaror
7511,4585,NONE,Råvaror och förnödenheter
7512,4585,NONE,Handelsvaror
7511,4586,NONE,Råvaror och förnödenheter
7512,4586,NONE,Handelsvaror
7511,4587,NONE,Råvaror och förnödenheter
7512,4587,NONE,Handelsvaror
7511,4588,NONE,Råvaror och förnödenheter
7512,4588,NONE,Handelsvaror
7511,4589,NONE,Råvaror och förnödenheter
7512,4589,NONE,Handelsvaror
7511,4590,NONE,Råvaror och förnödenheter
7512,4590,NONE,Handelsvaror
7511,4591,NONE,Råvaror och förnödenheter
7512,4591,NONE,Handelsvaror
7511,4592,NONE,Råvaror och förnödenheter
7512,4592,NONE,Handelsvaror
7511,4593,NONE,Råvaror och förnödenheter
7512,4593,NONE,Handelsvaror
7511,4594,NONE,Råvaror och förnödenheter
7512,4594,NONE,Handelsvaror
7511,4595,NONE,Råvaror och förnödenheter
7512,4595,NONE,Handelsvaror
7511,4596,NONE,Råvaror och förnödenheter
7512,4596,NONE,Handelsvaror
7511,4597,NONE,Råvaror och förnödenheter
7512,4597,NONE,Handelsvaror
7511,4598,NONE,Råvaror och förnödenheter
7512,4598,NONE,Handelsvaror
7511,4599,NONE,Råvaror och förnödenheter
7512,4599,NONE,Handelsvaror
7511,4600,NONE,Råvaror och förnödenheter
7512,4600,NONE,Handelsvaror
7511,4601,NONE,Råvaror och förnödenheter
7512,4601,NONE,Handelsvaror
7511,4602,NONE,Råvaror och förnödenheter
7512,4602,NONE,Handelsvaror
7511,4603,NONE,Råvaror och förnödenheter
7512,4603,NONE,Handelsvaror
7511,4604,NONE,Råvaror och förnödenheter
7512,4604,NONE,Handelsvaror
7511,4605,NONE,Råvaror och förnödenheter
7512,4605,NONE,Handelsvaror
7511,4606,NONE,Råvaror och förnödenheter
7512,4606,NONE,Handelsvaror
7511,4607,NONE,Råvaror och förnödenheter
7512,4607,NONE,Handelsvaror
7511,4608,NONE,Råvaror och förnödenheter
7512,4608,NONE,Handelsvaror
7511,4609,NONE,Råvaror och förnödenheter
7512,4609,NONE,Handelsvaror
7511,4610,NONE,Råvaror och förnödenheter
7512,4610,NONE,Handelsvaror
7511,4611,NONE,Råvaror och förnödenheter
7512,4611,NONE,Handelsvaror
7511,4612,NONE,Råvaror och förnödenheter
7512,4612,NONE,Handelsvaror
7511,4613,NONE,Råvaror och förnödenheter
7512,4613,NONE,Handelsvaror
7511,4614,NONE,Råvaror och förnödenheter
7512,4614,NONE,Handelsvaror
7511,4615,NONE,Råvaror och förnödenheter
7512,4615,NONE,Handelsvaror
7511,4616,NONE,Råvaror och förnödenheter
7512,4616,NONE,Handelsvaror
7511,4617,NONE,Råvaror och förnödenheter
7512,4617,NONE,Handelsvaror
7511,4618,NONE,Råvaror och förnödenheter
7512,4618,NONE,Handelsvaror
7511,4619,NONE,Råvaror och förnödenheter
7512,4619,NONE,Handelsvaror
7511,4620,NONE,Råvaror och förnödenheter
7512,4620,NONE,Handelsvaror
7511,4621,NONE,Råvaror och förnödenheter
7512,4621,NONE,Handelsvaror
7511,4622,NONE,Råvaror och förnödenheter
7512,4622,NONE,Handelsvaror
7511,4623,NONE,Råvaror och förnödenheter
7512,4623,NONE,Handelsvaror
7511,4624,NONE,Råvaror och förnödenheter
7512,4624,NONE,Handelsvaror
7511,4625,NONE,Råvaror och förnödenheter
7512,4625,NONE,Handelsvaror
7511,4626,NONE,Råvaror och förnödenheter
7512,4626,NONE,Handelsvaror
7511,4627,NONE,Råvaror och förnödenheter
7512,4627,NONE,Handelsvaror
7511,4628,NONE,Råvaror och förnödenheter
7512,4628,NONE,Handelsvaror
7511,4629,NONE,Råvaror och förnödenheter
7512,4629,NONE,Handelsvaror
7511,4630,NONE,Råvaror och förnödenheter
7512,4630,NONE,Handelsvaror
7511,4631,NONE,Råvaror och förnödenheter
7512,4631,NONE,Handelsvaror
7511,4632,NONE,Råvaror och förnödenheter
7512,4632,NONE,Handelsvaror
7511,4633,NONE,Råvaror och förnödenheter
7512,4633,NONE,Handelsvaror
7511,4634,NONE,Råvaror och förnödenheter
7512,4634,NONE,Handelsvaror
7511,4635,NONE,Råvaror och förnödenheter
7512,4635,NONE,Handelsvaror
7511,4636,NONE,Råvaror och förnödenheter
7512,4636,NONE,Handelsvaror
7511,4637,NONE,Råvaror och förnödenheter
7512,4637,NONE,Handelsvaror
7511,4638,NONE,Råvaror och förnödenheter
7512,4638,NONE,Handelsvaror
7511,4639,NONE,Råvaror och förnödenheter
7512,4639,NONE,Handelsvaror
7511,4640,NONE,Råvaror och förnödenheter
7512,4640,NONE,Handelsvaror
7511,4641,NONE,Råvaror och förnödenheter
7512,4641,NONE,Handelsvaror
7511,4642,NONE,Råvaror och förnödenheter
7512,4642,NONE,Handelsvaror
7511,4643,NONE,Råvaror och förnödenheter
7512,4643,NONE,Handelsvaror
7511,4644,NONE,Råvaror och förnödenheter
7512,4644,NONE,Handelsvaror
7511,4645,NONE,Råvaror och förnödenheter
7512,4645,NONE,Handelsvaror
7511,4646,NONE,Råvaror och förnödenheter
7512,4646,NONE,Handelsvaror
7511,4647,NONE,Råvaror och förnödenheter
7512,4647,NONE,Handelsvaror
7511,4648,NONE,Råvaror och förnödenheter
7512,4648,NONE,Handelsvaror
7511,4649,NONE,Råvaror och förnödenheter
7512,4649,NONE,Handelsvaror
7511,4650,NONE,Råvaror och förnödenheter
7512,4650,NONE,Handelsvaror
7511,4651,NONE,Råvaror och förnödenheter
7512,4651,NONE,Handelsvaror
7511,4652,NONE,Råvaror och förnödenheter
7512,4652,NONE,Handelsvaror
7511,4653,NONE,Råvaror och förnödenheter
7512,4653,NONE,Handelsvaror
7511,4654,NONE,Råvaror och förnödenheter
7512,4654,NONE,Handelsvaror
7511,4655,NONE,Råvaror och förnödenheter
7512,4655,NONE,Handelsvaror
7511,4656,NONE,Råvaror och förnödenheter
7512,4656,NONE,Handelsvaror
7511,4657,NONE,Råvaror och förnödenheter
7512,4657,NONE,Handelsvaror
7511,4658,NONE,Råvaror och förnödenheter
7512,4658,NONE,Handelsvaror
7511,4659,NONE,Råvaror och förnödenheter
7512,4659,NONE,Handelsvaror
7511,4660,NONE,Råvaror och förnödenheter
7512,4660,NONE,Handelsvaror
7511,4661,NONE,Råvaror och förnödenheter
7512,4661,NONE,Handelsvaror
7511,4662,NONE,Råvaror och förnödenheter
7512,4662,NONE,Handelsvaror
7511,4663,NONE,Råvaror och förnödenheter
7512,4663,NONE,Handelsvaror
7511,4664,NONE,Råvaror och förnödenheter
7512,4664,NONE,Handelsvaror
7511,4665,NONE,Råvaror och förnödenheter
7512,4665,NONE,Handelsvaror
7511,4666,NONE,Råvaror och förnödenheter
7512,4666,NONE,Handelsvaror
7511,4667,NONE,Råvaror och förnödenheter
7512,4667,NONE,Handelsvaror
7511,4668,NONE,Råvaror och förnödenheter
7512,4668,NONE,Handelsvaror
7511,4669,NONE,Råvaror och förnödenheter
7512,4669,NONE,Handelsvaror
7511,4670,NONE,Råvaror och förnödenheter
7512,4670,NONE,Handelsvaror
7511,4671,NONE,Råvaror och förnödenheter
7512,4671,NONE,Handelsvaror
7511,4672,NONE,Råvaror och förnödenheter
7512,4672,NONE,Handelsvaror
7511,4673,NONE,Råvaror och förnödenheter
7512,4673,NONE,Handelsvaror
7511,4674,NONE,Råvaror och förnödenheter
7512,4674,NONE,Handelsvaror
7511,4675,NONE,Råvaror och förnödenheter
7512,4675,NONE,Handelsvaror
7511,4676,NONE,Råvaror och förnödenheter
7512,4676,NONE,Handelsvaror
7511,4677,NONE,Råvaror och förnödenheter
7512,4677,NONE,Handelsvaror
7511,4678,NONE,Råvaror och förnödenheter
7512,4678,NONE,Handelsvaror
7511,4679,NONE,Råvaror och förnödenheter
7512,4679,NONE,Handelsvaror
7511,4680,NONE,Råvaror och förnödenheter
7512,4680,NONE,Handelsvaror
7511,4681,NONE,Råvaror och förnödenheter
7512,4681,NONE,Handelsvaror
7511,4682,NONE,Råvaror och förnödenheter
7512,4682,NONE,Handelsvaror
7511,4683,NONE,Råvaror och förnödenheter
7512,4683,NONE,Handelsvaror
7511,4684,NONE,Råvaror och förnödenheter
7512,4684,NONE,Handelsvaror
7511,4685,NONE,Råvaror och förnödenheter
7512,4685,NONE,Handelsvaror
7511,4686,NONE,Råvaror och förnödenheter
7512,4686,NONE,Handelsvaror
7511,4687,NONE,Råvaror och förnödenheter
7512,4687,NONE,Handelsvaror
7511,4688,NONE,Råvaror och förnödenheter
7512,4688,NONE,Handelsvaror
7511,4689,NONE,Råvaror och förnödenheter
7512,4689,NONE,Handelsvaror
7511,4690,NONE,Råvaror och förnödenheter
7512,4690,NONE,Handelsvaror
7511,4691,NONE,Råvaror och förnödenheter
7512,4691,NONE,Handelsvaror
7511,4692,NONE,Råvaror och förnödenheter
7512,4692,NONE,Handelsvaror
7511,4693,NONE,Råvaror och förnödenheter
7512,4693,NONE,Handelsvaror
7511,4694,NONE,Råvaror och förnödenheter
7512,4694,NONE,Handelsvaror
7511,4695,NONE,Råvaror och förnödenheter
7512,4695,NONE,Handelsvaror
7511,4696,NONE,Råvaror och förnödenheter
7512,4696,NONE,Handelsvaror
7511,4697,NONE,Råvaror och förnödenheter
7512,4697,NONE,Handelsvaror
7511,4698,NONE,Råvaror och förnödenheter
7512,4698,NONE,Handelsvaror
7511,4699,NONE,Råvaror och förnödenheter
7512,4699,NONE,Handelsvaror
7511,4700,NONE,Råvaror och förnödenheter
7512,4700,NONE,Handelsvaror
7511,4701,NONE,Råvaror och förnödenheter
7512,4701,NONE,Handelsvaror
7511,4702,NONE,Råvaror och förnödenheter
7512,4702,NONE,Handelsvaror
7511,4703,NONE,Råvaror och förnödenheter
7512,4703,NONE,Handelsvaror
7511,4704,NONE,Råvaror och förnödenheter
7512,4704,NONE,Handelsvaror
7511,4705,NONE,Råvaror och förnödenheter
7512,4705,NONE,Handelsvaror
7511,4706,NONE,Råvaror och förnödenheter
7512,4706,NONE,Handelsvaror
7511,4707,NONE,Råvaror och förnödenheter
7512,4707,NONE,Handelsvaror
7511,4708,NONE,Råvaror och förnödenheter
7512,4708,NONE,Handelsvaror
7511,4709,NONE,Råvaror och förnödenheter
7512,4709,NONE,Handelsvaror
7511,4710,NONE,Råvaror och förnödenheter
7512,4710,NONE,Handelsvaror
7511,4711,NONE,Råvaror och förnödenheter
7512,4711,NONE,Handelsvaror
7511,4712,NONE,Råvaror och förnödenheter
7512,4712,NONE,Handelsvaror
7511,4713,NONE,Råvaror och förnödenheter
7512,4713,NONE,Handelsvaror
7511,4714,NONE,Råvaror och förnödenheter
7512,4714,NONE,Handelsvaror
7511,4715,NONE,Råvaror och förnödenheter
7512,4715,NONE,Handelsvaror
7511,4716,NONE,Råvaror och förnödenheter
7512,4716,NONE,Handelsvaror
7511,4717,NONE,Råvaror och förnödenheter
7512,4717,NONE,Handelsvaror
7511,4718,NONE,Råvaror och förnödenheter
7512,4718,NONE,Handelsvaror
7511,4719,NONE,Råvaror och förnödenheter
7512,4719,NONE,Handelsvaror
7511,4720,NONE,Råvaror och förnödenheter
7512,4720,NONE,Handelsvaror
7511,4721,NONE,Råvaror och förnödenheter
7512,4721,NONE,Handelsvaror
7511,4722,NONE,Råvaror och förnödenheter
7512,4722,NONE,Handelsvaror
7511,4723,NONE,Råvaror och förnödenheter
7512,4723,NONE,Handelsvaror
7511,4724,NONE,Råvaror och förnödenheter
7512,4724,NONE,Handelsvaror
7511,4725,NONE,Råvaror och förnödenheter
7512,4725,NONE,Handelsvaror
7511,4726,NONE,Råvaror och förnödenheter
7512,4726,NONE,Handelsvaror
7511,4727,NONE,Råvaror och förnödenheter
7512,4727,NONE,Handelsvaror
7511,4728,NONE,Råvaror och förnödenheter
7512,4728,NONE,Handelsvaror
7511,4729,NONE,Råvaror och förnödenheter
7512,4729,NONE,Handelsvaror
7511,4730,NONE,Råvaror och förnödenheter
7512,4730,NONE,Handelsvaror
7511,4731,NONE,Råvaror och förnödenheter
7512,4731,NONE,Handelsvaror
7511,4732,NONE,Råvaror och förnödenheter
7512,4732,NONE,Handelsvaror
7511,4733,NONE,Råvaror och förnödenheter
7512,4733,NONE,Handelsvaror
7511,4734,NONE,Råvaror och förnödenheter
7512,4734,NONE,Handelsvaror
7511,4735,NONE,Råvaror och förnödenheter
7512,4735,NONE,Handelsvaror
7511,4736,NONE,Råvaror och förnödenheter
7512,4736,NONE,Handelsvaror
7511,4737,NONE,Råvaror och förnödenheter
7512,4737,NONE,Handelsvaror
7511,4738,NONE,Råvaror och förnödenheter
7512,4738,NONE,Handelsvaror
7511,4739,NONE,Råvaror och förnödenheter
7512,4739,NONE,Handelsvaror
7511,4740,NONE,Råvaror och förnödenheter
7512,4740,NONE,Handelsvaror
7511,4741,NONE,Råvaror och förnödenheter
7512,4741,NONE,Handelsvaror
7511,4742,NONE,Råvaror och förnödenheter
7512,4742,NONE,Handelsvaror
7511,4743,NONE,Råvaror och förnödenheter
7512,4743,NONE,Handelsvaror
7511,4744,NONE,Råvaror och förnödenheter
7512,4744,NONE,Handelsvaror
7511,4745,NONE,Råvaror och förnödenheter
7512,4745,NONE,Handelsvaror
7511,4746,NONE,Råvaror och förnödenheter
7512,4746,NONE,Handelsvaror
7511,4747,NONE,Råvaror och förnödenheter
7512,4747,NONE,Handelsvaror
7511,4748,NONE,Råvaror och förnödenheter
7512,4748,NONE,Handelsvaror
7511,4749,NONE,Råvaror och förnödenheter
7512,4749,NONE,Handelsvaror
7511,4750,NONE,Råvaror och förnödenheter
7512,4750,NONE,Handelsvaror
7511,4751,NONE,Råvaror och förnödenheter
7512,4751,NONE,Handelsvaror
7511,4752,NONE,Råvaror och förnödenheter
7512,4752,NONE,Handelsvaror
7511,4753,NONE,Råvaror och förnödenheter
7512,4753,NONE,Handelsvaror
7511,4754,NONE,Råvaror och förnödenheter
7512,4754,NONE,Handelsvaror
7511,4755,NONE,Råvaror och förnödenheter
7512,4755,NONE,Handelsvaror
7511,4756,NONE,Råvaror och förnödenheter
7512,4756,NONE,Handelsvaror
7511,4757,NONE,Råvaror och förnödenheter
7512,4757,NONE,Handelsvaror
7511,4758,NONE,Råvaror och förnödenheter
7512,4758,NONE,Handelsvaror
7511,4759,NONE,Råvaror och förnödenheter
7512,4759,NONE,Handelsvaror
7511,4760,NONE,Råvaror och förnödenheter
7512,4760,NONE,Handelsvaror
7511,4761,NONE,Råvaror och förnödenheter
7512,4761,NONE,Handelsvaror
7511,4762,NONE,Råvaror och förnödenheter
7512,4762,NONE,Handelsvaror
7511,4763,NONE,Råvaror och förnödenheter
7512,4763,NONE,Handelsvaror
7511,4764,NONE,Råvaror och förnödenheter
7512,4764,NONE,Handelsvaror
7511,4765,NONE,Råvaror och förnödenheter
7512,4765,NONE,Handelsvaror
7511,4766,NONE,Råvaror och förnödenheter
7512,4766,NONE,Handelsvaror
7511,4767,NONE,Råvaror och förnödenheter
7512,4767,NONE,Handelsvaror
7511,4768,NONE,Råvaror och förnödenheter
7512,4768,NONE,Handelsvaror
7511,4769,NONE,Råvaror och förnödenheter
7512,4769,NONE,Handelsvaror
7511,4770,NONE,Råvaror och förnödenheter
7512,4770,NONE,Handelsvaror
7511,4771,NONE,Råvaror och förnödenheter
7512,4771,NONE,Handelsvaror
7511,4772,NONE,Råvaror och förnödenheter
7512,4772,NONE,Handelsvaror
7511,4773,NONE,Råvaror och förnödenheter
7512,4773,NONE,Handelsvaror
7511,4774,NONE,Råvaror och förnödenheter
7512,4774,NONE,Handelsvaror
7511,4775,NONE,Råvaror och förnödenheter
7512,4775,NONE,Handelsvaror
7511,4776,NONE,Råvaror och förnödenheter
7512,4776,NONE,Handelsvaror
7511,4777,NONE,Råvaror och förnödenheter
7512,4777,NONE,Handelsvaror
7511,4778,NONE,Råvaror och förnödenheter
7512,4778,NONE,Handelsvaror
7511,4779,NONE,Råvaror och förnödenheter
7512,4779,NONE,Handelsvaror
7511,4780,NONE,Råvaror och förnödenheter
7512,4780,NONE,Handelsvaror
7511,4781,NONE,Råvaror och förnödenheter
7512,4781,NONE,Handelsvaror
7511,4782,NONE,Råvaror och förnödenheter
7512,4782,NONE,Handelsvaror
7511,4783,NONE,Råvaror och förnödenheter
7512,4783,NONE,Handelsvaror
7511,4784,NONE,Råvaror och förnödenheter
7512,4784,NONE,Handelsvaror
7511,4785,NONE,Råvaror och förnödenheter
7512,4785,NONE,Handelsvaror
7511,4786,NONE,Råvaror och förnödenheter
7512,4786,NONE,Handelsvaror
7511,4787,NONE,Råvaror och förnödenheter
7512,4787,NONE,Handelsvaror
7511,4788,NONE,Råvaror och förnödenheter
7512,4788,NONE,Handelsvaror
7511,4789,NONE,Råvaror och förnödenheter
7512,4789,NONE,Handelsvaror
7511,4790,NONE,Råvaror och förnödenheter
7512,4790,NONE,Handelsvaror
7511,4791,NONE,Råvaror och förnödenheter
7512,4791,NONE,Handelsvaror
7511,4792,NONE,Råvaror och förnödenheter
7512,4792,NONE,Handelsvaror
7511,4793,NONE,Råvaror och förnödenheter
7512,4793,NONE,Handelsvaror
7511,4794,NONE,Råvaror och förnödenheter
7512,4794,NONE,Handelsvaror
7511,4795,NONE,Råvaror och förnödenheter
7512,4795,NONE,Handelsvaror
7511,4796,NONE,Råvaror och förnödenheter
7512,4796,NONE,Handelsvaror
7511,4797,NONE,Råvaror och förnödenheter
7512,4797,NONE,Handelsvaror
7511,4798,NONE,Råvaror och förnödenheter
7512,4798,NONE,Handelsvaror
7511,4799,NONE,Råvaror och förnödenheter
7512,4799,NONE,Handelsvaror
7411,4900,NET_POSITIVE,Förändring av lager av produkter i arbete, färdiga varor och pågående arbete för annans räkning
7411,4901,NET_POSITIVE,Förändring av lager av produkter i arbete, färdiga varor och pågående arbete för annans räkning
7411,4902,NET_POSITIVE,Förändring av lager av produkter i arbete, färdiga varor och pågående arbete för annans räkning
7411,4903,NET_POSITIVE,Förändring av lager av produkter i arbete, färdiga varor och pågående arbete för annans räkning
7510,4900,NET_NEGATIVE,
7411,4904,NET_POSITIVE,Förändring av lager av produkter i arbete, färdiga varor och pågående arbete för annans räkning
7510,4901,NET_NEGATIVE,
7411,4905,NET_POSITIVE,Förändring av lager av produkter i arbete, färdiga varor och pågående arbete för annans räkning
7510,4902,NET_NEGATIVE,
7411,4906,NET_POSITIVE,Förändring av lager av produkter i arbete, färdiga varor och pågående arbete för annans räkning
7510,4903,NET_NEGATIVE,
7411,4907,NET_POSITIVE,Förändring av lager av produkter i arbete, färdiga varor och pågående arbete för annans räkning
7510,4904,NET_NEGATIVE,
7411,4908,NET_POSITIVE,Förändring av lager av produkter i arbete, färdiga varor och pågående arbete för annans räkning
7510,4905,NET_NEGATIVE,
7411,4909,NET_POSITIVE,Förändring av lager av produkter i arbete, färdiga varor och pågående arbete för annans räkning
7510,4906,NET_NEGATIVE,
7510,4907,NET_NEGATIVE,
7510,4908,NET_NEGATIVE,
7510,4909,NET_NEGATIVE,
7511,4910,NONE,Råvaror och förnödenheter
7511,4911,NONE,Råvaror och förnödenheter
7511,4912,NONE,Råvaror och förnödenheter
7511,4913,NONE,Råvaror och förnödenheter
7511,4914,NONE,Råvaror och förnödenheter
7511,4915,NONE,Råvaror och förnödenheter
7511,4916,NONE,Råvaror och förnödenheter
7511,4917,NONE,Råvaror och förnödenheter
7511,4918,NONE,Råvaror och förnödenheter
7511,4919,NONE,Råvaror och förnödenheter
7511,4920,NONE,Råvaror och förnödenheter
7411,4930,NET_POSITIVE,Förändring av lager av produkter i arbete, färdiga varor och pågående arbete för annans räkning
7411,4931,NET_POSITIVE,Förändring av lager av produkter i arbete, färdiga varor och pågående arbete för annans räkning
7411,4932,NET_POSITIVE,Förändring av lager av produkter i arbete, färdiga varor och pågående arbete för annans räkning
7411,4933,NET_POSITIVE,Förändring av lager av produkter i arbete, färdiga varor och pågående arbete för annans räkning
7510,4930,NET_NEGATIVE,
7411,4934,NET_POSITIVE,Förändring av lager av produkter i arbete, färdiga varor och pågående arbete för annans räkning
7510,4931,NET_NEGATIVE,
7411,4935,NET_POSITIVE,Förändring av lager av produkter i arbete, färdiga varor och pågående arbete för annans räkning
7510,4932,NET_NEGATIVE,
7411,4936,NET_POSITIVE,Förändring av lager av produkter i arbete, färdiga varor och pågående arbete för annans räkning
7510,4933,NET_NEGATIVE,
7411,4937,NET_POSITIVE,Förändring av lager av produkter i arbete, färdiga varor och pågående arbete för annans räkning
7510,4934,NET_NEGATIVE,
7411,4938,NET_POSITIVE,Förändring av lager av produkter i arbete, färdiga varor och pågående arbete för annans räkning
7510,4935,NET_NEGATIVE,
7411,4939,NET_POSITIVE,Förändring av lager av produkter i arbete, färdiga varor och pågående arbete för annans räkning
7510,4936,NET_NEGATIVE,
7411,4940,NET_POSITIVE,Förändring av lager av produkter i arbete, färdiga varor och pågående arbete för annans räkning
7510,4937,NET_NEGATIVE,
7411,4941,NET_POSITIVE,Förändring av lager av produkter i arbete, färdiga varor och pågående arbete för annans räkning
7510,4938,NET_NEGATIVE,
7411,4942,NET_POSITIVE,Förändring av lager av produkter i arbete, färdiga varor och pågående arbete för annans räkning
7510,4939,NET_NEGATIVE,
7411,4943,NET_POSITIVE,Förändring av lager av produkter i arbete, färdiga varor och pågående arbete för annans räkning
7510,4940,NET_NEGATIVE,
7411,4944,NET_POSITIVE,Förändring av lager av produkter i arbete, färdiga varor och pågående arbete för annans räkning
7510,4941,NET_NEGATIVE,
7411,4945,NET_POSITIVE,Förändring av lager av produkter i arbete, färdiga varor och pågående arbete för annans räkning
7510,4942,NET_NEGATIVE,
7411,4946,NET_POSITIVE,Förändring av lager av produkter i arbete, färdiga varor och pågående arbete för annans räkning
7510,4943,NET_NEGATIVE,
7411,4947,NET_POSITIVE,Förändring av lager av produkter i arbete, färdiga varor och pågående arbete för annans räkning
7510,4944,NET_NEGATIVE,
7411,4948,NET_POSITIVE,Förändring av lager av produkter i arbete, färdiga varor och pågående arbete för annans räkning
7510,4945,NET_NEGATIVE,
7411,4949,NET_POSITIVE,Förändring av lager av produkter i arbete, färdiga varor och pågående arbete för annans räkning
7510,4946,NET_NEGATIVE,
7411,4950,NET_POSITIVE,Förändring av lager av produkter i arbete, färdiga varor och pågående arbete för annans räkning
7510,4947,NET_NEGATIVE,
7411,4951,NET_POSITIVE,Förändring av lager av produkter i arbete, färdiga varor och pågående arbete för annans räkning
7510,4948,NET_NEGATIVE,
7411,4952,NET_POSITIVE,Förändring av lager av produkter i arbete, färdiga varor och pågående arbete för annans räkning
7510,4949,NET_NEGATIVE,
7411,4953,NET_POSITIVE,Förändring av lager av produkter i arbete, färdiga varor och pågående arbete för annans räkning
7510,4950,NET_NEGATIVE,
7411,4954,NET_POSITIVE,Förändring av lager av produkter i arbete, färdiga varor och pågående arbete för annans räkning
7510,4951,NET_NEGATIVE,
7411,4955,NET_POSITIVE,Förändring av lager av produkter i arbete, färdiga varor och pågående arbete för annans räkning
7510,4952,NET_NEGATIVE,
7411,4956,NET_POSITIVE,Förändring av lager av produkter i arbete, färdiga varor och pågående arbete för annans räkning
7510,4953,NET_NEGATIVE,
7411,4957,NET_POSITIVE,Förändring av lager av produkter i arbete, färdiga varor och pågående arbete för annans räkning
7510,4954,NET_NEGATIVE,
7411,4958,NET_POSITIVE,Förändring av lager av produkter i arbete, färdiga varor och pågående arbete för annans räkning
7510,4955,NET_NEGATIVE,
7411,4959,NET_POSITIVE,Förändring av lager av produkter i arbete, färdiga varor och pågående arbete för annans räkning
7510,4956,NET_NEGATIVE,
7510,4957,NET_NEGATIVE,
7510,4958,NET_NEGATIVE,
7510,4959,NET_NEGATIVE,
7512,4960,NONE,Handelsvaror
7512,4961,NONE,Handelsvaror
7512,4962,NONE,Handelsvaror
7512,4963,NONE,Handelsvaror
7512,4964,NONE,Handelsvaror
7512,4965,NONE,Handelsvaror
7512,4966,NONE,Handelsvaror
7411,4970,NET_POSITIVE,Förändring av lager av produkter i arbete, färdiga varor och pågående arbete för annans räkning
7512,4967,NONE,Handelsvaror
7411,4971,NET_POSITIVE,Förändring av lager av produkter i arbete, färdiga varor och pågående arbete för annans räkning
7512,4968,NONE,Handelsvaror
7411,4972,NET_POSITIVE,Förändring av lager av produkter i arbete, färdiga varor och pågående arbete för annans räkning
7512,4969,NONE,Handelsvaror
7411,4973,NET_POSITIVE,Förändring av lager av produkter i arbete, färdiga varor och pågående arbete för annans räkning
7510,4970,NET_NEGATIVE,
7411,4974,NET_POSITIVE,Förändring av lager av produkter i arbete, färdiga varor och pågående arbete för annans räkning
7510,4971,NET_NEGATIVE,
7411,4975,NET_POSITIVE,Förändring av lager av produkter i arbete, färdiga varor och pågående arbete för annans räkning
7510,4972,NET_NEGATIVE,
7411,4976,NET_POSITIVE,Förändring av lager av produkter i arbete, färdiga varor och pågående arbete för annans räkning
7510,4973,NET_NEGATIVE,
7411,4977,NET_POSITIVE,Förändring av lager av produkter i arbete, färdiga varor och pågående arbete för annans räkning
7510,4974,NET_NEGATIVE,
7411,4978,NET_POSITIVE,Förändring av lager av produkter i arbete, färdiga varor och pågående arbete för annans räkning
7510,4975,NET_NEGATIVE,
7411,4979,NET_POSITIVE,Förändring av lager av produkter i arbete, färdiga varor och pågående arbete för annans räkning
7510,4976,NET_NEGATIVE,
7510,4977,NET_NEGATIVE,
7510,4978,NET_NEGATIVE,
7510,4979,NET_NEGATIVE,
7512,4980,NONE,Handelsvaror
7512,4981,NONE,Handelsvaror
7512,4982,NONE,Handelsvaror
7512,4983,NONE,Handelsvaror
7512,4984,NONE,Handelsvaror
7512,4985,NONE,Handelsvaror
7512,4986,NONE,Handelsvaror
7411,4990,NET_POSITIVE,Förändring av lager av produkter i arbete, färdiga varor och pågående arbete för annans räkning
7512,4987,NONE,Handelsvaror
7411,4991,NET_POSITIVE,Förändring av lager av produkter i arbete, färdiga varor och pågående arbete för annans räkning
7512,4988,NONE,Handelsvaror
7411,4992,NET_POSITIVE,Förändring av lager av produkter i arbete, färdiga varor och pågående arbete för annans räkning
7512,4989,NONE,Handelsvaror
7411,4993,NET_POSITIVE,Förändring av lager av produkter i arbete, färdiga varor och pågående arbete för annans räkning
7510,4990,NET_NEGATIVE,
7411,4994,NET_POSITIVE,Förändring av lager av produkter i arbete, färdiga varor och pågående arbete för annans räkning
7510,4991,NET_NEGATIVE,
7411,4995,NET_POSITIVE,Förändring av lager av produkter i arbete, färdiga varor och pågående arbete för annans räkning
7510,4992,NET_NEGATIVE,
7411,4996,NET_POSITIVE,Förändring av lager av produkter i arbete, färdiga varor och pågående arbete för annans räkning
7510,4993,NET_NEGATIVE,
7411,4997,NET_POSITIVE,Förändring av lager av produkter i arbete, färdiga varor och pågående arbete för annans räkning
7510,4994,NET_NEGATIVE,
7411,4998,NET_POSITIVE,Förändring av lager av produkter i arbete, färdiga varor och pågående arbete för annans räkning
7510,4995,NET_NEGATIVE,
7411,4999,NET_POSITIVE,Förändring av lager av produkter i arbete, färdiga varor och pågående arbete för annans räkning
7510,4996,NET_NEGATIVE,
7510,4997,NET_NEGATIVE,
7510,4998,NET_NEGATIVE,
7510,4999,NET_NEGATIVE,
7513,5000,NONE,Övriga externa kostnader
7513,5001,NONE,Övriga externa kostnader
7513,5002,NONE,Övriga externa kostnader
7513,5003,NONE,Övriga externa kostnader
7513,5004,NONE,Övriga externa kostnader
7513,5005,NONE,Övriga externa kostnader
7513,5006,NONE,Övriga externa kostnader
7513,5007,NONE,Övriga externa kostnader
7513,5008,NONE,Övriga externa kostnader
7513,5009,NONE,Övriga externa kostnader
7513,5010,NONE,Övriga externa kostnader
7513,5011,NONE,Övriga externa kostnader
7513,5012,NONE,Övriga externa kostnader
7513,5013,NONE,Övriga externa kostnader
7513,5014,NONE,Övriga externa kostnader
7513,5015,NONE,Övriga externa kostnader
7513,5016,NONE,Övriga externa kostnader
7513,5017,NONE,Övriga externa kostnader
7513,5018,NONE,Övriga externa kostnader
7513,5019,NONE,Övriga externa kostnader
7513,5020,NONE,Övriga externa kostnader
7513,5021,NONE,Övriga externa kostnader
7513,5022,NONE,Övriga externa kostnader
7513,5023,NONE,Övriga externa kostnader
7513,5024,NONE,Övriga externa kostnader
7513,5025,NONE,Övriga externa kostnader
7513,5026,NONE,Övriga externa kostnader
7513,5027,NONE,Övriga externa kostnader
7513,5028,NONE,Övriga externa kostnader
7513,5029,NONE,Övriga externa kostnader
7513,5030,NONE,Övriga externa kostnader
7513,5031,NONE,Övriga externa kostnader
7513,5032,NONE,Övriga externa kostnader
7513,5033,NONE,Övriga externa kostnader
7513,5034,NONE,Övriga externa kostnader
7513,5035,NONE,Övriga externa kostnader
7513,5036,NONE,Övriga externa kostnader
7513,5037,NONE,Övriga externa kostnader
7513,5038,NONE,Övriga externa kostnader
7513,5039,NONE,Övriga externa kostnader
7513,5040,NONE,Övriga externa kostnader
7513,5041,NONE,Övriga externa kostnader
7513,5042,NONE,Övriga externa kostnader
7513,5043,NONE,Övriga externa kostnader
7513,5044,NONE,Övriga externa kostnader
7513,5045,NONE,Övriga externa kostnader
7513,5046,NONE,Övriga externa kostnader
7513,5047,NONE,Övriga externa kostnader
7513,5048,NONE,Övriga externa kostnader
7513,5049,NONE,Övriga externa kostnader
7513,5050,NONE,Övriga externa kostnader
7513,5051,NONE,Övriga externa kostnader
7513,5052,NONE,Övriga externa kostnader
7513,5053,NONE,Övriga externa kostnader
7513,5054,NONE,Övriga externa kostnader
7513,5055,NONE,Övriga externa kostnader
7513,5056,NONE,Övriga externa kostnader
7513,5057,NONE,Övriga externa kostnader
7513,5058,NONE,Övriga externa kostnader
7513,5059,NONE,Övriga externa kostnader
7513,5060,NONE,Övriga externa kostnader
7513,5061,NONE,Övriga externa kostnader
7513,5062,NONE,Övriga externa kostnader
7513,5063,NONE,Övriga externa kostnader
7513,5064,NONE,Övriga externa kostnader
7513,5065,NONE,Övriga externa kostnader
7513,5066,NONE,Övriga externa kostnader
7513,5067,NONE,Övriga externa kostnader
7513,5068,NONE,Övriga externa kostnader
7513,5069,NONE,Övriga externa kostnader
7513,5070,NONE,Övriga externa kostnader
7513,5071,NONE,Övriga externa kostnader
7513,5072,NONE,Övriga externa kostnader
7513,5073,NONE,Övriga externa kostnader
7513,5074,NONE,Övriga externa kostnader
7513,5075,NONE,Övriga externa kostnader
7513,5076,NONE,Övriga externa kostnader
7513,5077,NONE,Övriga externa kostnader
7513,5078,NONE,Övriga externa kostnader
7513,5079,NONE,Övriga externa kostnader
7513,5080,NONE,Övriga externa kostnader
7513,5081,NONE,Övriga externa kostnader
7513,5082,NONE,Övriga externa kostnader
7513,5083,NONE,Övriga externa kostnader
7513,5084,NONE,Övriga externa kostnader
7513,5085,NONE,Övriga externa kostnader
7513,5086,NONE,Övriga externa kostnader
7513,5087,NONE,Övriga externa kostnader
7513,5088,NONE,Övriga externa kostnader
7513,5089,NONE,Övriga externa kostnader
7513,5090,NONE,Övriga externa kostnader
7513,5091,NONE,Övriga externa kostnader
7513,5092,NONE,Övriga externa kostnader
7513,5093,NONE,Övriga externa kostnader
7513,5094,NONE,Övriga externa kostnader
7513,5095,NONE,Övriga externa kostnader
7513,5096,NONE,Övriga externa kostnader
7513,5097,NONE,Övriga externa kostnader
7513,5098,NONE,Övriga externa kostnader
7513,5099,NONE,Övriga externa kostnader
7513,5100,NONE,Övriga externa kostnader
7513,5101,NONE,Övriga externa kostnader
7513,5102,NONE,Övriga externa kostnader
7513,5103,NONE,Övriga externa kostnader
7513,5104,NONE,Övriga externa kostnader
7513,5105,NONE,Övriga externa kostnader
7513,5106,NONE,Övriga externa kostnader
7513,5107,NONE,Övriga externa kostnader
7513,5108,NONE,Övriga externa kostnader
7513,5109,NONE,Övriga externa kostnader
7513,5110,NONE,Övriga externa kostnader
7513,5111,NONE,Övriga externa kostnader
7513,5112,NONE,Övriga externa kostnader
7513,5113,NONE,Övriga externa kostnader
7513,5114,NONE,Övriga externa kostnader
7513,5115,NONE,Övriga externa kostnader
7513,5116,NONE,Övriga externa kostnader
7513,5117,NONE,Övriga externa kostnader
7513,5118,NONE,Övriga externa kostnader
7513,5119,NONE,Övriga externa kostnader
7513,5120,NONE,Övriga externa kostnader
7513,5121,NONE,Övriga externa kostnader
7513,5122,NONE,Övriga externa kostnader
7513,5123,NONE,Övriga externa kostnader
7513,5124,NONE,Övriga externa kostnader
7513,5125,NONE,Övriga externa kostnader
7513,5126,NONE,Övriga externa kostnader
7513,5127,NONE,Övriga externa kostnader
7513,5128,NONE,Övriga externa kostnader
7513,5129,NONE,Övriga externa kostnader
7513,5130,NONE,Övriga externa kostnader
7513,5131,NONE,Övriga externa kostnader
7513,5132,NONE,Övriga externa kostnader
7513,5133,NONE,Övriga externa kostnader
7513,5134,NONE,Övriga externa kostnader
7513,5135,NONE,Övriga externa kostnader
7513,5136,NONE,Övriga externa kostnader
7513,5137,NONE,Övriga externa kostnader
7513,5138,NONE,Övriga externa kostnader
7513,5139,NONE,Övriga externa kostnader
7513,5140,NONE,Övriga externa kostnader
7513,5141,NONE,Övriga externa kostnader
7513,5142,NONE,Övriga externa kostnader
7513,5143,NONE,Övriga externa kostnader
7513,5144,NONE,Övriga externa kostnader
7513,5145,NONE,Övriga externa kostnader
7513,5146,NONE,Övriga externa kostnader
7513,5147,NONE,Övriga externa kostnader
7513,5148,NONE,Övriga externa kostnader
7513,5149,NONE,Övriga externa kostnader
7513,5150,NONE,Övriga externa kostnader
7513,5151,NONE,Övriga externa kostnader
7513,5152,NONE,Övriga externa kostnader
7513,5153,NONE,Övriga externa kostnader
7513,5154,NONE,Övriga externa kostnader
7513,5155,NONE,Övriga externa kostnader
7513,5156,NONE,Övriga externa kostnader
7513,5157,NONE,Övriga externa kostnader
7513,5158,NONE,Övriga externa kostnader
7513,5159,NONE,Övriga externa kostnader
7513,5160,NONE,Övriga externa kostnader
7513,5161,NONE,Övriga externa kostnader
7513,5162,NONE,Övriga externa kostnader
7513,5163,NONE,Övriga externa kostnader
7513,5164,NONE,Övriga externa kostnader
7513,5165,NONE,Övriga externa kostnader
7513,5166,NONE,Övriga externa kostnader
7513,5167,NONE,Övriga externa kostnader
7513,5168,NONE,Övriga externa kostnader
7513,5169,NONE,Övriga externa kostnader
7513,5170,NONE,Övriga externa kostnader
7513,5171,NONE,Övriga externa kostnader
7513,5172,NONE,Övriga externa kostnader
7513,5173,NONE,Övriga externa kostnader
7513,5174,NONE,Övriga externa kostnader
7513,5175,NONE,Övriga externa kostnader
7513,5176,NONE,Övriga externa kostnader
7513,5177,NONE,Övriga externa kostnader
7513,5178,NONE,Övriga externa kostnader
7513,5179,NONE,Övriga externa kostnader
7513,5180,NONE,Övriga externa kostnader
7513,5181,NONE,Övriga externa kostnader
7513,5182,NONE,Övriga externa kostnader
7513,5183,NONE,Övriga externa kostnader
7513,5184,NONE,Övriga externa kostnader
7513,5185,NONE,Övriga externa kostnader
7513,5186,NONE,Övriga externa kostnader
7513,5187,NONE,Övriga externa kostnader
7513,5188,NONE,Övriga externa kostnader
7513,5189,NONE,Övriga externa kostnader
7513,5190,NONE,Övriga externa kostnader
7513,5191,NONE,Övriga externa kostnader
7513,5192,NONE,Övriga externa kostnader
7513,5193,NONE,Övriga externa kostnader
7513,5194,NONE,Övriga externa kostnader
7513,5195,NONE,Övriga externa kostnader
7513,5196,NONE,Övriga externa kostnader
7513,5197,NONE,Övriga externa kostnader
7513,5198,NONE,Övriga externa kostnader
7513,5199,NONE,Övriga externa kostnader
7513,5200,NONE,Övriga externa kostnader
7513,5201,NONE,Övriga externa kostnader
7513,5202,NONE,Övriga externa kostnader
7513,5203,NONE,Övriga externa kostnader
7513,5204,NONE,Övriga externa kostnader
7513,5205,NONE,Övriga externa kostnader
7513,5206,NONE,Övriga externa kostnader
7513,5207,NONE,Övriga externa kostnader
7513,5208,NONE,Övriga externa kostnader
7513,5209,NONE,Övriga externa kostnader
7513,5210,NONE,Övriga externa kostnader
7513,5211,NONE,Övriga externa kostnader
7513,5212,NONE,Övriga externa kostnader
7513,5213,NONE,Övriga externa kostnader
7513,5214,NONE,Övriga externa kostnader
7513,5215,NONE,Övriga externa kostnader
7513,5216,NONE,Övriga externa kostnader
7513,5217,NONE,Övriga externa kostnader
7513,5218,NONE,Övriga externa kostnader
7513,5219,NONE,Övriga externa kostnader
7513,5220,NONE,Övriga externa kostnader
7513,5221,NONE,Övriga externa kostnader
7513,5222,NONE,Övriga externa kostnader
7513,5223,NONE,Övriga externa kostnader
7513,5224,NONE,Övriga externa kostnader
7513,5225,NONE,Övriga externa kostnader
7513,5226,NONE,Övriga externa kostnader
7513,5227,NONE,Övriga externa kostnader
7513,5228,NONE,Övriga externa kostnader
7513,5229,NONE,Övriga externa kostnader
7513,5230,NONE,Övriga externa kostnader
7513,5231,NONE,Övriga externa kostnader
7513,5232,NONE,Övriga externa kostnader
7513,5233,NONE,Övriga externa kostnader
7513,5234,NONE,Övriga externa kostnader
7513,5235,NONE,Övriga externa kostnader
7513,5236,NONE,Övriga externa kostnader
7513,5237,NONE,Övriga externa kostnader
7513,5238,NONE,Övriga externa kostnader
7513,5239,NONE,Övriga externa kostnader
7513,5240,NONE,Övriga externa kostnader
7513,5241,NONE,Övriga externa kostnader
7513,5242,NONE,Övriga externa kostnader
7513,5243,NONE,Övriga externa kostnader
7513,5244,NONE,Övriga externa kostnader
7513,5245,NONE,Övriga externa kostnader
7513,5246,NONE,Övriga externa kostnader
7513,5247,NONE,Övriga externa kostnader
7513,5248,NONE,Övriga externa kostnader
7513,5249,NONE,Övriga externa kostnader
7513,5250,NONE,Övriga externa kostnader
7513,5251,NONE,Övriga externa kostnader
7513,5252,NONE,Övriga externa kostnader
7513,5253,NONE,Övriga externa kostnader
7513,5254,NONE,Övriga externa kostnader
7513,5255,NONE,Övriga externa kostnader
7513,5256,NONE,Övriga externa kostnader
7513,5257,NONE,Övriga externa kostnader
7513,5258,NONE,Övriga externa kostnader
7513,5259,NONE,Övriga externa kostnader
7513,5260,NONE,Övriga externa kostnader
7513,5261,NONE,Övriga externa kostnader
7513,5262,NONE,Övriga externa kostnader
7513,5263,NONE,Övriga externa kostnader
7513,5264,NONE,Övriga externa kostnader
7513,5265,NONE,Övriga externa kostnader
7513,5266,NONE,Övriga externa kostnader
7513,5267,NONE,Övriga externa kostnader
7513,5268,NONE,Övriga externa kostnader
7513,5269,NONE,Övriga externa kostnader
7513,5270,NONE,Övriga externa kostnader
7513,5271,NONE,Övriga externa kostnader
7513,5272,NONE,Övriga externa kostnader
7513,5273,NONE,Övriga externa kostnader
7513,5274,NONE,Övriga externa kostnader
7513,5275,NONE,Övriga externa kostnader
7513,5276,NONE,Övriga externa kostnader
7513,5277,NONE,Övriga externa kostnader
7513,5278,NONE,Övriga externa kostnader
7513,5279,NONE,Övriga externa kostnader
7513,5280,NONE,Övriga externa kostnader
7513,5281,NONE,Övriga externa kostnader
7513,5282,NONE,Övriga externa kostnader
7513,5283,NONE,Övriga externa kostnader
7513,5284,NONE,Övriga externa kostnader
7513,5285,NONE,Övriga externa kostnader
7513,5286,NONE,Övriga externa kostnader
7513,5287,NONE,Övriga externa kostnader
7513,5288,NONE,Övriga externa kostnader
7513,5289,NONE,Övriga externa kostnader
7513,5290,NONE,Övriga externa kostnader
7513,5291,NONE,Övriga externa kostnader
7513,5292,NONE,Övriga externa kostnader
7513,5293,NONE,Övriga externa kostnader
7513,5294,NONE,Övriga externa kostnader
7513,5295,NONE,Övriga externa kostnader
7513,5296,NONE,Övriga externa kostnader
7513,5297,NONE,Övriga externa kostnader
7513,5298,NONE,Övriga externa kostnader
7513,5299,NONE,Övriga externa kostnader
7513,5300,NONE,Övriga externa kostnader
7513,5301,NONE,Övriga externa kostnader
7513,5302,NONE,Övriga externa kostnader
7513,5303,NONE,Övriga externa kostnader
7513,5304,NONE,Övriga externa kostnader
7513,5305,NONE,Övriga externa kostnader
7513,5306,NONE,Övriga externa kostnader
7513,5307,NONE,Övriga externa kostnader
7513,5308,NONE,Övriga externa kostnader
7513,5309,NONE,Övriga externa kostnader
7513,5310,NONE,Övriga externa kostnader
7513,5311,NONE,Övriga externa kostnader
7513,5312,NONE,Övriga externa kostnader
7513,5313,NONE,Övriga externa kostnader
7513,5314,NONE,Övriga externa kostnader
7513,5315,NONE,Övriga externa kostnader
7513,5316,NONE,Övriga externa kostnader
7513,5317,NONE,Övriga externa kostnader
7513,5318,NONE,Övriga externa kostnader
7513,5319,NONE,Övriga externa kostnader
7513,5320,NONE,Övriga externa kostnader
7513,5321,NONE,Övriga externa kostnader
7513,5322,NONE,Övriga externa kostnader
7513,5323,NONE,Övriga externa kostnader
7513,5324,NONE,Övriga externa kostnader
7513,5325,NONE,Övriga externa kostnader
7513,5326,NONE,Övriga externa kostnader
7513,5327,NONE,Övriga externa kostnader
7513,5328,NONE,Övriga externa kostnader
7513,5329,NONE,Övriga externa kostnader
7513,5330,NONE,Övriga externa kostnader
7513,5331,NONE,Övriga externa kostnader
7513,5332,NONE,Övriga externa kostnader
7513,5333,NONE,Övriga externa kostnader
7513,5334,NONE,Övriga externa kostnader
7513,5335,NONE,Övriga externa kostnader
7513,5336,NONE,Övriga externa kostnader
7513,5337,NONE,Övriga externa kostnader
7513,5338,NONE,Övriga externa kostnader
7513,5339,NONE,Övriga externa kostnader
7513,5340,NONE,Övriga externa kostnader
7513,5341,NONE,Övriga externa kostnader
7513,5342,NONE,Övriga externa kostnader
7513,5343,NONE,Övriga externa kostnader
7513,5344,NONE,Övriga externa kostnader
7513,5345,NONE,Övriga externa kostnader
7513,5346,NONE,Övriga externa kostnader
7513,5347,NONE,Övriga externa kostnader
7513,5348,NONE,Övriga externa kostnader
7513,5349,NONE,Övriga externa kostnader
7513,5350,NONE,Övriga externa kostnader
7513,5351,NONE,Övriga externa kostnader
7513,5352,NONE,Övriga externa kostnader
7513,5353,NONE,Övriga externa kostnader
7513,5354,NONE,Övriga externa kostnader
7513,5355,NONE,Övriga externa kostnader
7513,5356,NONE,Övriga externa kostnader
7513,5357,NONE,Övriga externa kostnader
7513,5358,NONE,Övriga externa kostnader
7513,5359,NONE,Övriga externa kostnader
7513,5360,NONE,Övriga externa kostnader
7513,5361,NONE,Övriga externa kostnader
7513,5362,NONE,Övriga externa kostnader
7513,5363,NONE,Övriga externa kostnader
7513,5364,NONE,Övriga externa kostnader
7513,5365,NONE,Övriga externa kostnader
7513,5366,NONE,Övriga externa kostnader
7513,5367,NONE,Övriga externa kostnader
7513,5368,NONE,Övriga externa kostnader
7513,5369,NONE,Övriga externa kostnader
7513,5370,NONE,Övriga externa kostnader
7513,5371,NONE,Övriga externa kostnader
7513,5372,NONE,Övriga externa kostnader
7513,5373,NONE,Övriga externa kostnader
7513,5374,NONE,Övriga externa kostnader
7513,5375,NONE,Övriga externa kostnader
7513,5376,NONE,Övriga externa kostnader
7513,5377,NONE,Övriga externa kostnader
7513,5378,NONE,Övriga externa kostnader
7513,5379,NONE,Övriga externa kostnader
7513,5380,NONE,Övriga externa kostnader
7513,5381,NONE,Övriga externa kostnader
7513,5382,NONE,Övriga externa kostnader
7513,5383,NONE,Övriga externa kostnader
7513,5384,NONE,Övriga externa kostnader
7513,5385,NONE,Övriga externa kostnader
7513,5386,NONE,Övriga externa kostnader
7513,5387,NONE,Övriga externa kostnader
7513,5388,NONE,Övriga externa kostnader
7513,5389,NONE,Övriga externa kostnader
7513,5390,NONE,Övriga externa kostnader
7513,5391,NONE,Övriga externa kostnader
7513,5392,NONE,Övriga externa kostnader
7513,5393,NONE,Övriga externa kostnader
7513,5394,NONE,Övriga externa kostnader
7513,5395,NONE,Övriga externa kostnader
7513,5396,NONE,Övriga externa kostnader
7513,5397,NONE,Övriga externa kostnader
7513,5398,NONE,Övriga externa kostnader
7513,5399,NONE,Övriga externa kostnader
7513,5400,NONE,Övriga externa kostnader
7513,5401,NONE,Övriga externa kostnader
7513,5402,NONE,Övriga externa kostnader
7513,5403,NONE,Övriga externa kostnader
7513,5404,NONE,Övriga externa kostnader
7513,5405,NONE,Övriga externa kostnader
7513,5406,NONE,Övriga externa kostnader
7513,5407,NONE,Övriga externa kostnader
7513,5408,NONE,Övriga externa kostnader
7513,5409,NONE,Övriga externa kostnader
7513,5410,NONE,Övriga externa kostnader
7513,5411,NONE,Övriga externa kostnader
7513,5412,NONE,Övriga externa kostnader
7513,5413,NONE,Övriga externa kostnader
7513,5414,NONE,Övriga externa kostnader
7513,5415,NONE,Övriga externa kostnader
7513,5416,NONE,Övriga externa kostnader
7513,5417,NONE,Övriga externa kostnader
7513,5418,NONE,Övriga externa kostnader
7513,5419,NONE,Övriga externa kostnader
7513,5420,NONE,Övriga externa kostnader
7513,5421,NONE,Övriga externa kostnader
7513,5422,NONE,Övriga externa kostnader
7513,5423,NONE,Övriga externa kostnader
7513,5424,NONE,Övriga externa kostnader
7513,5425,NONE,Övriga externa kostnader
7513,5426,NONE,Övriga externa kostnader
7513,5427,NONE,Övriga externa kostnader
7513,5428,NONE,Övriga externa kostnader
7513,5429,NONE,Övriga externa kostnader
7513,5430,NONE,Övriga externa kostnader
7513,5431,NONE,Övriga externa kostnader
7513,5432,NONE,Övriga externa kostnader
7513,5433,NONE,Övriga externa kostnader
7513,5434,NONE,Övriga externa kostnader
7513,5435,NONE,Övriga externa kostnader
7513,5436,NONE,Övriga externa kostnader
7513,5437,NONE,Övriga externa kostnader
7513,5438,NONE,Övriga externa kostnader
7513,5439,NONE,Övriga externa kostnader
7513,5440,NONE,Övriga externa kostnader
7513,5441,NONE,Övriga externa kostnader
7513,5442,NONE,Övriga externa kostnader
7513,5443,NONE,Övriga externa kostnader
7513,5444,NONE,Övriga externa kostnader
7513,5445,NONE,Övriga externa kostnader
7513,5446,NONE,Övriga externa kostnader
7513,5447,NONE,Övriga externa kostnader
7513,5448,NONE,Övriga externa kostnader
7513,5449,NONE,Övriga externa kostnader
7513,5450,NONE,Övriga externa kostnader
7513,5451,NONE,Övriga externa kostnader
7513,5452,NONE,Övriga externa kostnader
7513,5453,NONE,Övriga externa kostnader
7513,5454,NONE,Övriga externa kostnader
7513,5455,NONE,Övriga externa kostnader
7513,5456,NONE,Övriga externa kostnader
7513,5457,NONE,Övriga externa kostnader
7513,5458,NONE,Övriga externa kostnader
7513,5459,NONE,Övriga externa kostnader
7513,5460,NONE,Övriga externa kostnader
7513,5461,NONE,Övriga externa kostnader
7513,5462,NONE,Övriga externa kostnader
7513,5463,NONE,Övriga externa kostnader
7513,5464,NONE,Övriga externa kostnader
7513,5465,NONE,Övriga externa kostnader
7513,5466,NONE,Övriga externa kostnader
7513,5467,NONE,Övriga externa kostnader
7513,5468,NONE,Övriga externa kostnader
7513,5469,NONE,Övriga externa kostnader
7513,5470,NONE,Övriga externa kostnader
7513,5471,NONE,Övriga externa kostnader
7513,5472,NONE,Övriga externa kostnader
7513,5473,NONE,Övriga externa kostnader
7513,5474,NONE,Övriga externa kostnader
7513,5475,NONE,Övriga externa kostnader
7513,5476,NONE,Övriga externa kostnader
7513,5477,NONE,Övriga externa kostnader
7513,5478,NONE,Övriga externa kostnader
7513,5479,NONE,Övriga externa kostnader
7513,5480,NONE,Övriga externa kostnader
7513,5481,NONE,Övriga externa kostnader
7513,5482,NONE,Övriga externa kostnader
7513,5483,NONE,Övriga externa kostnader
7513,5484,NONE,Övriga externa kostnader
7513,5485,NONE,Övriga externa kostnader
7513,5486,NONE,Övriga externa kostnader
7513,5487,NONE,Övriga externa kostnader
7513,5488,NONE,Övriga externa kostnader
7513,5489,NONE,Övriga externa kostnader
7513,5490,NONE,Övriga externa kostnader
7513,5491,NONE,Övriga externa kostnader
7513,5492,NONE,Övriga externa kostnader
7513,5493,NONE,Övriga externa kostnader
7513,5494,NONE,Övriga externa kostnader
7513,5495,NONE,Övriga externa kostnader
7513,5496,NONE,Övriga externa kostnader
7513,5497,NONE,Övriga externa kostnader
7513,5498,NONE,Övriga externa kostnader
7513,5499,NONE,Övriga externa kostnader
7513,5500,NONE,Övriga externa kostnader
7513,5501,NONE,Övriga externa kostnader
7513,5502,NONE,Övriga externa kostnader
7513,5503,NONE,Övriga externa kostnader
7513,5504,NONE,Övriga externa kostnader
7513,5505,NONE,Övriga externa kostnader
7513,5506,NONE,Övriga externa kostnader
7513,5507,NONE,Övriga externa kostnader
7513,5508,NONE,Övriga externa kostnader
7513,5509,NONE,Övriga externa kostnader
7513,5510,NONE,Övriga externa kostnader
7513,5511,NONE,Övriga externa kostnader
7513,5512,NONE,Övriga externa kostnader
7513,5513,NONE,Övriga externa kostnader
7513,5514,NONE,Övriga externa kostnader
7513,5515,NONE,Övriga externa kostnader
7513,5516,NONE,Övriga externa kostnader
7513,5517,NONE,Övriga externa kostnader
7513,5518,NONE,Övriga externa kostnader
7513,5519,NONE,Övriga externa kostnader
7513,5520,NONE,Övriga externa kostnader
7513,5521,NONE,Övriga externa kostnader
7513,5522,NONE,Övriga externa kostnader
7513,5523,NONE,Övriga externa kostnader
7513,5524,NONE,Övriga externa kostnader
7513,5525,NONE,Övriga externa kostnader
7513,5526,NONE,Övriga externa kostnader
7513,5527,NONE,Övriga externa kostnader
7513,5528,NONE,Övriga externa kostnader
7513,5529,NONE,Övriga externa kostnader
7513,5530,NONE,Övriga externa kostnader
7513,5531,NONE,Övriga externa kostnader
7513,5532,NONE,Övriga externa kostnader
7513,5533,NONE,Övriga externa kostnader
7513,5534,NONE,Övriga externa kostnader
7513,5535,NONE,Övriga externa kostnader
7513,5536,NONE,Övriga externa kostnader
7513,5537,NONE,Övriga externa kostnader
7513,5538,NONE,Övriga externa kostnader
7513,5539,NONE,Övriga externa kostnader
7513,5540,NONE,Övriga externa kostnader
7513,5541,NONE,Övriga externa kostnader
7513,5542,NONE,Övriga externa kostnader
7513,5543,NONE,Övriga externa kostnader
7513,5544,NONE,Övriga externa kostnader
7513,5545,NONE,Övriga externa kostnader
7513,5546,NONE,Övriga externa kostnader
7513,5547,NONE,Övriga externa kostnader
7513,5548,NONE,Övriga externa kostnader
7513,5549,NONE,Övriga externa kostnader
7513,5550,NONE,Övriga externa kostnader
7513,5551,NONE,Övriga externa kostnader
7513,5552,NONE,Övriga externa kostnader
7513,5553,NONE,Övriga externa kostnader
7513,5554,NONE,Övriga externa kostnader
7513,5555,NONE,Övriga externa kostnader
7513,5556,NONE,Övriga externa kostnader
7513,5557,NONE,Övriga externa kostnader
7513,5558,NONE,Övriga externa kostnader
7513,5559,NONE,Övriga externa kostnader
7513,5560,NONE,Övriga externa kostnader
7513,5561,NONE,Övriga externa kostnader
7513,5562,NONE,Övriga externa kostnader
7513,5563,NONE,Övriga externa kostnader
7513,5564,NONE,Övriga externa kostnader
7513,5565,NONE,Övriga externa kostnader
7513,5566,NONE,Övriga externa kostnader
7513,5567,NONE,Övriga externa kostnader
7513,5568,NONE,Övriga externa kostnader
7513,5569,NONE,Övriga externa kostnader
7513,5570,NONE,Övriga externa kostnader
7513,5571,NONE,Övriga externa kostnader
7513,5572,NONE,Övriga externa kostnader
7513,5573,NONE,Övriga externa kostnader
7513,5574,NONE,Övriga externa kostnader
7513,5575,NONE,Övriga externa kostnader
7513,5576,NONE,Övriga externa kostnader
7513,5577,NONE,Övriga externa kostnader
7513,5578,NONE,Övriga externa kostnader
7513,5579,NONE,Övriga externa kostnader
7513,5580,NONE,Övriga externa kostnader
7513,5581,NONE,Övriga externa kostnader
7513,5582,NONE,Övriga externa kostnader
7513,5583,NONE,Övriga externa kostnader
7513,5584,NONE,Övriga externa kostnader
7513,5585,NONE,Övriga externa kostnader
7513,5586,NONE,Övriga externa kostnader
7513,5587,NONE,Övriga externa kostnader
7513,5588,NONE,Övriga externa kostnader
7513,5589,NONE,Övriga externa kostnader
7513,5590,NONE,Övriga externa kostnader
7513,5591,NONE,Övriga externa kostnader
7513,5592,NONE,Övriga externa kostnader
7513,5593,NONE,Övriga externa kostnader
7513,5594,NONE,Övriga externa kostnader
7513,5595,NONE,Övriga externa kostnader
7513,5596,NONE,Övriga externa kostnader
7513,5597,NONE,Övriga externa kostnader
7513,5598,NONE,Övriga externa kostnader
7513,5599,NONE,Övriga externa kostnader
7513,5600,NONE,Övriga externa kostnader
7513,5601,NONE,Övriga externa kostnader
7513,5602,NONE,Övriga externa kostnader
7513,5603,NONE,Övriga externa kostnader
7513,5604,NONE,Övriga externa kostnader
7513,5605,NONE,Övriga externa kostnader
7513,5606,NONE,Övriga externa kostnader
7513,5607,NONE,Övriga externa kostnader
7513,5608,NONE,Övriga externa kostnader
7513,5609,NONE,Övriga externa kostnader
7513,5610,NONE,Övriga externa kostnader
7513,5611,NONE,Övriga externa kostnader
7513,5612,NONE,Övriga externa kostnader
7513,5613,NONE,Övriga externa kostnader
7513,5614,NONE,Övriga externa kostnader
7513,5615,NONE,Övriga externa kostnader
7513,5616,NONE,Övriga externa kostnader
7513,5617,NONE,Övriga externa kostnader
7513,5618,NONE,Övriga externa kostnader
7513,5619,NONE,Övriga externa kostnader
7513,5620,NONE,Övriga externa kostnader
7513,5621,NONE,Övriga externa kostnader
7513,5622,NONE,Övriga externa kostnader
7513,5623,NONE,Övriga externa kostnader
7513,5624,NONE,Övriga externa kostnader
7513,5625,NONE,Övriga externa kostnader
7513,5626,NONE,Övriga externa kostnader
7513,5627,NONE,Övriga externa kostnader
7513,5628,NONE,Övriga externa kostnader
7513,5629,NONE,Övriga externa kostnader
7513,5630,NONE,Övriga externa kostnader
7513,5631,NONE,Övriga externa kostnader
7513,5632,NONE,Övriga externa kostnader
7513,5633,NONE,Övriga externa kostnader
7513,5634,NONE,Övriga externa kostnader
7513,5635,NONE,Övriga externa kostnader
7513,5636,NONE,Övriga externa kostnader
7513,5637,NONE,Övriga externa kostnader
7513,5638,NONE,Övriga externa kostnader
7513,5639,NONE,Övriga externa kostnader
7513,5640,NONE,Övriga externa kostnader
7513,5641,NONE,Övriga externa kostnader
7513,5642,NONE,Övriga externa kostnader
7513,5643,NONE,Övriga externa kostnader
7513,5644,NONE,Övriga externa kostnader
7513,5645,NONE,Övriga externa kostnader
7513,5646,NONE,Övriga externa kostnader
7513,5647,NONE,Övriga externa kostnader
7513,5648,NONE,Övriga externa kostnader
7513,5649,NONE,Övriga externa kostnader
7513,5650,NONE,Övriga externa kostnader
7513,5651,NONE,Övriga externa kostnader
7513,5652,NONE,Övriga externa kostnader
7513,5653,NONE,Övriga externa kostnader
7513,5654,NONE,Övriga externa kostnader
7513,5655,NONE,Övriga externa kostnader
7513,5656,NONE,Övriga externa kostnader
7513,5657,NONE,Övriga externa kostnader
7513,5658,NONE,Övriga externa kostnader
7513,5659,NONE,Övriga externa kostnader
7513,5660,NONE,Övriga externa kostnader
7513,5661,NONE,Övriga externa kostnader
7513,5662,NONE,Övriga externa kostnader
7513,5663,NONE,Övriga externa kostnader
7513,5664,NONE,Övriga externa kostnader
7513,5665,NONE,Övriga externa kostnader
7513,5666,NONE,Övriga externa kostnader
7513,5667,NONE,Övriga externa kostnader
7513,5668,NONE,Övriga externa kostnader
7513,5669,NONE,Övriga externa kostnader
7513,5670,NONE,Övriga externa kostnader
7513,5671,NONE,Övriga externa kostnader
7513,5672,NONE,Övriga externa kostnader
7513,5673,NONE,Övriga externa kostnader
7513,5674,NONE,Övriga externa kostnader
7513,5675,NONE,Övriga externa kostnader
7513,5676,NONE,Övriga externa kostnader
7513,5677,NONE,Övriga externa kostnader
7513,5678,NONE,Övriga externa kostnader
7513,5679,NONE,Övriga externa kostnader
7513,5680,NONE,Övriga externa kostnader
7513,5681,NONE,Övriga externa kostnader
7513,5682,NONE,Övriga externa kostnader
7513,5683,NONE,Övriga externa kostnader
7513,5684,NONE,Övriga externa kostnader
7513,5685,NONE,Övriga externa kostnader
7513,5686,NONE,Övriga externa kostnader
7513,5687,NONE,Övriga externa kostnader
7513,5688,NONE,Övriga externa kostnader
7513,5689,NONE,Övriga externa kostnader
7513,5690,NONE,Övriga externa kostnader
7513,5691,NONE,Övriga externa kostnader
7513,5692,NONE,Övriga externa kostnader
7513,5693,NONE,Övriga externa kostnader
7513,5694,NONE,Övriga externa kostnader
7513,5695,NONE,Övriga externa kostnader
7513,5696,NONE,Övriga externa kostnader
7513,5697,NONE,Övriga externa kostnader
7513,5698,NONE,Övriga externa kostnader
7513,5699,NONE,Övriga externa kostnader
7513,5700,NONE,Övriga externa kostnader
7513,5701,NONE,Övriga externa kostnader
7513,5702,NONE,Övriga externa kostnader
7513,5703,NONE,Övriga externa kostnader
7513,5704,NONE,Övriga externa kostnader
7513,5705,NONE,Övriga externa kostnader
7513,5706,NONE,Övriga externa kostnader
7513,5707,NONE,Övriga externa kostnader
7513,5708,NONE,Övriga externa kostnader
7513,5709,NONE,Övriga externa kostnader
7513,5710,NONE,Övriga externa kostnader
7513,5711,NONE,Övriga externa kostnader
7513,5712,NONE,Övriga externa kostnader
7513,5713,NONE,Övriga externa kostnader
7513,5714,NONE,Övriga externa kostnader
7513,5715,NONE,Övriga externa kostnader
7513,5716,NONE,Övriga externa kostnader
7513,5717,NONE,Övriga externa kostnader
7513,5718,NONE,Övriga externa kostnader
7513,5719,NONE,Övriga externa kostnader
7513,5720,NONE,Övriga externa kostnader
7513,5721,NONE,Övriga externa kostnader
7513,5722,NONE,Övriga externa kostnader
7513,5723,NONE,Övriga externa kostnader
7513,5724,NONE,Övriga externa kostnader
7513,5725,NONE,Övriga externa kostnader
7513,5726,NONE,Övriga externa kostnader
7513,5727,NONE,Övriga externa kostnader
7513,5728,NONE,Övriga externa kostnader
7513,5729,NONE,Övriga externa kostnader
7513,5730,NONE,Övriga externa kostnader
7513,5731,NONE,Övriga externa kostnader
7513,5732,NONE,Övriga externa kostnader
7513,5733,NONE,Övriga externa kostnader
7513,5734,NONE,Övriga externa kostnader
7513,5735,NONE,Övriga externa kostnader
7513,5736,NONE,Övriga externa kostnader
7513,5737,NONE,Övriga externa kostnader
7513,5738,NONE,Övriga externa kostnader
7513,5739,NONE,Övriga externa kostnader
7513,5740,NONE,Övriga externa kostnader
7513,5741,NONE,Övriga externa kostnader
7513,5742,NONE,Övriga externa kostnader
7513,5743,NONE,Övriga externa kostnader
7513,5744,NONE,Övriga externa kostnader
7513,5745,NONE,Övriga externa kostnader
7513,5746,NONE,Övriga externa kostnader
7513,5747,NONE,Övriga externa kostnader
7513,5748,NONE,Övriga externa kostnader
7513,5749,NONE,Övriga externa kostnader
7513,5750,NONE,Övriga externa kostnader
7513,5751,NONE,Övriga externa kostnader
7513,5752,NONE,Övriga externa kostnader
7513,5753,NONE,Övriga externa kostnader
7513,5754,NONE,Övriga externa kostnader
7513,5755,NONE,Övriga externa kostnader
7513,5756,NONE,Övriga externa kostnader
7513,5757,NONE,Övriga externa kostnader
7513,5758,NONE,Övriga externa kostnader
7513,5759,NONE,Övriga externa kostnader
7513,5760,NONE,Övriga externa kostnader
7513,5761,NONE,Övriga externa kostnader
7513,5762,NONE,Övriga externa kostnader
7513,5763,NONE,Övriga externa kostnader
7513,5764,NONE,Övriga externa kostnader
7513,5765,NONE,Övriga externa kostnader
7513,5766,NONE,Övriga externa kostnader
7513,5767,NONE,Övriga externa kostnader
7513,5768,NONE,Övriga externa kostnader
7513,5769,NONE,Övriga externa kostnader
7513,5770,NONE,Övriga externa kostnader
7513,5771,NONE,Övriga externa kostnader
7513,5772,NONE,Övriga externa kostnader
7513,5773,NONE,Övriga externa kostnader
7513,5774,NONE,Övriga externa kostnader
7513,5775,NONE,Övriga externa kostnader
7513,5776,NONE,Övriga externa kostnader
7513,5777,NONE,Övriga externa kostnader
7513,5778,NONE,Övriga externa kostnader
7513,5779,NONE,Övriga externa kostnader
7513,5780,NONE,Övriga externa kostnader
7513,5781,NONE,Övriga externa kostnader
7513,5782,NONE,Övriga externa kostnader
7513,5783,NONE,Övriga externa kostnader
7513,5784,NONE,Övriga externa kostnader
7513,5785,NONE,Övriga externa kostnader
7513,5786,NONE,Övriga externa kostnader
7513,5787,NONE,Övriga externa kostnader
7513,5788,NONE,Övriga externa kostnader
7513,5789,NONE,Övriga externa kostnader
7513,5790,NONE,Övriga externa kostnader
7513,5791,NONE,Övriga externa kostnader
7513,5792,NONE,Övriga externa kostnader
7513,5793,NONE,Övriga externa kostnader
7513,5794,NONE,Övriga externa kostnader
7513,5795,NONE,Övriga externa kostnader
7513,5796,NONE,Övriga externa kostnader
7513,5797,NONE,Övriga externa kostnader
7513,5798,NONE,Övriga externa kostnader
7513,5799,NONE,Övriga externa kostnader
7513,5800,NONE,Övriga externa kostnader
7513,5801,NONE,Övriga externa kostnader
7513,5802,NONE,Övriga externa kostnader
7513,5803,NONE,Övriga externa kostnader
7513,5804,NONE,Övriga externa kostnader
7513,5805,NONE,Övriga externa kostnader
7513,5806,NONE,Övriga externa kostnader
7513,5807,NONE,Övriga externa kostnader
7513,5808,NONE,Övriga externa kostnader
7513,5809,NONE,Övriga externa kostnader
7513,5810,NONE,Övriga externa kostnader
7513,5811,NONE,Övriga externa kostnader
7513,5812,NONE,Övriga externa kostnader
7513,5813,NONE,Övriga externa kostnader
7513,5814,NONE,Övriga externa kostnader
7513,5815,NONE,Övriga externa kostnader
7513,5816,NONE,Övriga externa kostnader
7513,5817,NONE,Övriga externa kostnader
7513,5818,NONE,Övriga externa kostnader
7513,5819,NONE,Övriga externa kostnader
7513,5820,NONE,Övriga externa kostnader
7513,5821,NONE,Övriga externa kostnader
7513,5822,NONE,Övriga externa kostnader
7513,5823,NONE,Övriga externa kostnader
7513,5824,NONE,Övriga externa kostnader
7513,5825,NONE,Övriga externa kostnader
7513,5826,NONE,Övriga externa kostnader
7513,5827,NONE,Övriga externa kostnader
7513,5828,NONE,Övriga externa kostnader
7513,5829,NONE,Övriga externa kostnader
7513,5830,NONE,Övriga externa kostnader
7513,5831,NONE,Övriga externa kostnader
7513,5832,NONE,Övriga externa kostnader
7513,5833,NONE,Övriga externa kostnader
7513,5834,NONE,Övriga externa kostnader
7513,5835,NONE,Övriga externa kostnader
7513,5836,NONE,Övriga externa kostnader
7513,5837,NONE,Övriga externa kostnader
7513,5838,NONE,Övriga externa kostnader
7513,5839,NONE,Övriga externa kostnader
7513,5840,NONE,Övriga externa kostnader
7513,5841,NONE,Övriga externa kostnader
7513,5842,NONE,Övriga externa kostnader
7513,5843,NONE,Övriga externa kostnader
7513,5844,NONE,Övriga externa kostnader
7513,5845,NONE,Övriga externa kostnader
7513,5846,NONE,Övriga externa kostnader
7513,5847,NONE,Övriga externa kostnader
7513,5848,NONE,Övriga externa kostnader
7513,5849,NONE,Övriga externa kostnader
7513,5850,NONE,Övriga externa kostnader
7513,5851,NONE,Övriga externa kostnader
7513,5852,NONE,Övriga externa kostnader
7513,5853,NONE,Övriga externa kostnader
7513,5854,NONE,Övriga externa kostnader
7513,5855,NONE,Övriga externa kostnader
7513,5856,NONE,Övriga externa kostnader
7513,5857,NONE,Övriga externa kostnader
7513,5858,NONE,Övriga externa kostnader
7513,5859,NONE,Övriga externa kostnader
7513,5860,NONE,Övriga externa kostnader
7513,5861,NONE,Övriga externa kostnader
7513,5862,NONE,Övriga externa kostnader
7513,5863,NONE,Övriga externa kostnader
7513,5864,NONE,Övriga externa kostnader
7513,5865,NONE,Övriga externa kostnader
7513,5866,NONE,Övriga externa kostnader
7513,5867,NONE,Övriga externa kostnader
7513,5868,NONE,Övriga externa kostnader
7513,5869,NONE,Övriga externa kostnader
7513,5870,NONE,Övriga externa kostnader
7513,5871,NONE,Övriga externa kostnader
7513,5872,NONE,Övriga externa kostnader
7513,5873,NONE,Övriga externa kostnader
7513,5874,NONE,Övriga externa kostnader
7513,5875,NONE,Övriga externa kostnader
7513,5876,NONE,Övriga externa kostnader
7513,5877,NONE,Övriga externa kostnader
7513,5878,NONE,Övriga externa kostnader
7513,5879,NONE,Övriga externa kostnader
7513,5880,NONE,Övriga externa kostnader
7513,5881,NONE,Övriga externa kostnader
7513,5882,NONE,Övriga externa kostnader
7513,5883,NONE,Övriga externa kostnader
7513,5884,NONE,Övriga externa kostnader
7513,5885,NONE,Övriga externa kostnader
7513,5886,NONE,Övriga externa kostnader
7513,5887,NONE,Övriga externa kostnader
7513,5888,NONE,Övriga externa kostnader
7513,5889,NONE,Övriga externa kostnader
7513,5890,NONE,Övriga externa kostnader
7513,5891,NONE,Övriga externa kostnader
7513,5892,NONE,Övriga externa kostnader
7513,5893,NONE,Övriga externa kostnader
7513,5894,NONE,Övriga externa kostnader
7513,5895,NONE,Övriga externa kostnader
7513,5896,NONE,Övriga externa kostnader
7513,5897,NONE,Övriga externa kostnader
7513,5898,NONE,Övriga externa kostnader
7513,5899,NONE,Övriga externa kostnader
7513,5900,NONE,Övriga externa kostnader
7513,5901,NONE,Övriga externa kostnader
7513,5902,NONE,Övriga externa kostnader
7513,5903,NONE,Övriga externa kostnader
7513,5904,NONE,Övriga externa kostnader
7513,5905,NONE,Övriga externa kostnader
7513,5906,NONE,Övriga externa kostnader
7513,5907,NONE,Övriga externa kostnader
7513,5908,NONE,Övriga externa kostnader
7513,5909,NONE,Övriga externa kostnader
7513,5910,NONE,Övriga externa kostnader
7513,5911,NONE,Övriga externa kostnader
7513,5912,NONE,Övriga externa kostnader
7513,5913,NONE,Övriga externa kostnader
7513,5914,NONE,Övriga externa kostnader
7513,5915,NONE,Övriga externa kostnader
7513,5916,NONE,Övriga externa kostnader
7513,5917,NONE,Övriga externa kostnader
7513,5918,NONE,Övriga externa kostnader
7513,5919,NONE,Övriga externa kostnader
7513,5920,NONE,Övriga externa kostnader
7513,5921,NONE,Övriga externa kostnader
7513,5922,NONE,Övriga externa kostnader
7513,5923,NONE,Övriga externa kostnader
7513,5924,NONE,Övriga externa kostnader
7513,5925,NONE,Övriga externa kostnader
7513,5926,NONE,Övriga externa kostnader
7513,5927,NONE,Övriga externa kostnader
7513,5928,NONE,Övriga externa kostnader
7513,5929,NONE,Övriga externa kostnader
7513,5930,NONE,Övriga externa kostnader
7513,5931,NONE,Övriga externa kostnader
7513,5932,NONE,Övriga externa kostnader
7513,5933,NONE,Övriga externa kostnader
7513,5934,NONE,Övriga externa kostnader
7513,5935,NONE,Övriga externa kostnader
7513,5936,NONE,Övriga externa kostnader
7513,5937,NONE,Övriga externa kostnader
7513,5938,NONE,Övriga externa kostnader
7513,5939,NONE,Övriga externa kostnader
7513,5940,NONE,Övriga externa kostnader
7513,5941,NONE,Övriga externa kostnader
7513,5942,NONE,Övriga externa kostnader
7513,5943,NONE,Övriga externa kostnader
7513,5944,NONE,Övriga externa kostnader
7513,5945,NONE,Övriga externa kostnader
7513,5946,NONE,Övriga externa kostnader
7513,5947,NONE,Övriga externa kostnader
7513,5948,NONE,Övriga externa kostnader
7513,5949,NONE,Övriga externa kostnader
7513,5950,NONE,Övriga externa kostnader
7513,5951,NONE,Övriga externa kostnader
7513,5952,NONE,Övriga externa kostnader
7513,5953,NONE,Övriga externa kostnader
7513,5954,NONE,Övriga externa kostnader
7513,5955,NONE,Övriga externa kostnader
7513,5956,NONE,Övriga externa kostnader
7513,5957,NONE,Övriga externa kostnader
7513,5958,NONE,Övriga externa kostnader
7513,5959,NONE,Övriga externa kostnader
7513,5960,NONE,Övriga externa kostnader
7513,5961,NONE,Övriga externa kostnader
7513,5962,NONE,Övriga externa kostnader
7513,5963,NONE,Övriga externa kostnader
7513,5964,NONE,Övriga externa kostnader
7513,5965,NONE,Övriga externa kostnader
7513,5966,NONE,Övriga externa kostnader
7513,5967,NONE,Övriga externa kostnader
7513,5968,NONE,Övriga externa kostnader
7513,5969,NONE,Övriga externa kostnader
7513,5970,NONE,Övriga externa kostnader
7513,5971,NONE,Övriga externa kostnader
7513,5972,NONE,Övriga externa kostnader
7513,5973,NONE,Övriga externa kostnader
7513,5974,NONE,Övriga externa kostnader
7513,5975,NONE,Övriga externa kostnader
7513,5976,NONE,Övriga externa kostnader
7513,5977,NONE,Övriga externa kostnader
7513,5978,NONE,Övriga externa kostnader
7513,5979,NONE,Övriga externa kostnader
7513,5980,NONE,Övriga externa kostnader
7513,5981,NONE,Övriga externa kostnader
7513,5982,NONE,Övriga externa kostnader
7513,5983,NONE,Övriga externa kostnader
7513,5984,NONE,Övriga externa kostnader
7513,5985,NONE,Övriga externa kostnader
7513,5986,NONE,Övriga externa kostnader
7513,5987,NONE,Övriga externa kostnader
7513,5988,NONE,Övriga externa kostnader
7513,5989,NONE,Övriga externa kostnader
7513,5990,NONE,Övriga externa kostnader
7513,5991,NONE,Övriga externa kostnader
7513,5992,NONE,Övriga externa kostnader
7513,5993,NONE,Övriga externa kostnader
7513,5994,NONE,Övriga externa kostnader
7513,5995,NONE,Övriga externa kostnader
7513,5996,NONE,Övriga externa kostnader
7513,5997,NONE,Övriga externa kostnader
7513,5998,NONE,Övriga externa kostnader
7513,5999,NONE,Övriga externa kostnader
7513,6000,NONE,Övriga externa kostnader
7513,6001,NONE,Övriga externa kostnader
7513,6002,NONE,Övriga externa kostnader
7513,6003,NONE,Övriga externa kostnader
7513,6004,NONE,Övriga externa kostnader
7513,6005,NONE,Övriga externa kostnader
7513,6006,NONE,Övriga externa kostnader
7513,6007,NONE,Övriga externa kostnader
7513,6008,NONE,Övriga externa kostnader
7513,6009,NONE,Övriga externa kostnader
7513,6010,NONE,Övriga externa kostnader
7513,6011,NONE,Övriga externa kostnader
7513,6012,NONE,Övriga externa kostnader
7513,6013,NONE,Övriga externa kostnader
7513,6014,NONE,Övriga externa kostnader
7513,6015,NONE,Övriga externa kostnader
7513,6016,NONE,Övriga externa kostnader
7513,6017,NONE,Övriga externa kostnader
7513,6018,NONE,Övriga externa kostnader
7513,6019,NONE,Övriga externa kostnader
7513,6020,NONE,Övriga externa kostnader
7513,6021,NONE,Övriga externa kostnader
7513,6022,NONE,Övriga externa kostnader
7513,6023,NONE,Övriga externa kostnader
7513,6024,NONE,Övriga externa kostnader
7513,6025,NONE,Övriga externa kostnader
7513,6026,NONE,Övriga externa kostnader
7513,6027,NONE,Övriga externa kostnader
7513,6028,NONE,Övriga externa kostnader
7513,6029,NONE,Övriga externa kostnader
7513,6030,NONE,Övriga externa kostnader
7513,6031,NONE,Övriga externa kostnader
7513,6032,NONE,Övriga externa kostnader
7513,6033,NONE,Övriga externa kostnader
7513,6034,NONE,Övriga externa kostnader
7513,6035,NONE,Övriga externa kostnader
7513,6036,NONE,Övriga externa kostnader
7513,6037,NONE,Övriga externa kostnader
7513,6038,NONE,Övriga externa kostnader
7513,6039,NONE,Övriga externa kostnader
7513,6040,NONE,Övriga externa kostnader
7513,6041,NONE,Övriga externa kostnader
7513,6042,NONE,Övriga externa kostnader
7513,6043,NONE,Övriga externa kostnader
7513,6044,NONE,Övriga externa kostnader
7513,6045,NONE,Övriga externa kostnader
7513,6046,NONE,Övriga externa kostnader
7513,6047,NONE,Övriga externa kostnader
7513,6048,NONE,Övriga externa kostnader
7513,6049,NONE,Övriga externa kostnader
7513,6050,NONE,Övriga externa kostnader
7513,6051,NONE,Övriga externa kostnader
7513,6052,NONE,Övriga externa kostnader
7513,6053,NONE,Övriga externa kostnader
7513,6054,NONE,Övriga externa kostnader
7513,6055,NONE,Övriga externa kostnader
7513,6056,NONE,Övriga externa kostnader
7513,6057,NONE,Övriga externa kostnader
7513,6058,NONE,Övriga externa kostnader
7513,6059,NONE,Övriga externa kostnader
7513,6060,NONE,Övriga externa kostnader
7513,6061,NONE,Övriga externa kostnader
7513,6062,NONE,Övriga externa kostnader
7513,6063,NONE,Övriga externa kostnader
7513,6064,NONE,Övriga externa kostnader
7513,6065,NONE,Övriga externa kostnader
7513,6066,NONE,Övriga externa kostnader
7513,6067,NONE,Övriga externa kostnader
7513,6068,NONE,Övriga externa kostnader
7513,6069,NONE,Övriga externa kostnader
7513,6070,NONE,Övriga externa kostnader
7513,6071,NONE,Övriga externa kostnader
7513,6072,NONE,Övriga externa kostnader
7513,6073,NONE,Övriga externa kostnader
7513,6074,NONE,Övriga externa kostnader
7513,6075,NONE,Övriga externa kostnader
7513,6076,NONE,Övriga externa kostnader
7513,6077,NONE,Övriga externa kostnader
7513,6078,NONE,Övriga externa kostnader
7513,6079,NONE,Övriga externa kostnader
7513,6080,NONE,Övriga externa kostnader
7513,6081,NONE,Övriga externa kostnader
7513,6082,NONE,Övriga externa kostnader
7513,6083,NONE,Övriga externa kostnader
7513,6084,NONE,Övriga externa kostnader
7513,6085,NONE,Övriga externa kostnader
7513,6086,NONE,Övriga externa kostnader
7513,6087,NONE,Övriga externa kostnader
7513,6088,NONE,Övriga externa kostnader
7513,6089,NONE,Övriga externa kostnader
7513,6090,NONE,Övriga externa kostnader
7513,6091,NONE,Övriga externa kostnader
7513,6092,NONE,Övriga externa kostnader
7513,6093,NONE,Övriga externa kostnader
7513,6094,NONE,Övriga externa kostnader
7513,6095,NONE,Övriga externa kostnader
7513,6096,NONE,Övriga externa kostnader
7513,6097,NONE,Övriga externa kostnader
7513,6098,NONE,Övriga externa kostnader
7513,6099,NONE,Övriga externa kostnader
7513,6100,NONE,Övriga externa kostnader
7513,6101,NONE,Övriga externa kostnader
7513,6102,NONE,Övriga externa kostnader
7513,6103,NONE,Övriga externa kostnader
7513,6104,NONE,Övriga externa kostnader
7513,6105,NONE,Övriga externa kostnader
7513,6106,NONE,Övriga externa kostnader
7513,6107,NONE,Övriga externa kostnader
7513,6108,NONE,Övriga externa kostnader
7513,6109,NONE,Övriga externa kostnader
7513,6110,NONE,Övriga externa kostnader
7513,6111,NONE,Övriga externa kostnader
7513,6112,NONE,Övriga externa kostnader
7513,6113,NONE,Övriga externa kostnader
7513,6114,NONE,Övriga externa kostnader
7513,6115,NONE,Övriga externa kostnader
7513,6116,NONE,Övriga externa kostnader
7513,6117,NONE,Övriga externa kostnader
7513,6118,NONE,Övriga externa kostnader
7513,6119,NONE,Övriga externa kostnader
7513,6120,NONE,Övriga externa kostnader
7513,6121,NONE,Övriga externa kostnader
7513,6122,NONE,Övriga externa kostnader
7513,6123,NONE,Övriga externa kostnader
7513,6124,NONE,Övriga externa kostnader
7513,6125,NONE,Övriga externa kostnader
7513,6126,NONE,Övriga externa kostnader
7513,6127,NONE,Övriga externa kostnader
7513,6128,NONE,Övriga externa kostnader
7513,6129,NONE,Övriga externa kostnader
7513,6130,NONE,Övriga externa kostnader
7513,6131,NONE,Övriga externa kostnader
7513,6132,NONE,Övriga externa kostnader
7513,6133,NONE,Övriga externa kostnader
7513,6134,NONE,Övriga externa kostnader
7513,6135,NONE,Övriga externa kostnader
7513,6136,NONE,Övriga externa kostnader
7513,6137,NONE,Övriga externa kostnader
7513,6138,NONE,Övriga externa kostnader
7513,6139,NONE,Övriga externa kostnader
7513,6140,NONE,Övriga externa kostnader
7513,6141,NONE,Övriga externa kostnader
7513,6142,NONE,Övriga externa kostnader
7513,6143,NONE,Övriga externa kostnader
7513,6144,NONE,Övriga externa kostnader
7513,6145,NONE,Övriga externa kostnader
7513,6146,NONE,Övriga externa kostnader
7513,6147,NONE,Övriga externa kostnader
7513,6148,NONE,Övriga externa kostnader
7513,6149,NONE,Övriga externa kostnader
7513,6150,NONE,Övriga externa kostnader
7513,6151,NONE,Övriga externa kostnader
7513,6152,NONE,Övriga externa kostnader
7513,6153,NONE,Övriga externa kostnader
7513,6154,NONE,Övriga externa kostnader
7513,6155,NONE,Övriga externa kostnader
7513,6156,NONE,Övriga externa kostnader
7513,6157,NONE,Övriga externa kostnader
7513,6158,NONE,Övriga externa kostnader
7513,6159,NONE,Övriga externa kostnader
7513,6160,NONE,Övriga externa kostnader
7513,6161,NONE,Övriga externa kostnader
7513,6162,NONE,Övriga externa kostnader
7513,6163,NONE,Övriga externa kostnader
7513,6164,NONE,Övriga externa kostnader
7513,6165,NONE,Övriga externa kostnader
7513,6166,NONE,Övriga externa kostnader
7513,6167,NONE,Övriga externa kostnader
7513,6168,NONE,Övriga externa kostnader
7513,6169,NONE,Övriga externa kostnader
7513,6170,NONE,Övriga externa kostnader
7513,6171,NONE,Övriga externa kostnader
7513,6172,NONE,Övriga externa kostnader
7513,6173,NONE,Övriga externa kostnader
7513,6174,NONE,Övriga externa kostnader
7513,6175,NONE,Övriga externa kostnader
7513,6176,NONE,Övriga externa kostnader
7513,6177,NONE,Övriga externa kostnader
7513,6178,NONE,Övriga externa kostnader
7513,6179,NONE,Övriga externa kostnader
7513,6180,NONE,Övriga externa kostnader
7513,6181,NONE,Övriga externa kostnader
7513,6182,NONE,Övriga externa kostnader
7513,6183,NONE,Övriga externa kostnader
7513,6184,NONE,Övriga externa kostnader
7513,6185,NONE,Övriga externa kostnader
7513,6186,NONE,Övriga externa kostnader
7513,6187,NONE,Övriga externa kostnader
7513,6188,NONE,Övriga externa kostnader
7513,6189,NONE,Övriga externa kostnader
7513,6190,NONE,Övriga externa kostnader
7513,6191,NONE,Övriga externa kostnader
7513,6192,NONE,Övriga externa kostnader
7513,6193,NONE,Övriga externa kostnader
7513,6194,NONE,Övriga externa kostnader
7513,6195,NONE,Övriga externa kostnader
7513,6196,NONE,Övriga externa kostnader
7513,6197,NONE,Övriga externa kostnader
7513,6198,NONE,Övriga externa kostnader
7513,6199,NONE,Övriga externa kostnader
7513,6200,NONE,Övriga externa kostnader
7513,6201,NONE,Övriga externa kostnader
7513,6202,NONE,Övriga externa kostnader
7513,6203,NONE,Övriga externa kostnader
7513,6204,NONE,Övriga externa kostnader
7513,6205,NONE,Övriga externa kostnader
7513,6206,NONE,Övriga externa kostnader
7513,6207,NONE,Övriga externa kostnader
7513,6208,NONE,Övriga externa kostnader
7513,6209,NONE,Övriga externa kostnader
7513,6210,NONE,Övriga externa kostnader
7513,6211,NONE,Övriga externa kostnader
7513,6212,NONE,Övriga externa kostnader
7513,6213,NONE,Övriga externa kostnader
7513,6214,NONE,Övriga externa kostnader
7513,6215,NONE,Övriga externa kostnader
7513,6216,NONE,Övriga externa kostnader
7513,6217,NONE,Övriga externa kostnader
7513,6218,NONE,Övriga externa kostnader
7513,6219,NONE,Övriga externa kostnader
7513,6220,NONE,Övriga externa kostnader
7513,6221,NONE,Övriga externa kostnader
7513,6222,NONE,Övriga externa kostnader
7513,6223,NONE,Övriga externa kostnader
7513,6224,NONE,Övriga externa kostnader
7513,6225,NONE,Övriga externa kostnader
7513,6226,NONE,Övriga externa kostnader
7513,6227,NONE,Övriga externa kostnader
7513,6228,NONE,Övriga externa kostnader
7513,6229,NONE,Övriga externa kostnader
7513,6230,NONE,Övriga externa kostnader
7513,6231,NONE,Övriga externa kostnader
7513,6232,NONE,Övriga externa kostnader
7513,6233,NONE,Övriga externa kostnader
7513,6234,NONE,Övriga externa kostnader
7513,6235,NONE,Övriga externa kostnader
7513,6236,NONE,Övriga externa kostnader
7513,6237,NONE,Övriga externa kostnader
7513,6238,NONE,Övriga externa kostnader
7513,6239,NONE,Övriga externa kostnader
7513,6240,NONE,Övriga externa kostnader
7513,6241,NONE,Övriga externa kostnader
7513,6242,NONE,Övriga externa kostnader
7513,6243,NONE,Övriga externa kostnader
7513,6244,NONE,Övriga externa kostnader
7513,6245,NONE,Övriga externa kostnader
7513,6246,NONE,Övriga externa kostnader
7513,6247,NONE,Övriga externa kostnader
7513,6248,NONE,Övriga externa kostnader
7513,6249,NONE,Övriga externa kostnader
7513,6250,NONE,Övriga externa kostnader
7513,6251,NONE,Övriga externa kostnader
7513,6252,NONE,Övriga externa kostnader
7513,6253,NONE,Övriga externa kostnader
7513,6254,NONE,Övriga externa kostnader
7513,6255,NONE,Övriga externa kostnader
7513,6256,NONE,Övriga externa kostnader
7513,6257,NONE,Övriga externa kostnader
7513,6258,NONE,Övriga externa kostnader
7513,6259,NONE,Övriga externa kostnader
7513,6260,NONE,Övriga externa kostnader
7513,6261,NONE,Övriga externa kostnader
7513,6262,NONE,Övriga externa kostnader
7513,6263,NONE,Övriga externa kostnader
7513,6264,NONE,Övriga externa kostnader
7513,6265,NONE,Övriga externa kostnader
7513,6266,NONE,Övriga externa kostnader
7513,6267,NONE,Övriga externa kostnader
7513,6268,NONE,Övriga externa kostnader
7513,6269,NONE,Övriga externa kostnader
7513,6270,NONE,Övriga externa kostnader
7513,6271,NONE,Övriga externa kostnader
7513,6272,NONE,Övriga externa kostnader
7513,6273,NONE,Övriga externa kostnader
7513,6274,NONE,Övriga externa kostnader
7513,6275,NONE,Övriga externa kostnader
7513,6276,NONE,Övriga externa kostnader
7513,6277,NONE,Övriga externa kostnader
7513,6278,NONE,Övriga externa kostnader
7513,6279,NONE,Övriga externa kostnader
7513,6280,NONE,Övriga externa kostnader
7513,6281,NONE,Övriga externa kostnader
7513,6282,NONE,Övriga externa kostnader
7513,6283,NONE,Övriga externa kostnader
7513,6284,NONE,Övriga externa kostnader
7513,6285,NONE,Övriga externa kostnader
7513,6286,NONE,Övriga externa kostnader
7513,6287,NONE,Övriga externa kostnader
7513,6288,NONE,Övriga externa kostnader
7513,6289,NONE,Övriga externa kostnader
7513,6290,NONE,Övriga externa kostnader
7513,6291,NONE,Övriga externa kostnader
7513,6292,NONE,Övriga externa kostnader
7513,6293,NONE,Övriga externa kostnader
7513,6294,NONE,Övriga externa kostnader
7513,6295,NONE,Övriga externa kostnader
7513,6296,NONE,Övriga externa kostnader
7513,6297,NONE,Övriga externa kostnader
7513,6298,NONE,Övriga externa kostnader
7513,6299,NONE,Övriga externa kostnader
7513,6300,NONE,Övriga externa kostnader
7513,6301,NONE,Övriga externa kostnader
7513,6302,NONE,Övriga externa kostnader
7513,6303,NONE,Övriga externa kostnader
7513,6304,NONE,Övriga externa kostnader
7513,6305,NONE,Övriga externa kostnader
7513,6306,NONE,Övriga externa kostnader
7513,6307,NONE,Övriga externa kostnader
7513,6308,NONE,Övriga externa kostnader
7513,6309,NONE,Övriga externa kostnader
7513,6310,NONE,Övriga externa kostnader
7513,6311,NONE,Övriga externa kostnader
7513,6312,NONE,Övriga externa kostnader
7513,6313,NONE,Övriga externa kostnader
7513,6314,NONE,Övriga externa kostnader
7513,6315,NONE,Övriga externa kostnader
7513,6316,NONE,Övriga externa kostnader
7513,6317,NONE,Övriga externa kostnader
7513,6318,NONE,Övriga externa kostnader
7513,6319,NONE,Övriga externa kostnader
7513,6320,NONE,Övriga externa kostnader
7513,6321,NONE,Övriga externa kostnader
7513,6322,NONE,Övriga externa kostnader
7513,6323,NONE,Övriga externa kostnader
7513,6324,NONE,Övriga externa kostnader
7513,6325,NONE,Övriga externa kostnader
7513,6326,NONE,Övriga externa kostnader
7513,6327,NONE,Övriga externa kostnader
7513,6328,NONE,Övriga externa kostnader
7513,6329,NONE,Övriga externa kostnader
7513,6330,NONE,Övriga externa kostnader
7513,6331,NONE,Övriga externa kostnader
7513,6332,NONE,Övriga externa kostnader
7513,6333,NONE,Övriga externa kostnader
7513,6334,NONE,Övriga externa kostnader
7513,6335,NONE,Övriga externa kostnader
7513,6336,NONE,Övriga externa kostnader
7513,6337,NONE,Övriga externa kostnader
7513,6338,NONE,Övriga externa kostnader
7513,6339,NONE,Övriga externa kostnader
7513,6340,NONE,Övriga externa kostnader
7513,6341,NONE,Övriga externa kostnader
7513,6342,NONE,Övriga externa kostnader
7513,6343,NONE,Övriga externa kostnader
7513,6344,NONE,Övriga externa kostnader
7513,6345,NONE,Övriga externa kostnader
7513,6346,NONE,Övriga externa kostnader
7513,6347,NONE,Övriga externa kostnader
7513,6348,NONE,Övriga externa kostnader
7513,6349,NONE,Övriga externa kostnader
7513,6350,NONE,Övriga externa kostnader
7513,6351,NONE,Övriga externa kostnader
7513,6352,NONE,Övriga externa kostnader
7513,6353,NONE,Övriga externa kostnader
7513,6354,NONE,Övriga externa kostnader
7513,6355,NONE,Övriga externa kostnader
7513,6356,NONE,Övriga externa kostnader
7513,6357,NONE,Övriga externa kostnader
7513,6358,NONE,Övriga externa kostnader
7513,6359,NONE,Övriga externa kostnader
7513,6360,NONE,Övriga externa kostnader
7513,6361,NONE,Övriga externa kostnader
7513,6362,NONE,Övriga externa kostnader
7513,6363,NONE,Övriga externa kostnader
7513,6364,NONE,Övriga externa kostnader
7513,6365,NONE,Övriga externa kostnader
7513,6366,NONE,Övriga externa kostnader
7513,6367,NONE,Övriga externa kostnader
7513,6368,NONE,Övriga externa kostnader
7513,6369,NONE,Övriga externa kostnader
7513,6370,NONE,Övriga externa kostnader
7513,6371,NONE,Övriga externa kostnader
7513,6372,NONE,Övriga externa kostnader
7513,6373,NONE,Övriga externa kostnader
7513,6374,NONE,Övriga externa kostnader
7513,6375,NONE,Övriga externa kostnader
7513,6376,NONE,Övriga externa kostnader
7513,6377,NONE,Övriga externa kostnader
7513,6378,NONE,Övriga externa kostnader
7513,6379,NONE,Övriga externa kostnader
7513,6380,NONE,Övriga externa kostnader
7513,6381,NONE,Övriga externa kostnader
7513,6382,NONE,Övriga externa kostnader
7513,6383,NONE,Övriga externa kostnader
7513,6384,NONE,Övriga externa kostnader
7513,6385,NONE,Övriga externa kostnader
7513,6386,NONE,Övriga externa kostnader
7513,6387,NONE,Övriga externa kostnader
7513,6388,NONE,Övriga externa kostnader
7513,6389,NONE,Övriga externa kostnader
7513,6390,NONE,Övriga externa kostnader
7513,6391,NONE,Övriga externa kostnader
7513,6392,NONE,Övriga externa kostnader
7513,6393,NONE,Övriga externa kostnader
7513,6394,NONE,Övriga externa kostnader
7513,6395,NONE,Övriga externa kostnader
7513,6396,NONE,Övriga externa kostnader
7513,6397,NONE,Övriga externa kostnader
7513,6398,NONE,Övriga externa kostnader
7513,6399,NONE,Övriga externa kostnader
7513,6400,NONE,Övriga externa kostnader
7513,6401,NONE,Övriga externa kostnader
7513,6402,NONE,Övriga externa kostnader
7513,6403,NONE,Övriga externa kostnader
7513,6404,NONE,Övriga externa kostnader
7513,6405,NONE,Övriga externa kostnader
7513,6406,NONE,Övriga externa kostnader
7513,6407,NONE,Övriga externa kostnader
7513,6408,NONE,Övriga externa kostnader
7513,6409,NONE,Övriga externa kostnader
7513,6410,NONE,Övriga externa kostnader
7513,6411,NONE,Övriga externa kostnader
7513,6412,NONE,Övriga externa kostnader
7513,6413,NONE,Övriga externa kostnader
7513,6414,NONE,Övriga externa kostnader
7513,6415,NONE,Övriga externa kostnader
7513,6416,NONE,Övriga externa kostnader
7513,6417,NONE,Övriga externa kostnader
7513,6418,NONE,Övriga externa kostnader
7513,6419,NONE,Övriga externa kostnader
7513,6420,NONE,Övriga externa kostnader
7513,6421,NONE,Övriga externa kostnader
7513,6422,NONE,Övriga externa kostnader
7513,6423,NONE,Övriga externa kostnader
7513,6424,NONE,Övriga externa kostnader
7513,6425,NONE,Övriga externa kostnader
7513,6426,NONE,Övriga externa kostnader
7513,6427,NONE,Övriga externa kostnader
7513,6428,NONE,Övriga externa kostnader
7513,6429,NONE,Övriga externa kostnader
7513,6430,NONE,Övriga externa kostnader
7513,6431,NONE,Övriga externa kostnader
7513,6432,NONE,Övriga externa kostnader
7513,6433,NONE,Övriga externa kostnader
7513,6434,NONE,Övriga externa kostnader
7513,6435,NONE,Övriga externa kostnader
7513,6436,NONE,Övriga externa kostnader
7513,6437,NONE,Övriga externa kostnader
7513,6438,NONE,Övriga externa kostnader
7513,6439,NONE,Övriga externa kostnader
7513,6440,NONE,Övriga externa kostnader
7513,6441,NONE,Övriga externa kostnader
7513,6442,NONE,Övriga externa kostnader
7513,6443,NONE,Övriga externa kostnader
7513,6444,NONE,Övriga externa kostnader
7513,6445,NONE,Övriga externa kostnader
7513,6446,NONE,Övriga externa kostnader
7513,6447,NONE,Övriga externa kostnader
7513,6448,NONE,Övriga externa kostnader
7513,6449,NONE,Övriga externa kostnader
7513,6450,NONE,Övriga externa kostnader
7513,6451,NONE,Övriga externa kostnader
7513,6452,NONE,Övriga externa kostnader
7513,6453,NONE,Övriga externa kostnader
7513,6454,NONE,Övriga externa kostnader
7513,6455,NONE,Övriga externa kostnader
7513,6456,NONE,Övriga externa kostnader
7513,6457,NONE,Övriga externa kostnader
7513,6458,NONE,Övriga externa kostnader
7513,6459,NONE,Övriga externa kostnader
7513,6460,NONE,Övriga externa kostnader
7513,6461,NONE,Övriga externa kostnader
7513,6462,NONE,Övriga externa kostnader
7513,6463,NONE,Övriga externa kostnader
7513,6464,NONE,Övriga externa kostnader
7513,6465,NONE,Övriga externa kostnader
7513,6466,NONE,Övriga externa kostnader
7513,6467,NONE,Övriga externa kostnader
7513,6468,NONE,Övriga externa kostnader
7513,6469,NONE,Övriga externa kostnader
7513,6470,NONE,Övriga externa kostnader
7513,6471,NONE,Övriga externa kostnader
7513,6472,NONE,Övriga externa kostnader
7513,6473,NONE,Övriga externa kostnader
7513,6474,NONE,Övriga externa kostnader
7513,6475,NONE,Övriga externa kostnader
7513,6476,NONE,Övriga externa kostnader
7513,6477,NONE,Övriga externa kostnader
7513,6478,NONE,Övriga externa kostnader
7513,6479,NONE,Övriga externa kostnader
7513,6480,NONE,Övriga externa kostnader
7513,6481,NONE,Övriga externa kostnader
7513,6482,NONE,Övriga externa kostnader
7513,6483,NONE,Övriga externa kostnader
7513,6484,NONE,Övriga externa kostnader
7513,6485,NONE,Övriga externa kostnader
7513,6486,NONE,Övriga externa kostnader
7513,6487,NONE,Övriga externa kostnader
7513,6488,NONE,Övriga externa kostnader
7513,6489,NONE,Övriga externa kostnader
7513,6490,NONE,Övriga externa kostnader
7513,6491,NONE,Övriga externa kostnader
7513,6492,NONE,Övriga externa kostnader
7513,6493,NONE,Övriga externa kostnader
7513,6494,NONE,Övriga externa kostnader
7513,6495,NONE,Övriga externa kostnader
7513,6496,NONE,Övriga externa kostnader
7513,6497,NONE,Övriga externa kostnader
7513,6498,NONE,Övriga externa kostnader
7513,6499,NONE,Övriga externa kostnader
7513,6500,NONE,Övriga externa kostnader
7513,6501,NONE,Övriga externa kostnader
7513,6502,NONE,Övriga externa kostnader
7513,6503,NONE,Övriga externa kostnader
7513,6504,NONE,Övriga externa kostnader
7513,6505,NONE,Övriga externa kostnader
7513,6506,NONE,Övriga externa kostnader
7513,6507,NONE,Övriga externa kostnader
7513,6508,NONE,Övriga externa kostnader
7513,6509,NONE,Övriga externa kostnader
7513,6510,NONE,Övriga externa kostnader
7513,6511,NONE,Övriga externa kostnader
7513,6512,NONE,Övriga externa kostnader
7513,6513,NONE,Övriga externa kostnader
7513,6514,NONE,Övriga externa kostnader
7513,6515,NONE,Övriga externa kostnader
7513,6516,NONE,Övriga externa kostnader
7513,6517,NONE,Övriga externa kostnader
7513,6518,NONE,Övriga externa kostnader
7513,6519,NONE,Övriga externa kostnader
7513,6520,NONE,Övriga externa kostnader
7513,6521,NONE,Övriga externa kostnader
7513,6522,NONE,Övriga externa kostnader
7513,6523,NONE,Övriga externa kostnader
7513,6524,NONE,Övriga externa kostnader
7513,6525,NONE,Övriga externa kostnader
7513,6526,NONE,Övriga externa kostnader
7513,6527,NONE,Övriga externa kostnader
7513,6528,NONE,Övriga externa kostnader
7513,6529,NONE,Övriga externa kostnader
7513,6530,NONE,Övriga externa kostnader
7513,6531,NONE,Övriga externa kostnader
7513,6532,NONE,Övriga externa kostnader
7513,6533,NONE,Övriga externa kostnader
7513,6534,NONE,Övriga externa kostnader
7513,6535,NONE,Övriga externa kostnader
7513,6536,NONE,Övriga externa kostnader
7513,6537,NONE,Övriga externa kostnader
7513,6538,NONE,Övriga externa kostnader
7513,6539,NONE,Övriga externa kostnader
7513,6540,NONE,Övriga externa kostnader
7513,6541,NONE,Övriga externa kostnader
7513,6542,NONE,Övriga externa kostnader
7513,6543,NONE,Övriga externa kostnader
7513,6544,NONE,Övriga externa kostnader
7513,6545,NONE,Övriga externa kostnader
7513,6546,NONE,Övriga externa kostnader
7513,6547,NONE,Övriga externa kostnader
7513,6548,NONE,Övriga externa kostnader
7513,6549,NONE,Övriga externa kostnader
7513,6550,NONE,Övriga externa kostnader
7513,6551,NONE,Övriga externa kostnader
7513,6552,NONE,Övriga externa kostnader
7513,6553,NONE,Övriga externa kostnader
7513,6554,NONE,Övriga externa kostnader
7513,6555,NONE,Övriga externa kostnader
7513,6556,NONE,Övriga externa kostnader
7513,6557,NONE,Övriga externa kostnader
7513,6558,NONE,Övriga externa kostnader
7513,6559,NONE,Övriga externa kostnader
7513,6560,NONE,Övriga externa kostnader
7513,6561,NONE,Övriga externa kostnader
7513,6562,NONE,Övriga externa kostnader
7513,6563,NONE,Övriga externa kostnader
7513,6564,NONE,Övriga externa kostnader
7513,6565,NONE,Övriga externa kostnader
7513,6566,NONE,Övriga externa kostnader
7513,6567,NONE,Övriga externa kostnader
7513,6568,NONE,Övriga externa kostnader
7513,6569,NONE,Övriga externa kostnader
7513,6570,NONE,Övriga externa kostnader
7513,6571,NONE,Övriga externa kostnader
7513,6572,NONE,Övriga externa kostnader
7513,6573,NONE,Övriga externa kostnader
7513,6574,NONE,Övriga externa kostnader
7513,6575,NONE,Övriga externa kostnader
7513,6576,NONE,Övriga externa kostnader
7513,6577,NONE,Övriga externa kostnader
7513,6578,NONE,Övriga externa kostnader
7513,6579,NONE,Övriga externa kostnader
7513,6580,NONE,Övriga externa kostnader
7513,6581,NONE,Övriga externa kostnader
7513,6582,NONE,Övriga externa kostnader
7513,6583,NONE,Övriga externa kostnader
7513,6584,NONE,Övriga externa kostnader
7513,6585,NONE,Övriga externa kostnader
7513,6586,NONE,Övriga externa kostnader
7513,6587,NONE,Övriga externa kostnader
7513,6588,NONE,Övriga externa kostnader
7513,6589,NONE,Övriga externa kostnader
7513,6590,NONE,Övriga externa kostnader
7513,6591,NONE,Övriga externa kostnader
7513,6592,NONE,Övriga externa kostnader
7513,6593,NONE,Övriga externa kostnader
7513,6594,NONE,Övriga externa kostnader
7513,6595,NONE,Övriga externa kostnader
7513,6596,NONE,Övriga externa kostnader
7513,6597,NONE,Övriga externa kostnader
7513,6598,NONE,Övriga externa kostnader
7513,6599,NONE,Övriga externa kostnader
7513,6600,NONE,Övriga externa kostnader
7513,6601,NONE,Övriga externa kostnader
7513,6602,NONE,Övriga externa kostnader
7513,6603,NONE,Övriga externa kostnader
7513,6604,NONE,Övriga externa kostnader
7513,6605,NONE,Övriga externa kostnader
7513,6606,NONE,Övriga externa kostnader
7513,6607,NONE,Övriga externa kostnader
7513,6608,NONE,Övriga externa kostnader
7513,6609,NONE,Övriga externa kostnader
7513,6610,NONE,Övriga externa kostnader
7513,6611,NONE,Övriga externa kostnader
7513,6612,NONE,Övriga externa kostnader
7513,6613,NONE,Övriga externa kostnader
7513,6614,NONE,Övriga externa kostnader
7513,6615,NONE,Övriga externa kostnader
7513,6616,NONE,Övriga externa kostnader
7513,6617,NONE,Övriga externa kostnader
7513,6618,NONE,Övriga externa kostnader
7513,6619,NONE,Övriga externa kostnader
7513,6620,NONE,Övriga externa kostnader
7513,6621,NONE,Övriga externa kostnader
7513,6622,NONE,Övriga externa kostnader
7513,6623,NONE,Övriga externa kostnader
7513,6624,NONE,Övriga externa kostnader
7513,6625,NONE,Övriga externa kostnader
7513,6626,NONE,Övriga externa kostnader
7513,6627,NONE,Övriga externa kostnader
7513,6628,NONE,Övriga externa kostnader
7513,6629,NONE,Övriga externa kostnader
7513,6630,NONE,Övriga externa kostnader
7513,6631,NONE,Övriga externa kostnader
7513,6632,NONE,Övriga externa kostnader
7513,6633,NONE,Övriga externa kostnader
7513,6634,NONE,Övriga externa kostnader
7513,6635,NONE,Övriga externa kostnader
7513,6636,NONE,Övriga externa kostnader
7513,6637,NONE,Övriga externa kostnader
7513,6638,NONE,Övriga externa kostnader
7513,6639,NONE,Övriga externa kostnader
7513,6640,NONE,Övriga externa kostnader
7513,6641,NONE,Övriga externa kostnader
7513,6642,NONE,Övriga externa kostnader
7513,6643,NONE,Övriga externa kostnader
7513,6644,NONE,Övriga externa kostnader
7513,6645,NONE,Övriga externa kostnader
7513,6646,NONE,Övriga externa kostnader
7513,6647,NONE,Övriga externa kostnader
7513,6648,NONE,Övriga externa kostnader
7513,6649,NONE,Övriga externa kostnader
7513,6650,NONE,Övriga externa kostnader
7513,6651,NONE,Övriga externa kostnader
7513,6652,NONE,Övriga externa kostnader
7513,6653,NONE,Övriga externa kostnader
7513,6654,NONE,Övriga externa kostnader
7513,6655,NONE,Övriga externa kostnader
7513,6656,NONE,Övriga externa kostnader
7513,6657,NONE,Övriga externa kostnader
7513,6658,NONE,Övriga externa kostnader
7513,6659,NONE,Övriga externa kostnader
7513,6660,NONE,Övriga externa kostnader
7513,6661,NONE,Övriga externa kostnader
7513,6662,NONE,Övriga externa kostnader
7513,6663,NONE,Övriga externa kostnader
7513,6664,NONE,Övriga externa kostnader
7513,6665,NONE,Övriga externa kostnader
7513,6666,NONE,Övriga externa kostnader
7513,6667,NONE,Övriga externa kostnader
7513,6668,NONE,Övriga externa kostnader
7513,6669,NONE,Övriga externa kostnader
7513,6670,NONE,Övriga externa kostnader
7513,6671,NONE,Övriga externa kostnader
7513,6672,NONE,Övriga externa kostnader
7513,6673,NONE,Övriga externa kostnader
7513,6674,NONE,Övriga externa kostnader
7513,6675,NONE,Övriga externa kostnader
7513,6676,NONE,Övriga externa kostnader
7513,6677,NONE,Övriga externa kostnader
7513,6678,NONE,Övriga externa kostnader
7513,6679,NONE,Övriga externa kostnader
7513,6680,NONE,Övriga externa kostnader
7513,6681,NONE,Övriga externa kostnader
7513,6682,NONE,Övriga externa kostnader
7513,6683,NONE,Övriga externa kostnader
7513,6684,NONE,Övriga externa kostnader
7513,6685,NONE,Övriga externa kostnader
7513,6686,NONE,Övriga externa kostnader
7513,6687,NONE,Övriga externa kostnader
7513,6688,NONE,Övriga externa kostnader
7513,6689,NONE,Övriga externa kostnader
7513,6690,NONE,Övriga externa kostnader
7513,6691,NONE,Övriga externa kostnader
7513,6692,NONE,Övriga externa kostnader
7513,6693,NONE,Övriga externa kostnader
7513,6694,NONE,Övriga externa kostnader
7513,6695,NONE,Övriga externa kostnader
7513,6696,NONE,Övriga externa kostnader
7513,6697,NONE,Övriga externa kostnader
7513,6698,NONE,Övriga externa kostnader
7513,6699,NONE,Övriga externa kostnader
7513,6700,NONE,Övriga externa kostnader
7513,6701,NONE,Övriga externa kostnader
7513,6702,NONE,Övriga externa kostnader
7513,6703,NONE,Övriga externa kostnader
7513,6704,NONE,Övriga externa kostnader
7513,6705,NONE,Övriga externa kostnader
7513,6706,NONE,Övriga externa kostnader
7513,6707,NONE,Övriga externa kostnader
7513,6708,NONE,Övriga externa kostnader
7513,6709,NONE,Övriga externa kostnader
7513,6710,NONE,Övriga externa kostnader
7513,6711,NONE,Övriga externa kostnader
7513,6712,NONE,Övriga externa kostnader
7513,6713,NONE,Övriga externa kostnader
7513,6714,NONE,Övriga externa kostnader
7513,6715,NONE,Övriga externa kostnader
7513,6716,NONE,Övriga externa kostnader
7513,6717,NONE,Övriga externa kostnader
7513,6718,NONE,Övriga externa kostnader
7513,6719,NONE,Övriga externa kostnader
7513,6720,NONE,Övriga externa kostnader
7513,6721,NONE,Övriga externa kostnader
7513,6722,NONE,Övriga externa kostnader
7513,6723,NONE,Övriga externa kostnader
7513,6724,NONE,Övriga externa kostnader
7513,6725,NONE,Övriga externa kostnader
7513,6726,NONE,Övriga externa kostnader
7513,6727,NONE,Övriga externa kostnader
7513,6728,NONE,Övriga externa kostnader
7513,6729,NONE,Övriga externa kostnader
7513,6730,NONE,Övriga externa kostnader
7513,6731,NONE,Övriga externa kostnader
7513,6732,NONE,Övriga externa kostnader
7513,6733,NONE,Övriga externa kostnader
7513,6734,NONE,Övriga externa kostnader
7513,6735,NONE,Övriga externa kostnader
7513,6736,NONE,Övriga externa kostnader
7513,6737,NONE,Övriga externa kostnader
7513,6738,NONE,Övriga externa kostnader
7513,6739,NONE,Övriga externa kostnader
7513,6740,NONE,Övriga externa kostnader
7513,6741,NONE,Övriga externa kostnader
7513,6742,NONE,Övriga externa kostnader
7513,6743,NONE,Övriga externa kostnader
7513,6744,NONE,Övriga externa kostnader
7513,6745,NONE,Övriga externa kostnader
7513,6746,NONE,Övriga externa kostnader
7513,6747,NONE,Övriga externa kostnader
7513,6748,NONE,Övriga externa kostnader
7513,6749,NONE,Övriga externa kostnader
7513,6750,NONE,Övriga externa kostnader
7513,6751,NONE,Övriga externa kostnader
7513,6752,NONE,Övriga externa kostnader
7513,6753,NONE,Övriga externa kostnader
7513,6754,NONE,Övriga externa kostnader
7513,6755,NONE,Övriga externa kostnader
7513,6756,NONE,Övriga externa kostnader
7513,6757,NONE,Övriga externa kostnader
7513,6758,NONE,Övriga externa kostnader
7513,6759,NONE,Övriga externa kostnader
7513,6760,NONE,Övriga externa kostnader
7513,6761,NONE,Övriga externa kostnader
7513,6762,NONE,Övriga externa kostnader
7513,6763,NONE,Övriga externa kostnader
7513,6764,NONE,Övriga externa kostnader
7513,6765,NONE,Övriga externa kostnader
7513,6766,NONE,Övriga externa kostnader
7513,6767,NONE,Övriga externa kostnader
7513,6768,NONE,Övriga externa kostnader
7513,6769,NONE,Övriga externa kostnader
7513,6770,NONE,Övriga externa kostnader
7513,6771,NONE,Övriga externa kostnader
7513,6772,NONE,Övriga externa kostnader
7513,6773,NONE,Övriga externa kostnader
7513,6774,NONE,Övriga externa kostnader
7513,6775,NONE,Övriga externa kostnader
7513,6776,NONE,Övriga externa kostnader
7513,6777,NONE,Övriga externa kostnader
7513,6778,NONE,Övriga externa kostnader
7513,6779,NONE,Övriga externa kostnader
7513,6780,NONE,Övriga externa kostnader
7513,6781,NONE,Övriga externa kostnader
7513,6782,NONE,Övriga externa kostnader
7513,6783,NONE,Övriga externa kostnader
7513,6784,NONE,Övriga externa kostnader
7513,6785,NONE,Övriga externa kostnader
7513,6786,NONE,Övriga externa kostnader
7513,6787,NONE,Övriga externa kostnader
7513,6788,NONE,Övriga externa kostnader
7513,6789,NONE,Övriga externa kostnader
7513,6790,NONE,Övriga externa kostnader
7513,6791,NONE,Övriga externa kostnader
7513,6792,NONE,Övriga externa kostnader
7513,6793,NONE,Övriga externa kostnader
7513,6794,NONE,Övriga externa kostnader
7513,6795,NONE,Övriga externa kostnader
7513,6796,NONE,Övriga externa kostnader
7513,6797,NONE,Övriga externa kostnader
7513,6798,NONE,Övriga externa kostnader
7513,6799,NONE,Övriga externa kostnader
7513,6800,NONE,Övriga externa kostnader
7513,6801,NONE,Övriga externa kostnader
7513,6802,NONE,Övriga externa kostnader
7513,6803,NONE,Övriga externa kostnader
7513,6804,NONE,Övriga externa kostnader
7513,6805,NONE,Övriga externa kostnader
7513,6806,NONE,Övriga externa kostnader
7513,6807,NONE,Övriga externa kostnader
7513,6808,NONE,Övriga externa kostnader
7513,6809,NONE,Övriga externa kostnader
7513,6810,NONE,Övriga externa kostnader
7513,6811,NONE,Övriga externa kostnader
7513,6812,NONE,Övriga externa kostnader
7513,6813,NONE,Övriga externa kostnader
7513,6814,NONE,Övriga externa kostnader
7513,6815,NONE,Övriga externa kostnader
7513,6816,NONE,Övriga externa kostnader
7513,6817,NONE,Övriga externa kostnader
7513,6818,NONE,Övriga externa kostnader
7513,6819,NONE,Övriga externa kostnader
7513,6820,NONE,Övriga externa kostnader
7513,6821,NONE,Övriga externa kostnader
7513,6822,NONE,Övriga externa kostnader
7513,6823,NONE,Övriga externa kostnader
7513,6824,NONE,Övriga externa kostnader
7513,6825,NONE,Övriga externa kostnader
7513,6826,NONE,Övriga externa kostnader
7513,6827,NONE,Övriga externa kostnader
7513,6828,NONE,Övriga externa kostnader
7513,6829,NONE,Övriga externa kostnader
7513,6830,NONE,Övriga externa kostnader
7513,6831,NONE,Övriga externa kostnader
7513,6832,NONE,Övriga externa kostnader
7513,6833,NONE,Övriga externa kostnader
7513,6834,NONE,Övriga externa kostnader
7513,6835,NONE,Övriga externa kostnader
7513,6836,NONE,Övriga externa kostnader
7513,6837,NONE,Övriga externa kostnader
7513,6838,NONE,Övriga externa kostnader
7513,6839,NONE,Övriga externa kostnader
7513,6840,NONE,Övriga externa kostnader
7513,6841,NONE,Övriga externa kostnader
7513,6842,NONE,Övriga externa kostnader
7513,6843,NONE,Övriga externa kostnader
7513,6844,NONE,Övriga externa kostnader
7513,6845,NONE,Övriga externa kostnader
7513,6846,NONE,Övriga externa kostnader
7513,6847,NONE,Övriga externa kostnader
7513,6848,NONE,Övriga externa kostnader
7513,6849,NONE,Övriga externa kostnader
7513,6850,NONE,Övriga externa kostnader
7513,6851,NONE,Övriga externa kostnader
7513,6852,NONE,Övriga externa kostnader
7513,6853,NONE,Övriga externa kostnader
7513,6854,NONE,Övriga externa kostnader
7513,6855,NONE,Övriga externa kostnader
7513,6856,NONE,Övriga externa kostnader
7513,6857,NONE,Övriga externa kostnader
7513,6858,NONE,Övriga externa kostnader
7513,6859,NONE,Övriga externa kostnader
7513,6860,NONE,Övriga externa kostnader
7513,6861,NONE,Övriga externa kostnader
7513,6862,NONE,Övriga externa kostnader
7513,6863,NONE,Övriga externa kostnader
7513,6864,NONE,Övriga externa kostnader
7513,6865,NONE,Övriga externa kostnader
7513,6866,NONE,Övriga externa kostnader
7513,6867,NONE,Övriga externa kostnader
7513,6868,NONE,Övriga externa kostnader
7513,6869,NONE,Övriga externa kostnader
7513,6870,NONE,Övriga externa kostnader
7513,6871,NONE,Övriga externa kostnader
7513,6872,NONE,Övriga externa kostnader
7513,6873,NONE,Övriga externa kostnader
7513,6874,NONE,Övriga externa kostnader
7513,6875,NONE,Övriga externa kostnader
7513,6876,NONE,Övriga externa kostnader
7513,6877,NONE,Övriga externa kostnader
7513,6878,NONE,Övriga externa kostnader
7513,6879,NONE,Övriga externa kostnader
7513,6880,NONE,Övriga externa kostnader
7513,6881,NONE,Övriga externa kostnader
7513,6882,NONE,Övriga externa kostnader
7513,6883,NONE,Övriga externa kostnader
7513,6884,NONE,Övriga externa kostnader
7513,6885,NONE,Övriga externa kostnader
7513,6886,NONE,Övriga externa kostnader
7513,6887,NONE,Övriga externa kostnader
7513,6888,NONE,Övriga externa kostnader
7513,6889,NONE,Övriga externa kostnader
7513,6890,NONE,Övriga externa kostnader
7513,6891,NONE,Övriga externa kostnader
7513,6892,NONE,Övriga externa kostnader
7513,6893,NONE,Övriga externa kostnader
7513,6894,NONE,Övriga externa kostnader
7513,6895,NONE,Övriga externa kostnader
7513,6896,NONE,Övriga externa kostnader
7513,6897,NONE,Övriga externa kostnader
7513,6898,NONE,Övriga externa kostnader
7513,6899,NONE,Övriga externa kostnader
7513,6900,NONE,Övriga externa kostnader
7513,6901,NONE,Övriga externa kostnader
7513,6902,NONE,Övriga externa kostnader
7513,6903,NONE,Övriga externa kostnader
7513,6904,NONE,Övriga externa kostnader
7513,6905,NONE,Övriga externa kostnader
7513,6906,NONE,Övriga externa kostnader
7513,6907,NONE,Övriga externa kostnader
7513,6908,NONE,Övriga externa kostnader
7513,6909,NONE,Övriga externa kostnader
7513,6910,NONE,Övriga externa kostnader
7513,6911,NONE,Övriga externa kostnader
7513,6912,NONE,Övriga externa kostnader
7513,6913,NONE,Övriga externa kostnader
7513,6914,NONE,Övriga externa kostnader
7513,6915,NONE,Övriga externa kostnader
7513,6916,NONE,Övriga externa kostnader
7513,6917,NONE,Övriga externa kostnader
7513,6918,NONE,Övriga externa kostnader
7513,6919,NONE,Övriga externa kostnader
7513,6920,NONE,Övriga externa kostnader
7513,6921,NONE,Övriga externa kostnader
7513,6922,NONE,Övriga externa kostnader
7513,6923,NONE,Övriga externa kostnader
7513,6924,NONE,Övriga externa kostnader
7513,6925,NONE,Övriga externa kostnader
7513,6926,NONE,Övriga externa kostnader
7513,6927,NONE,Övriga externa kostnader
7513,6928,NONE,Övriga externa kostnader
7513,6929,NONE,Övriga externa kostnader
7513,6930,NONE,Övriga externa kostnader
7513,6931,NONE,Övriga externa kostnader
7513,6932,NONE,Övriga externa kostnader
7513,6933,NONE,Övriga externa kostnader
7513,6934,NONE,Övriga externa kostnader
7513,6935,NONE,Övriga externa kostnader
7513,6936,NONE,Övriga externa kostnader
7513,6937,NONE,Övriga externa kostnader
7513,6938,NONE,Övriga externa kostnader
7513,6939,NONE,Övriga externa kostnader
7513,6940,NONE,Övriga externa kostnader
7513,6941,NONE,Övriga externa kostnader
7513,6942,NONE,Övriga externa kostnader
7513,6943,NONE,Övriga externa kostnader
7513,6944,NONE,Övriga externa kostnader
7513,6945,NONE,Övriga externa kostnader
7513,6946,NONE,Övriga externa kostnader
7513,6947,NONE,Övriga externa kostnader
7513,6948,NONE,Övriga externa kostnader
7513,6949,NONE,Övriga externa kostnader
7513,6950,NONE,Övriga externa kostnader
7513,6951,NONE,Övriga externa kostnader
7513,6952,NONE,Övriga externa kostnader
7513,6953,NONE,Övriga externa kostnader
7513,6954,NONE,Övriga externa kostnader
7513,6955,NONE,Övriga externa kostnader
7513,6956,NONE,Övriga externa kostnader
7513,6957,NONE,Övriga externa kostnader
7513,6958,NONE,Övriga externa kostnader
7513,6959,NONE,Övriga externa kostnader
7513,6960,NONE,Övriga externa kostnader
7513,6961,NONE,Övriga externa kostnader
7513,6962,NONE,Övriga externa kostnader
7513,6963,NONE,Övriga externa kostnader
7513,6964,NONE,Övriga externa kostnader
7513,6965,NONE,Övriga externa kostnader
7513,6966,NONE,Övriga externa kostnader
7513,6967,NONE,Övriga externa kostnader
7513,6968,NONE,Övriga externa kostnader
7513,6969,NONE,Övriga externa kostnader
7513,6970,NONE,Övriga externa kostnader
7513,6971,NONE,Övriga externa kostnader
7513,6972,NONE,Övriga externa kostnader
7513,6973,NONE,Övriga externa kostnader
7513,6974,NONE,Övriga externa kostnader
7513,6975,NONE,Övriga externa kostnader
7513,6976,NONE,Övriga externa kostnader
7513,6977,NONE,Övriga externa kostnader
7513,6978,NONE,Övriga externa kostnader
7513,6979,NONE,Övriga externa kostnader
7513,6980,NONE,Övriga externa kostnader
7513,6981,NONE,Övriga externa kostnader
7513,6982,NONE,Övriga externa kostnader
7513,6983,NONE,Övriga externa kostnader
7513,6984,NONE,Övriga externa kostnader
7513,6985,NONE,Övriga externa kostnader
7513,6986,NONE,Övriga externa kostnader
7513,6987,NONE,Övriga externa kostnader
7513,6988,NONE,Övriga externa kostnader
7513,6989,NONE,Övriga externa kostnader
7513,6990,NONE,Övriga externa kostnader
7513,6991,NONE,Övriga externa kostnader
7513,6992,NONE,Övriga externa kostnader
7513,6993,NONE,Övriga externa kostnader
7513,6994,NONE,Övriga externa kostnader
7513,6995,NONE,Övriga externa kostnader
7513,6996,NONE,Övriga externa kostnader
7513,6997,NONE,Övriga externa kostnader
7513,6998,NONE,Övriga externa kostnader
7513,6999,NONE,Övriga externa kostnader
7514,7000,NONE,Personalkostnader
7514,7001,NONE,Personalkostnader
7514,7002,NONE,Personalkostnader
7514,7003,NONE,Personalkostnader
7514,7004,NONE,Personalkostnader
7514,7005,NONE,Personalkostnader
7514,7006,NONE,Personalkostnader
7514,7007,NONE,Personalkostnader
7514,7008,NONE,Personalkostnader
7514,7009,NONE,Personalkostnader
7514,7010,NONE,Personalkostnader
7514,7011,NONE,Personalkostnader
7514,7012,NONE,Personalkostnader
7514,7013,NONE,Personalkostnader
7514,7014,NONE,Personalkostnader
7514,7015,NONE,Personalkostnader
7514,7016,NONE,Personalkostnader
7514,7017,NONE,Personalkostnader
7514,7018,NONE,Personalkostnader
7514,7019,NONE,Personalkostnader
7514,7020,NONE,Personalkostnader
7514,7021,NONE,Personalkostnader
7514,7022,NONE,Personalkostnader
7514,7023,NONE,Personalkostnader
7514,7024,NONE,Personalkostnader
7514,7025,NONE,Personalkostnader
7514,7026,NONE,Personalkostnader
7514,7027,NONE,Personalkostnader
7514,7028,NONE,Personalkostnader
7514,7029,NONE,Personalkostnader
7514,7030,NONE,Personalkostnader
7514,7031,NONE,Personalkostnader
7514,7032,NONE,Personalkostnader
7514,7033,NONE,Personalkostnader
7514,7034,NONE,Personalkostnader
7514,7035,NONE,Personalkostnader
7514,7036,NONE,Personalkostnader
7514,7037,NONE,Personalkostnader
7514,7038,NONE,Personalkostnader
7514,7039,NONE,Personalkostnader
7514,7040,NONE,Personalkostnader
7514,7041,NONE,Personalkostnader
7514,7042,NONE,Personalkostnader
7514,7043,NONE,Personalkostnader
7514,7044,NONE,Personalkostnader
7514,7045,NONE,Personalkostnader
7514,7046,NONE,Personalkostnader
7514,7047,NONE,Personalkostnader
7514,7048,NONE,Personalkostnader
7514,7049,NONE,Personalkostnader
7514,7050,NONE,Personalkostnader
7514,7051,NONE,Personalkostnader
7514,7052,NONE,Personalkostnader
7514,7053,NONE,Personalkostnader
7514,7054,NONE,Personalkostnader
7514,7055,NONE,Personalkostnader
7514,7056,NONE,Personalkostnader
7514,7057,NONE,Personalkostnader
7514,7058,NONE,Personalkostnader
7514,7059,NONE,Personalkostnader
7514,7060,NONE,Personalkostnader
7514,7061,NONE,Personalkostnader
7514,7062,NONE,Personalkostnader
7514,7063,NONE,Personalkostnader
7514,7064,NONE,Personalkostnader
7514,7065,NONE,Personalkostnader
7514,7066,NONE,Personalkostnader
7514,7067,NONE,Personalkostnader
7514,7068,NONE,Personalkostnader
7514,7069,NONE,Personalkostnader
7514,7070,NONE,Personalkostnader
7514,7071,NONE,Personalkostnader
7514,7072,NONE,Personalkostnader
7514,7073,NONE,Personalkostnader
7514,7074,NONE,Personalkostnader
7514,7075,NONE,Personalkostnader
7514,7076,NONE,Personalkostnader
7514,7077,NONE,Personalkostnader
7514,7078,NONE,Personalkostnader
7514,7079,NONE,Personalkostnader
7514,7080,NONE,Personalkostnader
7514,7081,NONE,Personalkostnader
7514,7082,NONE,Personalkostnader
7514,7083,NONE,Personalkostnader
7514,7084,NONE,Personalkostnader
7514,7085,NONE,Personalkostnader
7514,7086,NONE,Personalkostnader
7514,7087,NONE,Personalkostnader
7514,7088,NONE,Personalkostnader
7514,7089,NONE,Personalkostnader
7514,7090,NONE,Personalkostnader
7514,7091,NONE,Personalkostnader
7514,7092,NONE,Personalkostnader
7514,7093,NONE,Personalkostnader
7514,7094,NONE,Personalkostnader
7514,7095,NONE,Personalkostnader
7514,7096,NONE,Personalkostnader
7514,7097,NONE,Personalkostnader
7514,7098,NONE,Personalkostnader
7514,7099,NONE,Personalkostnader
7514,7100,NONE,Personalkostnader
7514,7101,NONE,Personalkostnader
7514,7102,NONE,Personalkostnader
7514,7103,NONE,Personalkostnader
7514,7104,NONE,Personalkostnader
7514,7105,NONE,Personalkostnader
7514,7106,NONE,Personalkostnader
7514,7107,NONE,Personalkostnader
7514,7108,NONE,Personalkostnader
7514,7109,NONE,Personalkostnader
7514,7110,NONE,Personalkostnader
7514,7111,NONE,Personalkostnader
7514,7112,NONE,Personalkostnader
7514,7113,NONE,Personalkostnader
7514,7114,NONE,Personalkostnader
7514,7115,NONE,Personalkostnader
7514,7116,NONE,Personalkostnader
7514,7117,NONE,Personalkostnader
7514,7118,NONE,Personalkostnader
7514,7119,NONE,Personalkostnader
7514,7120,NONE,Personalkostnader
7514,7121,NONE,Personalkostnader
7514,7122,NONE,Personalkostnader
7514,7123,NONE,Personalkostnader
7514,7124,NONE,Personalkostnader
7514,7125,NONE,Personalkostnader
7514,7126,NONE,Personalkostnader
7514,7127,NONE,Personalkostnader
7514,7128,NONE,Personalkostnader
7514,7129,NONE,Personalkostnader
7514,7130,NONE,Personalkostnader
7514,7131,NONE,Personalkostnader
7514,7132,NONE,Personalkostnader
7514,7133,NONE,Personalkostnader
7514,7134,NONE,Personalkostnader
7514,7135,NONE,Personalkostnader
7514,7136,NONE,Personalkostnader
7514,7137,NONE,Personalkostnader
7514,7138,NONE,Personalkostnader
7514,7139,NONE,Personalkostnader
7514,7140,NONE,Personalkostnader
7514,7141,NONE,Personalkostnader
7514,7142,NONE,Personalkostnader
7514,7143,NONE,Personalkostnader
7514,7144,NONE,Personalkostnader
7514,7145,NONE,Personalkostnader
7514,7146,NONE,Personalkostnader
7514,7147,NONE,Personalkostnader
7514,7148,NONE,Personalkostnader
7514,7149,NONE,Personalkostnader
7514,7150,NONE,Personalkostnader
7514,7151,NONE,Personalkostnader
7514,7152,NONE,Personalkostnader
7514,7153,NONE,Personalkostnader
7514,7154,NONE,Personalkostnader
7514,7155,NONE,Personalkostnader
7514,7156,NONE,Personalkostnader
7514,7157,NONE,Personalkostnader
7514,7158,NONE,Personalkostnader
7514,7159,NONE,Personalkostnader
7514,7160,NONE,Personalkostnader
7514,7161,NONE,Personalkostnader
7514,7162,NONE,Personalkostnader
7514,7163,NONE,Personalkostnader
7514,7164,NONE,Personalkostnader
7514,7165,NONE,Personalkostnader
7514,7166,NONE,Personalkostnader
7514,7167,NONE,Personalkostnader
7514,7168,NONE,Personalkostnader
7514,7169,NONE,Personalkostnader
7514,7170,NONE,Personalkostnader
7514,7171,NONE,Personalkostnader
7514,7172,NONE,Personalkostnader
7514,7173,NONE,Personalkostnader
7514,7174,NONE,Personalkostnader
7514,7175,NONE,Personalkostnader
7514,7176,NONE,Personalkostnader
7514,7177,NONE,Personalkostnader
7514,7178,NONE,Personalkostnader
7514,7179,NONE,Personalkostnader
7514,7180,NONE,Personalkostnader
7514,7181,NONE,Personalkostnader
7514,7182,NONE,Personalkostnader
7514,7183,NONE,Personalkostnader
7514,7184,NONE,Personalkostnader
7514,7185,NONE,Personalkostnader
7514,7186,NONE,Personalkostnader
7514,7187,NONE,Personalkostnader
7514,7188,NONE,Personalkostnader
7514,7189,NONE,Personalkostnader
7514,7190,NONE,Personalkostnader
7514,7191,NONE,Personalkostnader
7514,7192,NONE,Personalkostnader
7514,7193,NONE,Personalkostnader
7514,7194,NONE,Personalkostnader
7514,7195,NONE,Personalkostnader
7514,7196,NONE,Personalkostnader
7514,7197,NONE,Personalkostnader
7514,7198,NONE,Personalkostnader
7514,7199,NONE,Personalkostnader
7514,7200,NONE,Personalkostnader
7514,7201,NONE,Personalkostnader
7514,7202,NONE,Personalkostnader
7514,7203,NONE,Personalkostnader
7514,7204,NONE,Personalkostnader
7514,7205,NONE,Personalkostnader
7514,7206,NONE,Personalkostnader
7514,7207,NONE,Personalkostnader
7514,7208,NONE,Personalkostnader
7514,7209,NONE,Personalkostnader
7514,7210,NONE,Personalkostnader
7514,7211,NONE,Personalkostnader
7514,7212,NONE,Personalkostnader
7514,7213,NONE,Personalkostnader
7514,7214,NONE,Personalkostnader
7514,7215,NONE,Personalkostnader
7514,7216,NONE,Personalkostnader
7514,7217,NONE,Personalkostnader
7514,7218,NONE,Personalkostnader
7514,7219,NONE,Personalkostnader
7514,7220,NONE,Personalkostnader
7514,7221,NONE,Personalkostnader
7514,7222,NONE,Personalkostnader
7514,7223,NONE,Personalkostnader
7514,7224,NONE,Personalkostnader
7514,7225,NONE,Personalkostnader
7514,7226,NONE,Personalkostnader
7514,7227,NONE,Personalkostnader
7514,7228,NONE,Personalkostnader
7514,7229,NONE,Personalkostnader
7514,7230,NONE,Personalkostnader
7514,7231,NONE,Personalkostnader
7514,7232,NONE,Personalkostnader
7514,7233,NONE,Personalkostnader
7514,7234,NONE,Personalkostnader
7514,7235,NONE,Personalkostnader
7514,7236,NONE,Personalkostnader
7514,7237,NONE,Personalkostnader
7514,7238,NONE,Personalkostnader
7514,7239,NONE,Personalkostnader
7514,7240,NONE,Personalkostnader
7514,7241,NONE,Personalkostnader
7514,7242,NONE,Personalkostnader
7514,7243,NONE,Personalkostnader
7514,7244,NONE,Personalkostnader
7514,7245,NONE,Personalkostnader
7514,7246,NONE,Personalkostnader
7514,7247,NONE,Personalkostnader
7514,7248,NONE,Personalkostnader
7514,7249,NONE,Personalkostnader
7514,7250,NONE,Personalkostnader
7514,7251,NONE,Personalkostnader
7514,7252,NONE,Personalkostnader
7514,7253,NONE,Personalkostnader
7514,7254,NONE,Personalkostnader
7514,7255,NONE,Personalkostnader
7514,7256,NONE,Personalkostnader
7514,7257,NONE,Personalkostnader
7514,7258,NONE,Personalkostnader
7514,7259,NONE,Personalkostnader
7514,7260,NONE,Personalkostnader
7514,7261,NONE,Personalkostnader
7514,7262,NONE,Personalkostnader
7514,7263,NONE,Personalkostnader
7514,7264,NONE,Personalkostnader
7514,7265,NONE,Personalkostnader
7514,7266,NONE,Personalkostnader
7514,7267,NONE,Personalkostnader
7514,7268,NONE,Personalkostnader
7514,7269,NONE,Personalkostnader
7514,7270,NONE,Personalkostnader
7514,7271,NONE,Personalkostnader
7514,7272,NONE,Personalkostnader
7514,7273,NONE,Personalkostnader
7514,7274,NONE,Personalkostnader
7514,7275,NONE,Personalkostnader
7514,7276,NONE,Personalkostnader
7514,7277,NONE,Personalkostnader
7514,7278,NONE,Personalkostnader
7514,7279,NONE,Personalkostnader
7514,7280,NONE,Personalkostnader
7514,7281,NONE,Personalkostnader
7514,7282,NONE,Personalkostnader
7514,7283,NONE,Personalkostnader
7514,7284,NONE,Personalkostnader
7514,7285,NONE,Personalkostnader
7514,7286,NONE,Personalkostnader
7514,7287,NONE,Personalkostnader
7514,7288,NONE,Personalkostnader
7514,7289,NONE,Personalkostnader
7514,7290,NONE,Personalkostnader
7514,7291,NONE,Personalkostnader
7514,7292,NONE,Personalkostnader
7514,7293,NONE,Personalkostnader
7514,7294,NONE,Personalkostnader
7514,7295,NONE,Personalkostnader
7514,7296,NONE,Personalkostnader
7514,7297,NONE,Personalkostnader
7514,7298,NONE,Personalkostnader
7514,7299,NONE,Personalkostnader
7514,7300,NONE,Personalkostnader
7514,7301,NONE,Personalkostnader
7514,7302,NONE,Personalkostnader
7514,7303,NONE,Personalkostnader
7514,7304,NONE,Personalkostnader
7514,7305,NONE,Personalkostnader
7514,7306,NONE,Personalkostnader
7514,7307,NONE,Personalkostnader
7514,7308,NONE,Personalkostnader
7514,7309,NONE,Personalkostnader
7514,7310,NONE,Personalkostnader
7514,7311,NONE,Personalkostnader
7514,7312,NONE,Personalkostnader
7514,7313,NONE,Personalkostnader
7514,7314,NONE,Personalkostnader
7514,7315,NONE,Personalkostnader
7514,7316,NONE,Personalkostnader
7514,7317,NONE,Personalkostnader
7514,7318,NONE,Personalkostnader
7514,7319,NONE,Personalkostnader
7514,7320,NONE,Personalkostnader
7514,7321,NONE,Personalkostnader
7514,7322,NONE,Personalkostnader
7514,7323,NONE,Personalkostnader
7514,7324,NONE,Personalkostnader
7514,7325,NONE,Personalkostnader
7514,7326,NONE,Personalkostnader
7514,7327,NONE,Personalkostnader
7514,7328,NONE,Personalkostnader
7514,7329,NONE,Personalkostnader
7514,7330,NONE,Personalkostnader
7514,7331,NONE,Personalkostnader
7514,7332,NONE,Personalkostnader
7514,7333,NONE,Personalkostnader
7514,7334,NONE,Personalkostnader
7514,7335,NONE,Personalkostnader
7514,7336,NONE,Personalkostnader
7514,7337,NONE,Personalkostnader
7514,7338,NONE,Personalkostnader
7514,7339,NONE,Personalkostnader
7514,7340,NONE,Personalkostnader
7514,7341,NONE,Personalkostnader
7514,7342,NONE,Personalkostnader
7514,7343,NONE,Personalkostnader
7514,7344,NONE,Personalkostnader
7514,7345,NONE,Personalkostnader
7514,7346,NONE,Personalkostnader
7514,7347,NONE,Personalkostnader
7514,7348,NONE,Personalkostnader
7514,7349,NONE,Personalkostnader
7514,7350,NONE,Personalkostnader
7514,7351,NONE,Personalkostnader
7514,7352,NONE,Personalkostnader
7514,7353,NONE,Personalkostnader
7514,7354,NONE,Personalkostnader
7514,7355,NONE,Personalkostnader
7514,7356,NONE,Personalkostnader
7514,7357,NONE,Personalkostnader
7514,7358,NONE,Personalkostnader
7514,7359,NONE,Personalkostnader
7514,7360,NONE,Personalkostnader
7514,7361,NONE,Personalkostnader
7514,7362,NONE,Personalkostnader
7514,7363,NONE,Personalkostnader
7514,7364,NONE,Personalkostnader
7514,7365,NONE,Personalkostnader
7514,7366,NONE,Personalkostnader
7514,7367,NONE,Personalkostnader
7514,7368,NONE,Personalkostnader
7514,7369,NONE,Personalkostnader
7514,7370,NONE,Personalkostnader
7514,7371,NONE,Personalkostnader
7514,7372,NONE,Personalkostnader
7514,7373,NONE,Personalkostnader
7514,7374,NONE,Personalkostnader
7514,7375,NONE,Personalkostnader
7514,7376,NONE,Personalkostnader
7514,7377,NONE,Personalkostnader
7514,7378,NONE,Personalkostnader
7514,7379,NONE,Personalkostnader
7514,7380,NONE,Personalkostnader
7514,7381,NONE,Personalkostnader
7514,7382,NONE,Personalkostnader
7514,7383,NONE,Personalkostnader
7514,7384,NONE,Personalkostnader
7514,7385,NONE,Personalkostnader
7514,7386,NONE,Personalkostnader
7514,7387,NONE,Personalkostnader
7514,7388,NONE,Personalkostnader
7514,7389,NONE,Personalkostnader
7514,7390,NONE,Personalkostnader
7514,7391,NONE,Personalkostnader
7514,7392,NONE,Personalkostnader
7514,7393,NONE,Personalkostnader
7514,7394,NONE,Personalkostnader
7514,7395,NONE,Personalkostnader
7514,7396,NONE,Personalkostnader
7514,7397,NONE,Personalkostnader
7514,7398,NONE,Personalkostnader
7514,7399,NONE,Personalkostnader
7514,7400,NONE,Personalkostnader
7514,7401,NONE,Personalkostnader
7514,7402,NONE,Personalkostnader
7514,7403,NONE,Personalkostnader
7514,7404,NONE,Personalkostnader
7514,7405,NONE,Personalkostnader
7514,7406,NONE,Personalkostnader
7514,7407,NONE,Personalkostnader
7514,7408,NONE,Personalkostnader
7514,7409,NONE,Personalkostnader
7514,7410,NONE,Personalkostnader
7514,7411,NONE,Personalkostnader
7514,7412,NONE,Personalkostnader
7514,7413,NONE,Personalkostnader
7514,7414,NONE,Personalkostnader
7514,7415,NONE,Personalkostnader
7514,7416,NONE,Personalkostnader
7514,7417,NONE,Personalkostnader
7514,7418,NONE,Personalkostnader
7514,7419,NONE,Personalkostnader
7514,7420,NONE,Personalkostnader
7514,7421,NONE,Personalkostnader
7514,7422,NONE,Personalkostnader
7514,7423,NONE,Personalkostnader
7514,7424,NONE,Personalkostnader
7514,7425,NONE,Personalkostnader
7514,7426,NONE,Personalkostnader
7514,7427,NONE,Personalkostnader
7514,7428,NONE,Personalkostnader
7514,7429,NONE,Personalkostnader
7514,7430,NONE,Personalkostnader
7514,7431,NONE,Personalkostnader
7514,7432,NONE,Personalkostnader
7514,7433,NONE,Personalkostnader
7514,7434,NONE,Personalkostnader
7514,7435,NONE,Personalkostnader
7514,7436,NONE,Personalkostnader
7514,7437,NONE,Personalkostnader
7514,7438,NONE,Personalkostnader
7514,7439,NONE,Personalkostnader
7514,7440,NONE,Personalkostnader
7514,7441,NONE,Personalkostnader
7514,7442,NONE,Personalkostnader
7514,7443,NONE,Personalkostnader
7514,7444,NONE,Personalkostnader
7514,7445,NONE,Personalkostnader
7514,7446,NONE,Personalkostnader
7514,7447,NONE,Personalkostnader
7514,7448,NONE,Personalkostnader
7514,7449,NONE,Personalkostnader
7514,7450,NONE,Personalkostnader
7514,7451,NONE,Personalkostnader
7514,7452,NONE,Personalkostnader
7514,7453,NONE,Personalkostnader
7514,7454,NONE,Personalkostnader
7514,7455,NONE,Personalkostnader
7514,7456,NONE,Personalkostnader
7514,7457,NONE,Personalkostnader
7514,7458,NONE,Personalkostnader
7514,7459,NONE,Personalkostnader
7514,7460,NONE,Personalkostnader
7514,7461,NONE,Personalkostnader
7514,7462,NONE,Personalkostnader
7514,7463,NONE,Personalkostnader
7514,7464,NONE,Personalkostnader
7514,7465,NONE,Personalkostnader
7514,7466,NONE,Personalkostnader
7514,7467,NONE,Personalkostnader
7514,7468,NONE,Personalkostnader
7514,7469,NONE,Personalkostnader
7514,7470,NONE,Personalkostnader
7514,7471,NONE,Personalkostnader
7514,7472,NONE,Personalkostnader
7514,7473,NONE,Personalkostnader
7514,7474,NONE,Personalkostnader
7514,7475,NONE,Personalkostnader
7514,7476,NONE,Personalkostnader
7514,7477,NONE,Personalkostnader
7514,7478,NONE,Personalkostnader
7514,7479,NONE,Personalkostnader
7514,7480,NONE,Personalkostnader
7514,7481,NONE,Personalkostnader
7514,7482,NONE,Personalkostnader
7514,7483,NONE,Personalkostnader
7514,7484,NONE,Personalkostnader
7514,7485,NONE,Personalkostnader
7514,7486,NONE,Personalkostnader
7514,7487,NONE,Personalkostnader
7514,7488,NONE,Personalkostnader
7514,7489,NONE,Personalkostnader
7514,7490,NONE,Personalkostnader
7514,7491,NONE,Personalkostnader
7514,7492,NONE,Personalkostnader
7514,7493,NONE,Personalkostnader
7514,7494,NONE,Personalkostnader
7514,7495,NONE,Personalkostnader
7514,7496,NONE,Personalkostnader
7514,7497,NONE,Personalkostnader
7514,7498,NONE,Personalkostnader
7514,7499,NONE,Personalkostnader
7514,7500,NONE,Personalkostnader
7514,7501,NONE,Personalkostnader
7514,7502,NONE,Personalkostnader
7514,7503,NONE,Personalkostnader
7514,7504,NONE,Personalkostnader
7514,7505,NONE,Personalkostnader
7514,7506,NONE,Personalkostnader
7514,7507,NONE,Personalkostnader
7514,7508,NONE,Personalkostnader
7514,7509,NONE,Personalkostnader
7514,7510,NONE,Personalkostnader
7514,7511,NONE,Personalkostnader
7514,7512,NONE,Personalkostnader
7514,7513,NONE,Personalkostnader
7514,7514,NONE,Personalkostnader
7514,7515,NONE,Personalkostnader
7514,7516,NONE,Personalkostnader
7514,7517,NONE,Personalkostnader
7514,7518,NONE,Personalkostnader
7514,7519,NONE,Personalkostnader
7514,7520,NONE,Personalkostnader
7514,7521,NONE,Personalkostnader
7514,7522,NONE,Personalkostnader
7514,7523,NONE,Personalkostnader
7514,7524,NONE,Personalkostnader
7514,7525,NONE,Personalkostnader
7514,7526,NONE,Personalkostnader
7514,7527,NONE,Personalkostnader
7514,7528,NONE,Personalkostnader
7514,7529,NONE,Personalkostnader
7514,7530,NONE,Personalkostnader
7514,7531,NONE,Personalkostnader
7514,7532,NONE,Personalkostnader
7514,7533,NONE,Personalkostnader
7514,7534,NONE,Personalkostnader
7514,7535,NONE,Personalkostnader
7514,7536,NONE,Personalkostnader
7514,7537,NONE,Personalkostnader
7514,7538,NONE,Personalkostnader
7514,7539,NONE,Personalkostnader
7514,7540,NONE,Personalkostnader
7514,7541,NONE,Personalkostnader
7514,7542,NONE,Personalkostnader
7514,7543,NONE,Personalkostnader
7514,7544,NONE,Personalkostnader
7514,7545,NONE,Personalkostnader
7514,7546,NONE,Personalkostnader
7514,7547,NONE,Personalkostnader
7514,7548,NONE,Personalkostnader
7514,7549,NONE,Personalkostnader
7514,7550,NONE,Personalkostnader
7514,7551,NONE,Personalkostnader
7514,7552,NONE,Personalkostnader
7514,7553,NONE,Personalkostnader
7514,7554,NONE,Personalkostnader
7514,7555,NONE,Personalkostnader
7514,7556,NONE,Personalkostnader
7514,7557,NONE,Personalkostnader
7514,7558,NONE,Personalkostnader
7514,7559,NONE,Personalkostnader
7514,7560,NONE,Personalkostnader
7514,7561,NONE,Personalkostnader
7514,7562,NONE,Personalkostnader
7514,7563,NONE,Personalkostnader
7514,7564,NONE,Personalkostnader
7514,7565,NONE,Personalkostnader
7514,7566,NONE,Personalkostnader
7514,7567,NONE,Personalkostnader
7514,7568,NONE,Personalkostnader
7514,7569,NONE,Personalkostnader
7514,7570,NONE,Personalkostnader
7514,7571,NONE,Personalkostnader
7514,7572,NONE,Personalkostnader
7514,7573,NONE,Personalkostnader
7514,7574,NONE,Personalkostnader
7514,7575,NONE,Personalkostnader
7514,7576,NONE,Personalkostnader
7514,7577,NONE,Personalkostnader
7514,7578,NONE,Personalkostnader
7514,7579,NONE,Personalkostnader
7514,7580,NONE,Personalkostnader
7514,7581,NONE,Personalkostnader
7514,7582,NONE,Personalkostnader
7514,7583,NONE,Personalkostnader
7514,7584,NONE,Personalkostnader
7514,7585,NONE,Personalkostnader
7514,7586,NONE,Personalkostnader
7514,7587,NONE,Personalkostnader
7514,7588,NONE,Personalkostnader
7514,7589,NONE,Personalkostnader
7514,7590,NONE,Personalkostnader
7514,7591,NONE,Personalkostnader
7514,7592,NONE,Personalkostnader
7514,7593,NONE,Personalkostnader
7514,7594,NONE,Personalkostnader
7514,7595,NONE,Personalkostnader
7514,7596,NONE,Personalkostnader
7514,7597,NONE,Personalkostnader
7514,7598,NONE,Personalkostnader
7514,7599,NONE,Personalkostnader
7514,7600,NONE,Personalkostnader
7514,7601,NONE,Personalkostnader
7514,7602,NONE,Personalkostnader
7514,7603,NONE,Personalkostnader
7514,7604,NONE,Personalkostnader
7514,7605,NONE,Personalkostnader
7514,7606,NONE,Personalkostnader
7514,7607,NONE,Personalkostnader
7514,7608,NONE,Personalkostnader
7514,7609,NONE,Personalkostnader
7514,7610,NONE,Personalkostnader
7514,7611,NONE,Personalkostnader
7514,7612,NONE,Personalkostnader
7514,7613,NONE,Personalkostnader
7514,7614,NONE,Personalkostnader
7514,7615,NONE,Personalkostnader
7514,7616,NONE,Personalkostnader
7514,7617,NONE,Personalkostnader
7514,7618,NONE,Personalkostnader
7514,7619,NONE,Personalkostnader
7514,7620,NONE,Personalkostnader
7514,7621,NONE,Personalkostnader
7514,7622,NONE,Personalkostnader
7514,7623,NONE,Personalkostnader
7514,7624,NONE,Personalkostnader
7514,7625,NONE,Personalkostnader
7514,7626,NONE,Personalkostnader
7514,7627,NONE,Personalkostnader
7514,7628,NONE,Personalkostnader
7514,7629,NONE,Personalkostnader
7514,7630,NONE,Personalkostnader
7514,7631,NONE,Personalkostnader
7514,7632,NONE,Personalkostnader
7514,7633,NONE,Personalkostnader
7514,7634,NONE,Personalkostnader
7514,7635,NONE,Personalkostnader
7514,7636,NONE,Personalkostnader
7514,7637,NONE,Personalkostnader
7514,7638,NONE,Personalkostnader
7514,7639,NONE,Personalkostnader
7514,7640,NONE,Personalkostnader
7514,7641,NONE,Personalkostnader
7514,7642,NONE,Personalkostnader
7514,7643,NONE,Personalkostnader
7514,7644,NONE,Personalkostnader
7514,7645,NONE,Personalkostnader
7514,7646,NONE,Personalkostnader
7514,7647,NONE,Personalkostnader
7514,7648,NONE,Personalkostnader
7514,7649,NONE,Personalkostnader
7514,7650,NONE,Personalkostnader
7514,7651,NONE,Personalkostnader
7514,7652,NONE,Personalkostnader
7514,7653,NONE,Personalkostnader
7514,7654,NONE,Personalkostnader
7514,7655,NONE,Personalkostnader
7514,7656,NONE,Personalkostnader
7514,7657,NONE,Personalkostnader
7514,7658,NONE,Personalkostnader
7514,7659,NONE,Personalkostnader
7514,7660,NONE,Personalkostnader
7514,7661,NONE,Personalkostnader
7514,7662,NONE,Personalkostnader
7514,7663,NONE,Personalkostnader
7514,7664,NONE,Personalkostnader
7514,7665,NONE,Personalkostnader
7514,7666,NONE,Personalkostnader
7514,7667,NONE,Personalkostnader
7514,7668,NONE,Personalkostnader
7514,7669,NONE,Personalkostnader
7514,7670,NONE,Personalkostnader
7514,7671,NONE,Personalkostnader
7514,7672,NONE,Personalkostnader
7514,7673,NONE,Personalkostnader
7514,7674,NONE,Personalkostnader
7514,7675,NONE,Personalkostnader
7514,7676,NONE,Personalkostnader
7514,7677,NONE,Personalkostnader
7514,7678,NONE,Personalkostnader
7514,7679,NONE,Personalkostnader
7514,7680,NONE,Personalkostnader
7514,7681,NONE,Personalkostnader
7514,7682,NONE,Personalkostnader
7514,7683,NONE,Personalkostnader
7514,7684,NONE,Personalkostnader
7514,7685,NONE,Personalkostnader
7514,7686,NONE,Personalkostnader
7514,7687,NONE,Personalkostnader
7514,7688,NONE,Personalkostnader
7514,7689,NONE,Personalkostnader
7514,7690,NONE,Personalkostnader
7514,7691,NONE,Personalkostnader
7514,7692,NONE,Personalkostnader
7514,7693,NONE,Personalkostnader
7514,7694,NONE,Personalkostnader
7514,7695,NONE,Personalkostnader
7514,7696,NONE,Personalkostnader
7514,7697,NONE,Personalkostnader
7514,7698,NONE,Personalkostnader
7514,7699,NONE,Personalkostnader
7515,7700,NONE,Av- och nedskrivningar av materiella och immateriella anläggningstillgångar
7515,7701,NONE,Av- och nedskrivningar av materiella och immateriella anläggningstillgångar
7515,7702,NONE,Av- och nedskrivningar av materiella och immateriella anläggningstillgångar
7515,7703,NONE,Av- och nedskrivningar av materiella och immateriella anläggningstillgångar
7515,7704,NONE,Av- och nedskrivningar av materiella och immateriella anläggningstillgångar
7515,7705,NONE,Av- och nedskrivningar av materiella och immateriella anläggningstillgångar
7515,7706,NONE,Av- och nedskrivningar av materiella och immateriella anläggningstillgångar
7515,7707,NONE,Av- och nedskrivningar av materiella och immateriella anläggningstillgångar
7515,7708,NONE,Av- och nedskrivningar av materiella och immateriella anläggningstillgångar
7515,7709,NONE,Av- och nedskrivningar av materiella och immateriella anläggningstillgångar
7515,7710,NONE,Av- och nedskrivningar av materiella och immateriella anläggningstillgångar
7515,7711,NONE,Av- och nedskrivningar av materiella och immateriella anläggningstillgångar
7515,7712,NONE,Av- och nedskrivningar av materiella och immateriella anläggningstillgångar
7515,7713,NONE,Av- och nedskrivningar av materiella och immateriella anläggningstillgångar
7515,7714,NONE,Av- och nedskrivningar av materiella och immateriella anläggningstillgångar
7515,7715,NONE,Av- och nedskrivningar av materiella och immateriella anläggningstillgångar
7515,7716,NONE,Av- och nedskrivningar av materiella och immateriella anläggningstillgångar
7515,7717,NONE,Av- och nedskrivningar av materiella och immateriella anläggningstillgångar
7515,7718,NONE,Av- och nedskrivningar av materiella och immateriella anläggningstillgångar
7515,7719,NONE,Av- och nedskrivningar av materiella och immateriella anläggningstillgångar
7515,7720,NONE,Av- och nedskrivningar av materiella och immateriella anläggningstillgångar
7515,7721,NONE,Av- och nedskrivningar av materiella och immateriella anläggningstillgångar
7515,7722,NONE,Av- och nedskrivningar av materiella och immateriella anläggningstillgångar
7515,7723,NONE,Av- och nedskrivningar av materiella och immateriella anläggningstillgångar
7515,7724,NONE,Av- och nedskrivningar av materiella och immateriella anläggningstillgångar
7515,7725,NONE,Av- och nedskrivningar av materiella och immateriella anläggningstillgångar
7515,7726,NONE,Av- och nedskrivningar av materiella och immateriella anläggningstillgångar
7515,7727,NONE,Av- och nedskrivningar av materiella och immateriella anläggningstillgångar
7515,7728,NONE,Av- och nedskrivningar av materiella och immateriella anläggningstillgångar
7515,7729,NONE,Av- och nedskrivningar av materiella och immateriella anläggningstillgångar
7515,7730,NONE,Av- och nedskrivningar av materiella och immateriella anläggningstillgångar
7515,7731,NONE,Av- och nedskrivningar av materiella och immateriella anläggningstillgångar
7515,7732,NONE,Av- och nedskrivningar av materiella och immateriella anläggningstillgångar
7515,7733,NONE,Av- och nedskrivningar av materiella och immateriella anläggningstillgångar
7515,7734,NONE,Av- och nedskrivningar av materiella och immateriella anläggningstillgångar
7515,7735,NONE,Av- och nedskrivningar av materiella och immateriella anläggningstillgångar
7515,7736,NONE,Av- och nedskrivningar av materiella och immateriella anläggningstillgångar
7515,7737,NONE,Av- och nedskrivningar av materiella och immateriella anläggningstillgångar
7515,7738,NONE,Av- och nedskrivningar av materiella och immateriella anläggningstillgångar
7515,7739,NONE,Av- och nedskrivningar av materiella och immateriella anläggningstillgångar
7535,7740,NONE,Övriga rörelsekostnader
7535,7741,NONE,Övriga rörelsekostnader
7535,7742,NONE,Övriga rörelsekostnader
7535,7743,NONE,Övriga rörelsekostnader
7535,7744,NONE,Övriga rörelsekostnader
7535,7745,NONE,Övriga rörelsekostnader
7535,7746,NONE,Övriga rörelsekostnader
7535,7747,NONE,Övriga rörelsekostnader
7535,7748,NONE,Övriga rörelsekostnader
7535,7749,NONE,Övriga rörelsekostnader
7515,7750,NONE,Av- och nedskrivningar av materiella och immateriella anläggningstillgångar
7515,7751,NONE,Av- och nedskrivningar av materiella och immateriella anläggningstillgångar
7515,7752,NONE,Av- och nedskrivningar av materiella och immateriella anläggningstillgångar
7515,7753,NONE,Av- och nedskrivningar av materiella och immateriella anläggningstillgångar
7515,7754,NONE,Av- och nedskrivningar av materiella och immateriella anläggningstillgångar
7515,7755,NONE,Av- och nedskrivningar av materiella och immateriella anläggningstillgångar
7515,7756,NONE,Av- och nedskrivningar av materiella och immateriella anläggningstillgångar
7515,7757,NONE,Av- och nedskrivningar av materiella och immateriella anläggningstillgångar
7515,7758,NONE,Av- och nedskrivningar av materiella och immateriella anläggningstillgångar
7515,7759,NONE,Av- och nedskrivningar av materiella och immateriella anläggningstillgångar
7515,7760,NONE,Av- och nedskrivningar av materiella och immateriella anläggningstillgångar
7515,7761,NONE,Av- och nedskrivningar av materiella och immateriella anläggningstillgångar
7515,7762,NONE,Av- och nedskrivningar av materiella och immateriella anläggningstillgångar
7515,7763,NONE,Av- och nedskrivningar av materiella och immateriella anläggningstillgångar
7515,7764,NONE,Av- och nedskrivningar av materiella och immateriella anläggningstillgångar
7515,7765,NONE,Av- och nedskrivningar av materiella och immateriella anläggningstillgångar
7515,7766,NONE,Av- och nedskrivningar av materiella och immateriella anläggningstillgångar
7515,7767,NONE,Av- och nedskrivningar av materiella och immateriella anläggningstillgångar
7515,7768,NONE,Av- och nedskrivningar av materiella och immateriella anläggningstillgångar
7515,7769,NONE,Av- och nedskrivningar av materiella och immateriella anläggningstillgångar
7515,7770,NONE,Av- och nedskrivningar av materiella och immateriella anläggningstillgångar
7515,7771,NONE,Av- och nedskrivningar av materiella och immateriella anläggningstillgångar
7515,7772,NONE,Av- och nedskrivningar av materiella och immateriella anläggningstillgångar
7515,7773,NONE,Av- och nedskrivningar av materiella och immateriella anläggningstillgångar
7515,7774,NONE,Av- och nedskrivningar av materiella och immateriella anläggningstillgångar
7515,7775,NONE,Av- och nedskrivningar av materiella och immateriella anläggningstillgångar
7515,7776,NONE,Av- och nedskrivningar av materiella och immateriella anläggningstillgångar
7515,7777,NONE,Av- och nedskrivningar av materiella och immateriella anläggningstillgångar
7515,7778,NONE,Av- och nedskrivningar av materiella och immateriella anläggningstillgångar
7515,7779,NONE,Av- och nedskrivningar av materiella och immateriella anläggningstillgångar
7515,7780,NONE,Av- och nedskrivningar av materiella och immateriella anläggningstillgångar
7515,7781,NONE,Av- och nedskrivningar av materiella och immateriella anläggningstillgångar
7515,7782,NONE,Av- och nedskrivningar av materiella och immateriella anläggningstillgångar
7515,7783,NONE,Av- och nedskrivningar av materiella och immateriella anläggningstillgångar
7515,7784,NONE,Av- och nedskrivningar av materiella och immateriella anläggningstillgångar
7515,7785,NONE,Av- och nedskrivningar av materiella och immateriella anläggningstillgångar
7515,7786,NONE,Av- och nedskrivningar av materiella och immateriella anläggningstillgångar
7515,7787,NONE,Av- och nedskrivningar av materiella och immateriella anläggningstillgångar
7515,7788,NONE,Av- och nedskrivningar av materiella och immateriella anläggningstillgångar
7515,7789,NONE,Av- och nedskrivningar av materiella och immateriella anläggningstillgångar
7535,7790,NONE,Övriga rörelsekostnader
7535,7791,NONE,Övriga rörelsekostnader
7535,7792,NONE,Övriga rörelsekostnader
7535,7793,NONE,Övriga rörelsekostnader
7535,7794,NONE,Övriga rörelsekostnader
7535,7795,NONE,Övriga rörelsekostnader
7535,7796,NONE,Övriga rörelsekostnader
7535,7797,NONE,Övriga rörelsekostnader
7535,7798,NONE,Övriga rörelsekostnader
7535,7799,NONE,Övriga rörelsekostnader
7515,7800,NONE,Av- och nedskrivningar av materiella och immateriella anläggningstillgångar
7515,7801,NONE,Av- och nedskrivningar av materiella och immateriella anläggningstillgångar
7515,7802,NONE,Av- och nedskrivningar av materiella och immateriella anläggningstillgångar
7515,7803,NONE,Av- och nedskrivningar av materiella och immateriella anläggningstillgångar
7515,7804,NONE,Av- och nedskrivningar av materiella och immateriella anläggningstillgångar
7515,7805,NONE,Av- och nedskrivningar av materiella och immateriella anläggningstillgångar
7515,7806,NONE,Av- och nedskrivningar av materiella och immateriella anläggningstillgångar
7515,7807,NONE,Av- och nedskrivningar av materiella och immateriella anläggningstillgångar
7515,7808,NONE,Av- och nedskrivningar av materiella och immateriella anläggningstillgångar
7515,7809,NONE,Av- och nedskrivningar av materiella och immateriella anläggningstillgångar
7515,7810,NONE,Av- och nedskrivningar av materiella och immateriella anläggningstillgångar
7515,7811,NONE,Av- och nedskrivningar av materiella och immateriella anläggningstillgångar
7515,7812,NONE,Av- och nedskrivningar av materiella och immateriella anläggningstillgångar
7515,7813,NONE,Av- och nedskrivningar av materiella och immateriella anläggningstillgångar
7515,7814,NONE,Av- och nedskrivningar av materiella och immateriella anläggningstillgångar
7515,7815,NONE,Av- och nedskrivningar av materiella och immateriella anläggningstillgångar
7515,7816,NONE,Av- och nedskrivningar av materiella och immateriella anläggningstillgångar
7515,7817,NONE,Av- och nedskrivningar av materiella och immateriella anläggningstillgångar
7515,7818,NONE,Av- och nedskrivningar av materiella och immateriella anläggningstillgångar
7515,7819,NONE,Av- och nedskrivningar av materiella och immateriella anläggningstillgångar
7515,7820,NONE,Av- och nedskrivningar av materiella och immateriella anläggningstillgångar
7515,7821,NONE,Av- och nedskrivningar av materiella och immateriella anläggningstillgångar
7515,7822,NONE,Av- och nedskrivningar av materiella och immateriella anläggningstillgångar
7515,7823,NONE,Av- och nedskrivningar av materiella och immateriella anläggningstillgångar
7515,7824,NONE,Av- och nedskrivningar av materiella och immateriella anläggningstillgångar
7515,7825,NONE,Av- och nedskrivningar av materiella och immateriella anläggningstillgångar
7515,7826,NONE,Av- och nedskrivningar av materiella och immateriella anläggningstillgångar
7515,7827,NONE,Av- och nedskrivningar av materiella och immateriella anläggningstillgångar
7515,7828,NONE,Av- och nedskrivningar av materiella och immateriella anläggningstillgångar
7515,7829,NONE,Av- och nedskrivningar av materiella och immateriella anläggningstillgångar
7515,7830,NONE,Av- och nedskrivningar av materiella och immateriella anläggningstillgångar
7515,7831,NONE,Av- och nedskrivningar av materiella och immateriella anläggningstillgångar
7515,7832,NONE,Av- och nedskrivningar av materiella och immateriella anläggningstillgångar
7515,7833,NONE,Av- och nedskrivningar av materiella och immateriella anläggningstillgångar
7515,7834,NONE,Av- och nedskrivningar av materiella och immateriella anläggningstillgångar
7515,7835,NONE,Av- och nedskrivningar av materiella och immateriella anläggningstillgångar
7515,7836,NONE,Av- och nedskrivningar av materiella och immateriella anläggningstillgångar
7515,7837,NONE,Av- och nedskrivningar av materiella och immateriella anläggningstillgångar
7515,7838,NONE,Av- och nedskrivningar av materiella och immateriella anläggningstillgångar
7515,7839,NONE,Av- och nedskrivningar av materiella och immateriella anläggningstillgångar
7515,7840,NONE,Av- och nedskrivningar av materiella och immateriella anläggningstillgångar
7515,7841,NONE,Av- och nedskrivningar av materiella och immateriella anläggningstillgångar
7515,7842,NONE,Av- och nedskrivningar av materiella och immateriella anläggningstillgångar
7515,7843,NONE,Av- och nedskrivningar av materiella och immateriella anläggningstillgångar
7515,7844,NONE,Av- och nedskrivningar av materiella och immateriella anläggningstillgångar
7515,7845,NONE,Av- och nedskrivningar av materiella och immateriella anläggningstillgångar
7515,7846,NONE,Av- och nedskrivningar av materiella och immateriella anläggningstillgångar
7515,7847,NONE,Av- och nedskrivningar av materiella och immateriella anläggningstillgångar
7515,7848,NONE,Av- och nedskrivningar av materiella och immateriella anläggningstillgångar
7515,7849,NONE,Av- och nedskrivningar av materiella och immateriella anläggningstillgångar
7515,7850,NONE,Av- och nedskrivningar av materiella och immateriella anläggningstillgångar
7515,7851,NONE,Av- och nedskrivningar av materiella och immateriella anläggningstillgångar
7515,7852,NONE,Av- och nedskrivningar av materiella och immateriella anläggningstillgångar
7515,7853,NONE,Av- och nedskrivningar av materiella och immateriella anläggningstillgångar
7515,7854,NONE,Av- och nedskrivningar av materiella och immateriella anläggningstillgångar
7515,7855,NONE,Av- och nedskrivningar av materiella och immateriella anläggningstillgångar
7515,7856,NONE,Av- och nedskrivningar av materiella och immateriella anläggningstillgångar
7515,7857,NONE,Av- och nedskrivningar av materiella och immateriella anläggningstillgångar
7515,7858,NONE,Av- och nedskrivningar av materiella och immateriella anläggningstillgångar
7515,7859,NONE,Av- och nedskrivningar av materiella och immateriella anläggningstillgångar
7515,7860,NONE,Av- och nedskrivningar av materiella och immateriella anläggningstillgångar
7515,7861,NONE,Av- och nedskrivningar av materiella och immateriella anläggningstillgångar
7515,7862,NONE,Av- och nedskrivningar av materiella och immateriella anläggningstillgångar
7515,7863,NONE,Av- och nedskrivningar av materiella och immateriella anläggningstillgångar
7515,7864,NONE,Av- och nedskrivningar av materiella och immateriella anläggningstillgångar
7515,7865,NONE,Av- och nedskrivningar av materiella och immateriella anläggningstillgångar
7515,7866,NONE,Av- och nedskrivningar av materiella och immateriella anläggningstillgångar
7515,7867,NONE,Av- och nedskrivningar av materiella och immateriella anläggningstillgångar
7515,7868,NONE,Av- och nedskrivningar av materiella och immateriella anläggningstillgångar
7515,7869,NONE,Av- och nedskrivningar av materiella och immateriella anläggningstillgångar
7515,7870,NONE,Av- och nedskrivningar av materiella och immateriella anläggningstillgångar
7515,7871,NONE,Av- och nedskrivningar av materiella och immateriella anläggningstillgångar
7515,7872,NONE,Av- och nedskrivningar av materiella och immateriella anläggningstillgångar
7515,7873,NONE,Av- och nedskrivningar av materiella och immateriella anläggningstillgångar
7515,7874,NONE,Av- och nedskrivningar av materiella och immateriella anläggningstillgångar
7515,7875,NONE,Av- och nedskrivningar av materiella och immateriella anläggningstillgångar
7515,7876,NONE,Av- och nedskrivningar av materiella och immateriella anläggningstillgångar
7515,7877,NONE,Av- och nedskrivningar av materiella och immateriella anläggningstillgångar
7515,7878,NONE,Av- och nedskrivningar av materiella och immateriella anläggningstillgångar
7515,7879,NONE,Av- och nedskrivningar av materiella och immateriella anläggningstillgångar
7515,7880,NONE,Av- och nedskrivningar av materiella och immateriella anläggningstillgångar
7515,7881,NONE,Av- och nedskrivningar av materiella och immateriella anläggningstillgångar
7515,7882,NONE,Av- och nedskrivningar av materiella och immateriella anläggningstillgångar
7515,7883,NONE,Av- och nedskrivningar av materiella och immateriella anläggningstillgångar
7515,7884,NONE,Av- och nedskrivningar av materiella och immateriella anläggningstillgångar
7515,7885,NONE,Av- och nedskrivningar av materiella och immateriella anläggningstillgångar
7515,7886,NONE,Av- och nedskrivningar av materiella och immateriella anläggningstillgångar
7515,7887,NONE,Av- och nedskrivningar av materiella och immateriella anläggningstillgångar
7515,7888,NONE,Av- och nedskrivningar av materiella och immateriella anläggningstillgångar
7515,7889,NONE,Av- och nedskrivningar av materiella och immateriella anläggningstillgångar
7515,7890,NONE,Av- och nedskrivningar av materiella och immateriella anläggningstillgångar
7515,7891,NONE,Av- och nedskrivningar av materiella och immateriella anläggningstillgångar
7515,7892,NONE,Av- och nedskrivningar av materiella och immateriella anläggningstillgångar
7515,7893,NONE,Av- och nedskrivningar av materiella och immateriella anläggningstillgångar
7515,7894,NONE,Av- och nedskrivningar av materiella och immateriella anläggningstillgångar
7515,7895,NONE,Av- och nedskrivningar av materiella och immateriella anläggningstillgångar
7515,7896,NONE,Av- och nedskrivningar av materiella och immateriella anläggningstillgångar
7515,7897,NONE,Av- och nedskrivningar av materiella och immateriella anläggningstillgångar
7515,7898,NONE,Av- och nedskrivningar av materiella och immateriella anläggningstillgångar
7515,7899,NONE,Av- och nedskrivningar av materiella och immateriella anläggningstillgångar
7535,7900,NONE,Övriga rörelsekostnader
7535,7901,NONE,Övriga rörelsekostnader
7535,7902,NONE,Övriga rörelsekostnader
7535,7903,NONE,Övriga rörelsekostnader
7535,7904,NONE,Övriga rörelsekostnader
7535,7905,NONE,Övriga rörelsekostnader
7535,7906,NONE,Övriga rörelsekostnader
7535,7907,NONE,Övriga rörelsekostnader
7535,7908,NONE,Övriga rörelsekostnader
7535,7909,NONE,Övriga rörelsekostnader
7535,7910,NONE,Övriga rörelsekostnader
7535,7911,NONE,Övriga rörelsekostnader
7535,7912,NONE,Övriga rörelsekostnader
7535,7913,NONE,Övriga rörelsekostnader
7535,7914,NONE,Övriga rörelsekostnader
7535,7915,NONE,Övriga rörelsekostnader
7535,7916,NONE,Övriga rörelsekostnader
7535,7917,NONE,Övriga rörelsekostnader
7535,7918,NONE,Övriga rörelsekostnader
7535,7919,NONE,Övriga rörelsekostnader
7535,7920,NONE,Övriga rörelsekostnader
7535,7921,NONE,Övriga rörelsekostnader
7535,7922,NONE,Övriga rörelsekostnader
7535,7923,NONE,Övriga rörelsekostnader
7535,7924,NONE,Övriga rörelsekostnader
7535,7925,NONE,Övriga rörelsekostnader
7535,7926,NONE,Övriga rörelsekostnader
7535,7927,NONE,Övriga rörelsekostnader
7535,7928,NONE,Övriga rörelsekostnader
7535,7929,NONE,Övriga rörelsekostnader
7535,7930,NONE,Övriga rörelsekostnader
7535,7931,NONE,Övriga rörelsekostnader
7535,7932,NONE,Övriga rörelsekostnader
7535,7933,NONE,Övriga rörelsekostnader
7535,7934,NONE,Övriga rörelsekostnader
7535,7935,NONE,Övriga rörelsekostnader
7535,7936,NONE,Övriga rörelsekostnader
7535,7937,NONE,Övriga rörelsekostnader
7535,7938,NONE,Övriga rörelsekostnader
7535,7939,NONE,Övriga rörelsekostnader
7535,7940,NONE,Övriga rörelsekostnader
7535,7941,NONE,Övriga rörelsekostnader
7535,7942,NONE,Övriga rörelsekostnader
7535,7943,NONE,Övriga rörelsekostnader
7535,7944,NONE,Övriga rörelsekostnader
7535,7945,NONE,Övriga rörelsekostnader
7535,7946,NONE,Övriga rörelsekostnader
7535,7947,NONE,Övriga rörelsekostnader
7535,7948,NONE,Övriga rörelsekostnader
7535,7949,NONE,Övriga rörelsekostnader
7535,7950,NONE,Övriga rörelsekostnader
7535,7951,NONE,Övriga rörelsekostnader
7535,7952,NONE,Övriga rörelsekostnader
7535,7953,NONE,Övriga rörelsekostnader
7535,7954,NONE,Övriga rörelsekostnader
7535,7955,NONE,Övriga rörelsekostnader
7535,7956,NONE,Övriga rörelsekostnader
7535,7957,NONE,Övriga rörelsekostnader
7535,7958,NONE,Övriga rörelsekostnader
7535,7959,NONE,Övriga rörelsekostnader
7535,7960,NONE,Övriga rörelsekostnader
7535,7961,NONE,Övriga rörelsekostnader
7535,7962,NONE,Övriga rörelsekostnader
7535,7963,NONE,Övriga rörelsekostnader
7535,7964,NONE,Övriga rörelsekostnader
7535,7965,NONE,Övriga rörelsekostnader
7535,7966,NONE,Övriga rörelsekostnader
7535,7967,NONE,Övriga rörelsekostnader
7535,7968,NONE,Övriga rörelsekostnader
7535,7969,NONE,Övriga rörelsekostnader
7535,7970,NONE,Övriga rörelsekostnader
7535,7971,NONE,Övriga rörelsekostnader
7535,7972,NONE,Övriga rörelsekostnader
7535,7973,NONE,Övriga rörelsekostnader
7535,7974,NONE,Övriga rörelsekostnader
7535,7975,NONE,Övriga rörelsekostnader
7535,7976,NONE,Övriga rörelsekostnader
7535,7977,NONE,Övriga rörelsekostnader
7535,7978,NONE,Övriga rörelsekostnader
7535,7979,NONE,Övriga rörelsekostnader
7535,7980,NONE,Övriga rörelsekostnader
7535,7981,NONE,Övriga rörelsekostnader
7535,7982,NONE,Övriga rörelsekostnader
7535,7983,NONE,Övriga rörelsekostnader
7535,7984,NONE,Övriga rörelsekostnader
7535,7985,NONE,Övriga rörelsekostnader
7535,7986,NONE,Övriga rörelsekostnader
7535,7987,NONE,Övriga rörelsekostnader
7535,7988,NONE,Övriga rörelsekostnader
7535,7989,NONE,Övriga rörelsekostnader
7535,7990,NONE,Övriga rörelsekostnader
7535,7991,NONE,Övriga rörelsekostnader
7535,7992,NONE,Övriga rörelsekostnader
7535,7993,NONE,Övriga rörelsekostnader
7535,7994,NONE,Övriga rörelsekostnader
7535,7995,NONE,Övriga rörelsekostnader
7535,7996,NONE,Övriga rörelsekostnader
7414,8000,NET_POSITIVE,Resultat från andelar i koncernföretag
7535,7997,NONE,Övriga rörelsekostnader
7414,8001,NET_POSITIVE,Resultat från andelar i koncernföretag
7535,7998,NONE,Övriga rörelsekostnader
7414,8002,NET_POSITIVE,Resultat från andelar i koncernföretag
7535,7999,NONE,Övriga rörelsekostnader
7414,8003,NET_POSITIVE,Resultat från andelar i koncernföretag
7518,8000,NET_NEGATIVE,
7414,8004,NET_POSITIVE,Resultat från andelar i koncernföretag
7518,8001,NET_NEGATIVE,
7414,8005,NET_POSITIVE,Resultat från andelar i koncernföretag
7518,8002,NET_NEGATIVE,
7414,8006,NET_POSITIVE,Resultat från andelar i koncernföretag
7518,8003,NET_NEGATIVE,
7414,8007,NET_POSITIVE,Resultat från andelar i koncernföretag
7518,8004,NET_NEGATIVE,
7414,8008,NET_POSITIVE,Resultat från andelar i koncernföretag
7518,8005,NET_NEGATIVE,
7414,8009,NET_POSITIVE,Resultat från andelar i koncernföretag
7518,8006,NET_NEGATIVE,
7414,8010,NET_POSITIVE,Resultat från andelar i koncernföretag
7518,8007,NET_NEGATIVE,
7414,8011,NET_POSITIVE,Resultat från andelar i koncernföretag
7518,8008,NET_NEGATIVE,
7414,8012,NET_POSITIVE,Resultat från andelar i koncernföretag
7518,8009,NET_NEGATIVE,
7414,8013,NET_POSITIVE,Resultat från andelar i koncernföretag
7518,8010,NET_NEGATIVE,
7414,8014,NET_POSITIVE,Resultat från andelar i koncernföretag
7518,8011,NET_NEGATIVE,
7414,8015,NET_POSITIVE,Resultat från andelar i koncernföretag
7518,8012,NET_NEGATIVE,
7414,8016,NET_POSITIVE,Resultat från andelar i koncernföretag
7518,8013,NET_NEGATIVE,
7414,8017,NET_POSITIVE,Resultat från andelar i koncernföretag
7518,8014,NET_NEGATIVE,
7414,8018,NET_POSITIVE,Resultat från andelar i koncernföretag
7518,8015,NET_NEGATIVE,
7414,8019,NET_POSITIVE,Resultat från andelar i koncernföretag
7518,8016,NET_NEGATIVE,
7414,8020,NET_POSITIVE,Resultat från andelar i koncernföretag
7518,8017,NET_NEGATIVE,
7414,8021,NET_POSITIVE,Resultat från andelar i koncernföretag
7518,8018,NET_NEGATIVE,
7414,8022,NET_POSITIVE,Resultat från andelar i koncernföretag
7518,8019,NET_NEGATIVE,
7414,8023,NET_POSITIVE,Resultat från andelar i koncernföretag
7518,8020,NET_NEGATIVE,
7414,8024,NET_POSITIVE,Resultat från andelar i koncernföretag
7518,8021,NET_NEGATIVE,
7414,8025,NET_POSITIVE,Resultat från andelar i koncernföretag
7518,8022,NET_NEGATIVE,
7414,8026,NET_POSITIVE,Resultat från andelar i koncernföretag
7518,8023,NET_NEGATIVE,
7414,8027,NET_POSITIVE,Resultat från andelar i koncernföretag
7518,8024,NET_NEGATIVE,
7414,8028,NET_POSITIVE,Resultat från andelar i koncernföretag
7518,8025,NET_NEGATIVE,
7414,8029,NET_POSITIVE,Resultat från andelar i koncernföretag
7518,8026,NET_NEGATIVE,
7414,8030,NET_POSITIVE,Resultat från andelar i koncernföretag
7518,8027,NET_NEGATIVE,
7414,8031,NET_POSITIVE,Resultat från andelar i koncernföretag
7518,8028,NET_NEGATIVE,
7414,8032,NET_POSITIVE,Resultat från andelar i koncernföretag
7518,8029,NET_NEGATIVE,
7414,8033,NET_POSITIVE,Resultat från andelar i koncernföretag
7518,8030,NET_NEGATIVE,
7414,8034,NET_POSITIVE,Resultat från andelar i koncernföretag
7518,8031,NET_NEGATIVE,
7414,8035,NET_POSITIVE,Resultat från andelar i koncernföretag
7518,8032,NET_NEGATIVE,
7414,8036,NET_POSITIVE,Resultat från andelar i koncernföretag
7518,8033,NET_NEGATIVE,
7414,8037,NET_POSITIVE,Resultat från andelar i koncernföretag
7518,8034,NET_NEGATIVE,
7414,8038,NET_POSITIVE,Resultat från andelar i koncernföretag
7518,8035,NET_NEGATIVE,
7414,8039,NET_POSITIVE,Resultat från andelar i koncernföretag
7518,8036,NET_NEGATIVE,
7414,8040,NET_POSITIVE,Resultat från andelar i koncernföretag
7518,8037,NET_NEGATIVE,
7414,8041,NET_POSITIVE,Resultat från andelar i koncernföretag
7518,8038,NET_NEGATIVE,
7414,8042,NET_POSITIVE,Resultat från andelar i koncernföretag
7518,8039,NET_NEGATIVE,
7414,8043,NET_POSITIVE,Resultat från andelar i koncernföretag
7518,8040,NET_NEGATIVE,
7414,8044,NET_POSITIVE,Resultat från andelar i koncernföretag
7518,8041,NET_NEGATIVE,
7414,8045,NET_POSITIVE,Resultat från andelar i koncernföretag
7518,8042,NET_NEGATIVE,
7414,8046,NET_POSITIVE,Resultat från andelar i koncernföretag
7518,8043,NET_NEGATIVE,
7414,8047,NET_POSITIVE,Resultat från andelar i koncernföretag
7518,8044,NET_NEGATIVE,
7414,8048,NET_POSITIVE,Resultat från andelar i koncernföretag
7518,8045,NET_NEGATIVE,
7414,8049,NET_POSITIVE,Resultat från andelar i koncernföretag
7518,8046,NET_NEGATIVE,
7414,8050,NET_POSITIVE,Resultat från andelar i koncernföretag
7518,8047,NET_NEGATIVE,
7414,8051,NET_POSITIVE,Resultat från andelar i koncernföretag
7518,8048,NET_NEGATIVE,
7414,8052,NET_POSITIVE,Resultat från andelar i koncernföretag
7518,8049,NET_NEGATIVE,
7414,8053,NET_POSITIVE,Resultat från andelar i koncernföretag
7518,8050,NET_NEGATIVE,
7414,8054,NET_POSITIVE,Resultat från andelar i koncernföretag
7518,8051,NET_NEGATIVE,
7414,8055,NET_POSITIVE,Resultat från andelar i koncernföretag
7518,8052,NET_NEGATIVE,
7414,8056,NET_POSITIVE,Resultat från andelar i koncernföretag
7518,8053,NET_NEGATIVE,
7414,8057,NET_POSITIVE,Resultat från andelar i koncernföretag
7518,8054,NET_NEGATIVE,
7414,8058,NET_POSITIVE,Resultat från andelar i koncernföretag
7518,8055,NET_NEGATIVE,
7414,8059,NET_POSITIVE,Resultat från andelar i koncernföretag
7518,8056,NET_NEGATIVE,
7414,8060,NET_POSITIVE,Resultat från andelar i koncernföretag
7518,8057,NET_NEGATIVE,
7414,8061,NET_POSITIVE,Resultat från andelar i koncernföretag
7518,8058,NET_NEGATIVE,
7414,8062,NET_POSITIVE,Resultat från andelar i koncernföretag
7518,8059,NET_NEGATIVE,
7414,8063,NET_POSITIVE,Resultat från andelar i koncernföretag
7518,8060,NET_NEGATIVE,
7414,8064,NET_POSITIVE,Resultat från andelar i koncernföretag
7518,8061,NET_NEGATIVE,
7414,8065,NET_POSITIVE,Resultat från andelar i koncernföretag
7518,8062,NET_NEGATIVE,
7414,8066,NET_POSITIVE,Resultat från andelar i koncernföretag
7518,8063,NET_NEGATIVE,
7414,8067,NET_POSITIVE,Resultat från andelar i koncernföretag
7518,8064,NET_NEGATIVE,
7414,8068,NET_POSITIVE,Resultat från andelar i koncernföretag
7518,8065,NET_NEGATIVE,
7414,8069,NET_POSITIVE,Resultat från andelar i koncernföretag
7518,8066,NET_NEGATIVE,
7518,8067,NET_NEGATIVE,
7518,8068,NET_NEGATIVE,
7518,8069,NET_NEGATIVE,
7521,8070,NONE,Nedskrivningar av finansiella  anläggnings-tillgångar och kortfristiga placeringar
7521,8071,NONE,Nedskrivningar av finansiella  anläggnings-tillgångar och kortfristiga placeringar
7521,8072,NONE,Nedskrivningar av finansiella  anläggnings-tillgångar och kortfristiga placeringar
7521,8073,NONE,Nedskrivningar av finansiella  anläggnings-tillgångar och kortfristiga placeringar
7521,8074,NONE,Nedskrivningar av finansiella  anläggnings-tillgångar och kortfristiga placeringar
7521,8075,NONE,Nedskrivningar av finansiella  anläggnings-tillgångar och kortfristiga placeringar
7521,8076,NONE,Nedskrivningar av finansiella  anläggnings-tillgångar och kortfristiga placeringar
7521,8077,NONE,Nedskrivningar av finansiella  anläggnings-tillgångar och kortfristiga placeringar
7521,8078,NONE,Nedskrivningar av finansiella  anläggnings-tillgångar och kortfristiga placeringar
7521,8079,NONE,Nedskrivningar av finansiella  anläggnings-tillgångar och kortfristiga placeringar
7521,8080,NONE,Nedskrivningar av finansiella  anläggnings-tillgångar och kortfristiga placeringar
7521,8081,NONE,Nedskrivningar av finansiella  anläggnings-tillgångar och kortfristiga placeringar
7521,8082,NONE,Nedskrivningar av finansiella  anläggnings-tillgångar och kortfristiga placeringar
7521,8083,NONE,Nedskrivningar av finansiella  anläggnings-tillgångar och kortfristiga placeringar
7521,8084,NONE,Nedskrivningar av finansiella  anläggnings-tillgångar och kortfristiga placeringar
7521,8085,NONE,Nedskrivningar av finansiella  anläggnings-tillgångar och kortfristiga placeringar
7521,8086,NONE,Nedskrivningar av finansiella  anläggnings-tillgångar och kortfristiga placeringar
7414,8090,NET_POSITIVE,Resultat från andelar i koncernföretag
7521,8087,NONE,Nedskrivningar av finansiella  anläggnings-tillgångar och kortfristiga placeringar
7414,8091,NET_POSITIVE,Resultat från andelar i koncernföretag
7521,8088,NONE,Nedskrivningar av finansiella  anläggnings-tillgångar och kortfristiga placeringar
7414,8092,NET_POSITIVE,Resultat från andelar i koncernföretag
7521,8089,NONE,Nedskrivningar av finansiella  anläggnings-tillgångar och kortfristiga placeringar
7414,8093,NET_POSITIVE,Resultat från andelar i koncernföretag
7518,8090,NET_NEGATIVE,
7414,8094,NET_POSITIVE,Resultat från andelar i koncernföretag
7518,8091,NET_NEGATIVE,
7414,8095,NET_POSITIVE,Resultat från andelar i koncernföretag
7518,8092,NET_NEGATIVE,
7414,8096,NET_POSITIVE,Resultat från andelar i koncernföretag
7518,8093,NET_NEGATIVE,
7414,8097,NET_POSITIVE,Resultat från andelar i koncernföretag
7518,8094,NET_NEGATIVE,
7414,8098,NET_POSITIVE,Resultat från andelar i koncernföretag
7518,8095,NET_NEGATIVE,
7414,8099,NET_POSITIVE,Resultat från andelar i koncernföretag
7518,8096,NET_NEGATIVE,
7415,8100,NET_POSITIVE,Resultat från andelar i intresseföretag, gemensamt styrda företag och övriga företag som det finns ett ägarintresse i
7518,8097,NET_NEGATIVE,
7415,8101,NET_POSITIVE,Resultat från andelar i intresseföretag, gemensamt styrda företag och övriga företag som det finns ett ägarintresse i
7518,8098,NET_NEGATIVE,
7415,8102,NET_POSITIVE,Resultat från andelar i intresseföretag, gemensamt styrda företag och övriga företag som det finns ett ägarintresse i
7518,8099,NET_NEGATIVE,
7415,8103,NET_POSITIVE,Resultat från andelar i intresseföretag, gemensamt styrda företag och övriga företag som det finns ett ägarintresse i
7519,8100,NET_NEGATIVE,
7415,8104,NET_POSITIVE,Resultat från andelar i intresseföretag, gemensamt styrda företag och övriga företag som det finns ett ägarintresse i
7519,8101,NET_NEGATIVE,
7415,8105,NET_POSITIVE,Resultat från andelar i intresseföretag, gemensamt styrda företag och övriga företag som det finns ett ägarintresse i
7519,8102,NET_NEGATIVE,
7415,8106,NET_POSITIVE,Resultat från andelar i intresseföretag, gemensamt styrda företag och övriga företag som det finns ett ägarintresse i
7519,8103,NET_NEGATIVE,
7415,8107,NET_POSITIVE,Resultat från andelar i intresseföretag, gemensamt styrda företag och övriga företag som det finns ett ägarintresse i
7519,8104,NET_NEGATIVE,
7415,8108,NET_POSITIVE,Resultat från andelar i intresseföretag, gemensamt styrda företag och övriga företag som det finns ett ägarintresse i
7519,8105,NET_NEGATIVE,
7415,8109,NET_POSITIVE,Resultat från andelar i intresseföretag, gemensamt styrda företag och övriga företag som det finns ett ägarintresse i
7519,8106,NET_NEGATIVE,
7415,8110,NET_POSITIVE,Resultat från andelar i intresseföretag, gemensamt styrda företag och övriga företag som det finns ett ägarintresse i
7519,8107,NET_NEGATIVE,
7415,8111,NET_POSITIVE,Resultat från andelar i intresseföretag, gemensamt styrda företag och övriga företag som det finns ett ägarintresse i
7519,8108,NET_NEGATIVE,
7415,8112,NET_POSITIVE,Resultat från andelar i intresseföretag, gemensamt styrda företag och övriga företag som det finns ett ägarintresse i
7519,8109,NET_NEGATIVE,
7415,8113,NET_POSITIVE,Resultat från andelar i intresseföretag, gemensamt styrda företag och övriga företag som det finns ett ägarintresse i
7519,8110,NET_NEGATIVE,
7415,8114,NET_POSITIVE,Resultat från andelar i intresseföretag, gemensamt styrda företag och övriga företag som det finns ett ägarintresse i
7519,8111,NET_NEGATIVE,
7415,8115,NET_POSITIVE,Resultat från andelar i intresseföretag, gemensamt styrda företag och övriga företag som det finns ett ägarintresse i
7519,8112,NET_NEGATIVE,
7415,8116,NET_POSITIVE,Resultat från andelar i intresseföretag, gemensamt styrda företag och övriga företag som det finns ett ägarintresse i
7519,8113,NET_NEGATIVE,
7415,8117,NET_POSITIVE,Resultat från andelar i intresseföretag, gemensamt styrda företag och övriga företag som det finns ett ägarintresse i
7519,8114,NET_NEGATIVE,
7415,8118,NET_POSITIVE,Resultat från andelar i intresseföretag, gemensamt styrda företag och övriga företag som det finns ett ägarintresse i
7519,8115,NET_NEGATIVE,
7415,8119,NET_POSITIVE,Resultat från andelar i intresseföretag, gemensamt styrda företag och övriga företag som det finns ett ägarintresse i
7519,8116,NET_NEGATIVE,
7415,8120,NET_POSITIVE,Resultat från andelar i intresseföretag, gemensamt styrda företag och övriga företag som det finns ett ägarintresse i
7519,8117,NET_NEGATIVE,
7415,8121,NET_POSITIVE,Resultat från andelar i intresseföretag, gemensamt styrda företag och övriga företag som det finns ett ägarintresse i
7519,8118,NET_NEGATIVE,
7415,8122,NET_POSITIVE,Resultat från andelar i intresseföretag, gemensamt styrda företag och övriga företag som det finns ett ägarintresse i
7519,8119,NET_NEGATIVE,
7415,8123,NET_POSITIVE,Resultat från andelar i intresseföretag, gemensamt styrda företag och övriga företag som det finns ett ägarintresse i
7519,8120,NET_NEGATIVE,
7415,8124,NET_POSITIVE,Resultat från andelar i intresseföretag, gemensamt styrda företag och övriga företag som det finns ett ägarintresse i
7519,8121,NET_NEGATIVE,
7415,8125,NET_POSITIVE,Resultat från andelar i intresseföretag, gemensamt styrda företag och övriga företag som det finns ett ägarintresse i
7519,8122,NET_NEGATIVE,
7415,8126,NET_POSITIVE,Resultat från andelar i intresseföretag, gemensamt styrda företag och övriga företag som det finns ett ägarintresse i
7519,8123,NET_NEGATIVE,
7415,8127,NET_POSITIVE,Resultat från andelar i intresseföretag, gemensamt styrda företag och övriga företag som det finns ett ägarintresse i
7519,8124,NET_NEGATIVE,
7415,8128,NET_POSITIVE,Resultat från andelar i intresseföretag, gemensamt styrda företag och övriga företag som det finns ett ägarintresse i
7519,8125,NET_NEGATIVE,
7415,8129,NET_POSITIVE,Resultat från andelar i intresseföretag, gemensamt styrda företag och övriga företag som det finns ett ägarintresse i
7519,8126,NET_NEGATIVE,
7415,8130,NET_POSITIVE,Resultat från andelar i intresseföretag, gemensamt styrda företag och övriga företag som det finns ett ägarintresse i
7519,8127,NET_NEGATIVE,
7415,8131,NET_POSITIVE,Resultat från andelar i intresseföretag, gemensamt styrda företag och övriga företag som det finns ett ägarintresse i
7519,8128,NET_NEGATIVE,
7415,8132,NET_POSITIVE,Resultat från andelar i intresseföretag, gemensamt styrda företag och övriga företag som det finns ett ägarintresse i
7519,8129,NET_NEGATIVE,
7415,8133,NET_POSITIVE,Resultat från andelar i intresseföretag, gemensamt styrda företag och övriga företag som det finns ett ägarintresse i
7519,8130,NET_NEGATIVE,
7415,8134,NET_POSITIVE,Resultat från andelar i intresseföretag, gemensamt styrda företag och övriga företag som det finns ett ägarintresse i
7519,8131,NET_NEGATIVE,
7415,8135,NET_POSITIVE,Resultat från andelar i intresseföretag, gemensamt styrda företag och övriga företag som det finns ett ägarintresse i
7519,8132,NET_NEGATIVE,
7415,8136,NET_POSITIVE,Resultat från andelar i intresseföretag, gemensamt styrda företag och övriga företag som det finns ett ägarintresse i
7519,8133,NET_NEGATIVE,
7415,8137,NET_POSITIVE,Resultat från andelar i intresseföretag, gemensamt styrda företag och övriga företag som det finns ett ägarintresse i
7519,8134,NET_NEGATIVE,
7415,8138,NET_POSITIVE,Resultat från andelar i intresseföretag, gemensamt styrda företag och övriga företag som det finns ett ägarintresse i
7519,8135,NET_NEGATIVE,
7415,8139,NET_POSITIVE,Resultat från andelar i intresseföretag, gemensamt styrda företag och övriga företag som det finns ett ägarintresse i
7519,8136,NET_NEGATIVE,
7415,8140,NET_POSITIVE,Resultat från andelar i intresseföretag, gemensamt styrda företag och övriga företag som det finns ett ägarintresse i
7519,8137,NET_NEGATIVE,
7415,8141,NET_POSITIVE,Resultat från andelar i intresseföretag, gemensamt styrda företag och övriga företag som det finns ett ägarintresse i
7519,8138,NET_NEGATIVE,
7415,8142,NET_POSITIVE,Resultat från andelar i intresseföretag, gemensamt styrda företag och övriga företag som det finns ett ägarintresse i
7519,8139,NET_NEGATIVE,
7415,8143,NET_POSITIVE,Resultat från andelar i intresseföretag, gemensamt styrda företag och övriga företag som det finns ett ägarintresse i
7519,8140,NET_NEGATIVE,
7415,8144,NET_POSITIVE,Resultat från andelar i intresseföretag, gemensamt styrda företag och övriga företag som det finns ett ägarintresse i
7519,8141,NET_NEGATIVE,
7415,8145,NET_POSITIVE,Resultat från andelar i intresseföretag, gemensamt styrda företag och övriga företag som det finns ett ägarintresse i
7519,8142,NET_NEGATIVE,
7415,8146,NET_POSITIVE,Resultat från andelar i intresseföretag, gemensamt styrda företag och övriga företag som det finns ett ägarintresse i
7519,8143,NET_NEGATIVE,
7415,8147,NET_POSITIVE,Resultat från andelar i intresseföretag, gemensamt styrda företag och övriga företag som det finns ett ägarintresse i
7519,8144,NET_NEGATIVE,
7415,8148,NET_POSITIVE,Resultat från andelar i intresseföretag, gemensamt styrda företag och övriga företag som det finns ett ägarintresse i
7519,8145,NET_NEGATIVE,
7415,8149,NET_POSITIVE,Resultat från andelar i intresseföretag, gemensamt styrda företag och övriga företag som det finns ett ägarintresse i
7519,8146,NET_NEGATIVE,
7415,8150,NET_POSITIVE,Resultat från andelar i intresseföretag, gemensamt styrda företag och övriga företag som det finns ett ägarintresse i
7519,8147,NET_NEGATIVE,
7415,8151,NET_POSITIVE,Resultat från andelar i intresseföretag, gemensamt styrda företag och övriga företag som det finns ett ägarintresse i
7519,8148,NET_NEGATIVE,
7415,8152,NET_POSITIVE,Resultat från andelar i intresseföretag, gemensamt styrda företag och övriga företag som det finns ett ägarintresse i
7519,8149,NET_NEGATIVE,
7415,8153,NET_POSITIVE,Resultat från andelar i intresseföretag, gemensamt styrda företag och övriga företag som det finns ett ägarintresse i
7519,8150,NET_NEGATIVE,
7415,8154,NET_POSITIVE,Resultat från andelar i intresseföretag, gemensamt styrda företag och övriga företag som det finns ett ägarintresse i
7519,8151,NET_NEGATIVE,
7415,8155,NET_POSITIVE,Resultat från andelar i intresseföretag, gemensamt styrda företag och övriga företag som det finns ett ägarintresse i
7519,8152,NET_NEGATIVE,
7415,8156,NET_POSITIVE,Resultat från andelar i intresseföretag, gemensamt styrda företag och övriga företag som det finns ett ägarintresse i
7519,8153,NET_NEGATIVE,
7415,8157,NET_POSITIVE,Resultat från andelar i intresseföretag, gemensamt styrda företag och övriga företag som det finns ett ägarintresse i
7519,8154,NET_NEGATIVE,
7415,8158,NET_POSITIVE,Resultat från andelar i intresseföretag, gemensamt styrda företag och övriga företag som det finns ett ägarintresse i
7519,8155,NET_NEGATIVE,
7415,8159,NET_POSITIVE,Resultat från andelar i intresseföretag, gemensamt styrda företag och övriga företag som det finns ett ägarintresse i
7519,8156,NET_NEGATIVE,
7415,8160,NET_POSITIVE,Resultat från andelar i intresseföretag, gemensamt styrda företag och övriga företag som det finns ett ägarintresse i
7519,8157,NET_NEGATIVE,
7415,8161,NET_POSITIVE,Resultat från andelar i intresseföretag, gemensamt styrda företag och övriga företag som det finns ett ägarintresse i
7519,8158,NET_NEGATIVE,
7415,8162,NET_POSITIVE,Resultat från andelar i intresseföretag, gemensamt styrda företag och övriga företag som det finns ett ägarintresse i
7519,8159,NET_NEGATIVE,
7415,8163,NET_POSITIVE,Resultat från andelar i intresseföretag, gemensamt styrda företag och övriga företag som det finns ett ägarintresse i
7519,8160,NET_NEGATIVE,
7415,8164,NET_POSITIVE,Resultat från andelar i intresseföretag, gemensamt styrda företag och övriga företag som det finns ett ägarintresse i
7519,8161,NET_NEGATIVE,
7415,8165,NET_POSITIVE,Resultat från andelar i intresseföretag, gemensamt styrda företag och övriga företag som det finns ett ägarintresse i
7519,8162,NET_NEGATIVE,
7415,8166,NET_POSITIVE,Resultat från andelar i intresseföretag, gemensamt styrda företag och övriga företag som det finns ett ägarintresse i
7519,8163,NET_NEGATIVE,
7415,8167,NET_POSITIVE,Resultat från andelar i intresseföretag, gemensamt styrda företag och övriga företag som det finns ett ägarintresse i
7519,8164,NET_NEGATIVE,
7415,8168,NET_POSITIVE,Resultat från andelar i intresseföretag, gemensamt styrda företag och övriga företag som det finns ett ägarintresse i
7519,8165,NET_NEGATIVE,
7415,8169,NET_POSITIVE,Resultat från andelar i intresseföretag, gemensamt styrda företag och övriga företag som det finns ett ägarintresse i
7519,8166,NET_NEGATIVE,
7519,8167,NET_NEGATIVE,
7519,8168,NET_NEGATIVE,
7519,8169,NET_NEGATIVE,
7521,8170,NONE,Nedskrivningar av finansiella  anläggnings-tillgångar och kortfristiga placeringar
7521,8171,NONE,Nedskrivningar av finansiella  anläggnings-tillgångar och kortfristiga placeringar
7521,8172,NONE,Nedskrivningar av finansiella  anläggnings-tillgångar och kortfristiga placeringar
7521,8173,NONE,Nedskrivningar av finansiella  anläggnings-tillgångar och kortfristiga placeringar
7521,8174,NONE,Nedskrivningar av finansiella  anläggnings-tillgångar och kortfristiga placeringar
7521,8175,NONE,Nedskrivningar av finansiella  anläggnings-tillgångar och kortfristiga placeringar
7521,8176,NONE,Nedskrivningar av finansiella  anläggnings-tillgångar och kortfristiga placeringar
7521,8177,NONE,Nedskrivningar av finansiella  anläggnings-tillgångar och kortfristiga placeringar
7521,8178,NONE,Nedskrivningar av finansiella  anläggnings-tillgångar och kortfristiga placeringar
7521,8179,NONE,Nedskrivningar av finansiella  anläggnings-tillgångar och kortfristiga placeringar
7521,8180,NONE,Nedskrivningar av finansiella  anläggnings-tillgångar och kortfristiga placeringar
7521,8181,NONE,Nedskrivningar av finansiella  anläggnings-tillgångar och kortfristiga placeringar
7521,8182,NONE,Nedskrivningar av finansiella  anläggnings-tillgångar och kortfristiga placeringar
7521,8183,NONE,Nedskrivningar av finansiella  anläggnings-tillgångar och kortfristiga placeringar
7521,8184,NONE,Nedskrivningar av finansiella  anläggnings-tillgångar och kortfristiga placeringar
7521,8185,NONE,Nedskrivningar av finansiella  anläggnings-tillgångar och kortfristiga placeringar
7521,8186,NONE,Nedskrivningar av finansiella  anläggnings-tillgångar och kortfristiga placeringar
7415,8190,NET_POSITIVE,Resultat från andelar i intresseföretag, gemensamt styrda företag och övriga företag som det finns ett ägarintresse i
7521,8187,NONE,Nedskrivningar av finansiella  anläggnings-tillgångar och kortfristiga placeringar
7415,8191,NET_POSITIVE,Resultat från andelar i intresseföretag, gemensamt styrda företag och övriga företag som det finns ett ägarintresse i
7521,8188,NONE,Nedskrivningar av finansiella  anläggnings-tillgångar och kortfristiga placeringar
7415,8192,NET_POSITIVE,Resultat från andelar i intresseföretag, gemensamt styrda företag och övriga företag som det finns ett ägarintresse i
7521,8189,NONE,Nedskrivningar av finansiella  anläggnings-tillgångar och kortfristiga placeringar
7415,8193,NET_POSITIVE,Resultat från andelar i intresseföretag, gemensamt styrda företag och övriga företag som det finns ett ägarintresse i
7519,8190,NET_NEGATIVE,
7415,8194,NET_POSITIVE,Resultat från andelar i intresseföretag, gemensamt styrda företag och övriga företag som det finns ett ägarintresse i
7519,8191,NET_NEGATIVE,
7415,8195,NET_POSITIVE,Resultat från andelar i intresseföretag, gemensamt styrda företag och övriga företag som det finns ett ägarintresse i
7519,8192,NET_NEGATIVE,
7415,8196,NET_POSITIVE,Resultat från andelar i intresseföretag, gemensamt styrda företag och övriga företag som det finns ett ägarintresse i
7519,8193,NET_NEGATIVE,
7415,8197,NET_POSITIVE,Resultat från andelar i intresseföretag, gemensamt styrda företag och övriga företag som det finns ett ägarintresse i
7519,8194,NET_NEGATIVE,
7415,8198,NET_POSITIVE,Resultat från andelar i intresseföretag, gemensamt styrda företag och övriga företag som det finns ett ägarintresse i
7519,8195,NET_NEGATIVE,
7415,8199,NET_POSITIVE,Resultat från andelar i intresseföretag, gemensamt styrda företag och övriga företag som det finns ett ägarintresse i
7519,8196,NET_NEGATIVE,
7416,8200,NET_POSITIVE,Resultat från övriga finansiella anläggningstillgångar
7519,8197,NET_NEGATIVE,
7416,8201,NET_POSITIVE,Resultat från övriga finansiella anläggningstillgångar
7519,8198,NET_NEGATIVE,
7416,8202,NET_POSITIVE,Resultat från övriga finansiella anläggningstillgångar
7519,8199,NET_NEGATIVE,
7416,8203,NET_POSITIVE,Resultat från övriga finansiella anläggningstillgångar
7520,8200,NET_NEGATIVE,
7416,8204,NET_POSITIVE,Resultat från övriga finansiella anläggningstillgångar
7520,8201,NET_NEGATIVE,
7416,8205,NET_POSITIVE,Resultat från övriga finansiella anläggningstillgångar
7520,8202,NET_NEGATIVE,
7416,8206,NET_POSITIVE,Resultat från övriga finansiella anläggningstillgångar
7520,8203,NET_NEGATIVE,
7416,8207,NET_POSITIVE,Resultat från övriga finansiella anläggningstillgångar
7520,8204,NET_NEGATIVE,
7416,8208,NET_POSITIVE,Resultat från övriga finansiella anläggningstillgångar
7520,8205,NET_NEGATIVE,
7416,8209,NET_POSITIVE,Resultat från övriga finansiella anläggningstillgångar
7520,8206,NET_NEGATIVE,
7416,8210,NET_POSITIVE,Resultat från övriga finansiella anläggningstillgångar
7520,8207,NET_NEGATIVE,
7416,8211,NET_POSITIVE,Resultat från övriga finansiella anläggningstillgångar
7520,8208,NET_NEGATIVE,
7416,8212,NET_POSITIVE,Resultat från övriga finansiella anläggningstillgångar
7520,8209,NET_NEGATIVE,
7416,8213,NET_POSITIVE,Resultat från övriga finansiella anläggningstillgångar
7520,8210,NET_NEGATIVE,
7416,8214,NET_POSITIVE,Resultat från övriga finansiella anläggningstillgångar
7520,8211,NET_NEGATIVE,
7416,8215,NET_POSITIVE,Resultat från övriga finansiella anläggningstillgångar
7520,8212,NET_NEGATIVE,
7416,8216,NET_POSITIVE,Resultat från övriga finansiella anläggningstillgångar
7520,8213,NET_NEGATIVE,
7416,8217,NET_POSITIVE,Resultat från övriga finansiella anläggningstillgångar
7520,8214,NET_NEGATIVE,
7416,8218,NET_POSITIVE,Resultat från övriga finansiella anläggningstillgångar
7520,8215,NET_NEGATIVE,
7416,8219,NET_POSITIVE,Resultat från övriga finansiella anläggningstillgångar
7520,8216,NET_NEGATIVE,
7416,8220,NET_POSITIVE,Resultat från övriga finansiella anläggningstillgångar
7520,8217,NET_NEGATIVE,
7416,8221,NET_POSITIVE,Resultat från övriga finansiella anläggningstillgångar
7520,8218,NET_NEGATIVE,
7416,8222,NET_POSITIVE,Resultat från övriga finansiella anläggningstillgångar
7520,8219,NET_NEGATIVE,
7416,8223,NET_POSITIVE,Resultat från övriga finansiella anläggningstillgångar
7520,8220,NET_NEGATIVE,
7416,8224,NET_POSITIVE,Resultat från övriga finansiella anläggningstillgångar
7520,8221,NET_NEGATIVE,
7416,8225,NET_POSITIVE,Resultat från övriga finansiella anläggningstillgångar
7520,8222,NET_NEGATIVE,
7416,8226,NET_POSITIVE,Resultat från övriga finansiella anläggningstillgångar
7520,8223,NET_NEGATIVE,
7416,8227,NET_POSITIVE,Resultat från övriga finansiella anläggningstillgångar
7520,8224,NET_NEGATIVE,
7416,8228,NET_POSITIVE,Resultat från övriga finansiella anläggningstillgångar
7520,8225,NET_NEGATIVE,
7416,8229,NET_POSITIVE,Resultat från övriga finansiella anläggningstillgångar
7520,8226,NET_NEGATIVE,
7416,8230,NET_POSITIVE,Resultat från övriga finansiella anläggningstillgångar
7520,8227,NET_NEGATIVE,
7416,8231,NET_POSITIVE,Resultat från övriga finansiella anläggningstillgångar
7520,8228,NET_NEGATIVE,
7416,8232,NET_POSITIVE,Resultat från övriga finansiella anläggningstillgångar
7520,8229,NET_NEGATIVE,
7416,8233,NET_POSITIVE,Resultat från övriga finansiella anläggningstillgångar
7520,8230,NET_NEGATIVE,
7416,8234,NET_POSITIVE,Resultat från övriga finansiella anläggningstillgångar
7520,8231,NET_NEGATIVE,
7416,8235,NET_POSITIVE,Resultat från övriga finansiella anläggningstillgångar
7520,8232,NET_NEGATIVE,
7416,8236,NET_POSITIVE,Resultat från övriga finansiella anläggningstillgångar
7520,8233,NET_NEGATIVE,
7416,8237,NET_POSITIVE,Resultat från övriga finansiella anläggningstillgångar
7520,8234,NET_NEGATIVE,
7416,8238,NET_POSITIVE,Resultat från övriga finansiella anläggningstillgångar
7520,8235,NET_NEGATIVE,
7416,8239,NET_POSITIVE,Resultat från övriga finansiella anläggningstillgångar
7520,8236,NET_NEGATIVE,
7416,8240,NET_POSITIVE,Resultat från övriga finansiella anläggningstillgångar
7520,8237,NET_NEGATIVE,
7416,8241,NET_POSITIVE,Resultat från övriga finansiella anläggningstillgångar
7520,8238,NET_NEGATIVE,
7416,8242,NET_POSITIVE,Resultat från övriga finansiella anläggningstillgångar
7520,8239,NET_NEGATIVE,
7416,8243,NET_POSITIVE,Resultat från övriga finansiella anläggningstillgångar
7520,8240,NET_NEGATIVE,
7416,8244,NET_POSITIVE,Resultat från övriga finansiella anläggningstillgångar
7520,8241,NET_NEGATIVE,
7416,8245,NET_POSITIVE,Resultat från övriga finansiella anläggningstillgångar
7520,8242,NET_NEGATIVE,
7416,8246,NET_POSITIVE,Resultat från övriga finansiella anläggningstillgångar
7520,8243,NET_NEGATIVE,
7416,8247,NET_POSITIVE,Resultat från övriga finansiella anläggningstillgångar
7520,8244,NET_NEGATIVE,
7416,8248,NET_POSITIVE,Resultat från övriga finansiella anläggningstillgångar
7520,8245,NET_NEGATIVE,
7416,8249,NET_POSITIVE,Resultat från övriga finansiella anläggningstillgångar
7520,8246,NET_NEGATIVE,
7416,8250,NET_POSITIVE,Resultat från övriga finansiella anläggningstillgångar
7520,8247,NET_NEGATIVE,
7416,8251,NET_POSITIVE,Resultat från övriga finansiella anläggningstillgångar
7520,8248,NET_NEGATIVE,
7416,8252,NET_POSITIVE,Resultat från övriga finansiella anläggningstillgångar
7520,8249,NET_NEGATIVE,
7416,8253,NET_POSITIVE,Resultat från övriga finansiella anläggningstillgångar
7520,8250,NET_NEGATIVE,
7416,8254,NET_POSITIVE,Resultat från övriga finansiella anläggningstillgångar
7520,8251,NET_NEGATIVE,
7416,8255,NET_POSITIVE,Resultat från övriga finansiella anläggningstillgångar
7520,8252,NET_NEGATIVE,
7416,8256,NET_POSITIVE,Resultat från övriga finansiella anläggningstillgångar
7520,8253,NET_NEGATIVE,
7416,8257,NET_POSITIVE,Resultat från övriga finansiella anläggningstillgångar
7520,8254,NET_NEGATIVE,
7416,8258,NET_POSITIVE,Resultat från övriga finansiella anläggningstillgångar
7520,8255,NET_NEGATIVE,
7416,8259,NET_POSITIVE,Resultat från övriga finansiella anläggningstillgångar
7520,8256,NET_NEGATIVE,
7416,8260,NET_POSITIVE,Resultat från övriga finansiella anläggningstillgångar
7520,8257,NET_NEGATIVE,
7416,8261,NET_POSITIVE,Resultat från övriga finansiella anläggningstillgångar
7520,8258,NET_NEGATIVE,
7416,8262,NET_POSITIVE,Resultat från övriga finansiella anläggningstillgångar
7520,8259,NET_NEGATIVE,
7416,8263,NET_POSITIVE,Resultat från övriga finansiella anläggningstillgångar
7520,8260,NET_NEGATIVE,
7416,8264,NET_POSITIVE,Resultat från övriga finansiella anläggningstillgångar
7520,8261,NET_NEGATIVE,
7416,8265,NET_POSITIVE,Resultat från övriga finansiella anläggningstillgångar
7520,8262,NET_NEGATIVE,
7416,8266,NET_POSITIVE,Resultat från övriga finansiella anläggningstillgångar
7520,8263,NET_NEGATIVE,
7416,8267,NET_POSITIVE,Resultat från övriga finansiella anläggningstillgångar
7520,8264,NET_NEGATIVE,
7416,8268,NET_POSITIVE,Resultat från övriga finansiella anläggningstillgångar
7520,8265,NET_NEGATIVE,
7416,8269,NET_POSITIVE,Resultat från övriga finansiella anläggningstillgångar
7520,8266,NET_NEGATIVE,
7520,8267,NET_NEGATIVE,
7520,8268,NET_NEGATIVE,
7520,8269,NET_NEGATIVE,
7521,8270,NONE,Nedskrivningar av finansiella  anläggnings-tillgångar och kortfristiga placeringar
7521,8271,NONE,Nedskrivningar av finansiella  anläggnings-tillgångar och kortfristiga placeringar
7521,8272,NONE,Nedskrivningar av finansiella  anläggnings-tillgångar och kortfristiga placeringar
7521,8273,NONE,Nedskrivningar av finansiella  anläggnings-tillgångar och kortfristiga placeringar
7521,8274,NONE,Nedskrivningar av finansiella  anläggnings-tillgångar och kortfristiga placeringar
7521,8275,NONE,Nedskrivningar av finansiella  anläggnings-tillgångar och kortfristiga placeringar
7521,8276,NONE,Nedskrivningar av finansiella  anläggnings-tillgångar och kortfristiga placeringar
7521,8277,NONE,Nedskrivningar av finansiella  anläggnings-tillgångar och kortfristiga placeringar
7521,8278,NONE,Nedskrivningar av finansiella  anläggnings-tillgångar och kortfristiga placeringar
7521,8279,NONE,Nedskrivningar av finansiella  anläggnings-tillgångar och kortfristiga placeringar
7521,8280,NONE,Nedskrivningar av finansiella  anläggnings-tillgångar och kortfristiga placeringar
7521,8281,NONE,Nedskrivningar av finansiella  anläggnings-tillgångar och kortfristiga placeringar
7521,8282,NONE,Nedskrivningar av finansiella  anläggnings-tillgångar och kortfristiga placeringar
7521,8283,NONE,Nedskrivningar av finansiella  anläggnings-tillgångar och kortfristiga placeringar
7521,8284,NONE,Nedskrivningar av finansiella  anläggnings-tillgångar och kortfristiga placeringar
7521,8285,NONE,Nedskrivningar av finansiella  anläggnings-tillgångar och kortfristiga placeringar
7521,8286,NONE,Nedskrivningar av finansiella  anläggnings-tillgångar och kortfristiga placeringar
7416,8290,NET_POSITIVE,Resultat från övriga finansiella anläggningstillgångar
7521,8287,NONE,Nedskrivningar av finansiella  anläggnings-tillgångar och kortfristiga placeringar
7416,8291,NET_POSITIVE,Resultat från övriga finansiella anläggningstillgångar
7521,8288,NONE,Nedskrivningar av finansiella  anläggnings-tillgångar och kortfristiga placeringar
7416,8292,NET_POSITIVE,Resultat från övriga finansiella anläggningstillgångar
7521,8289,NONE,Nedskrivningar av finansiella  anläggnings-tillgångar och kortfristiga placeringar
7416,8293,NET_POSITIVE,Resultat från övriga finansiella anläggningstillgångar
7520,8290,NET_NEGATIVE,
7416,8294,NET_POSITIVE,Resultat från övriga finansiella anläggningstillgångar
7520,8291,NET_NEGATIVE,
7416,8295,NET_POSITIVE,Resultat från övriga finansiella anläggningstillgångar
7520,8292,NET_NEGATIVE,
7416,8296,NET_POSITIVE,Resultat från övriga finansiella anläggningstillgångar
7520,8293,NET_NEGATIVE,
7416,8297,NET_POSITIVE,Resultat från övriga finansiella anläggningstillgångar
7520,8294,NET_NEGATIVE,
7416,8298,NET_POSITIVE,Resultat från övriga finansiella anläggningstillgångar
7520,8295,NET_NEGATIVE,
7416,8299,NET_POSITIVE,Resultat från övriga finansiella anläggningstillgångar
7520,8296,NET_NEGATIVE,
7417,8300,NONE,Övriga ränteintäkter och liknande resultatposter
7520,8297,NET_NEGATIVE,
7417,8301,NONE,Övriga ränteintäkter och liknande resultatposter
7520,8298,NET_NEGATIVE,
7417,8302,NONE,Övriga ränteintäkter och liknande resultatposter
7520,8299,NET_NEGATIVE,
7417,8303,NONE,Övriga ränteintäkter och liknande resultatposter
7417,8304,NONE,Övriga ränteintäkter och liknande resultatposter
7417,8305,NONE,Övriga ränteintäkter och liknande resultatposter
7417,8306,NONE,Övriga ränteintäkter och liknande resultatposter
7417,8307,NONE,Övriga ränteintäkter och liknande resultatposter
7417,8308,NONE,Övriga ränteintäkter och liknande resultatposter
7417,8309,NONE,Övriga ränteintäkter och liknande resultatposter
7417,8310,NONE,Övriga ränteintäkter och liknande resultatposter
7417,8311,NONE,Övriga ränteintäkter och liknande resultatposter
7417,8312,NONE,Övriga ränteintäkter och liknande resultatposter
7417,8313,NONE,Övriga ränteintäkter och liknande resultatposter
7417,8314,NONE,Övriga ränteintäkter och liknande resultatposter
7417,8315,NONE,Övriga ränteintäkter och liknande resultatposter
7417,8316,NONE,Övriga ränteintäkter och liknande resultatposter
7417,8317,NONE,Övriga ränteintäkter och liknande resultatposter
7417,8318,NONE,Övriga ränteintäkter och liknande resultatposter
7417,8319,NONE,Övriga ränteintäkter och liknande resultatposter
7417,8320,NONE,Övriga ränteintäkter och liknande resultatposter
7417,8321,NONE,Övriga ränteintäkter och liknande resultatposter
7417,8322,NONE,Övriga ränteintäkter och liknande resultatposter
7417,8323,NONE,Övriga ränteintäkter och liknande resultatposter
7417,8324,NONE,Övriga ränteintäkter och liknande resultatposter
7417,8325,NONE,Övriga ränteintäkter och liknande resultatposter
7417,8326,NONE,Övriga ränteintäkter och liknande resultatposter
7417,8327,NONE,Övriga ränteintäkter och liknande resultatposter
7417,8328,NONE,Övriga ränteintäkter och liknande resultatposter
7417,8329,NONE,Övriga ränteintäkter och liknande resultatposter
7417,8330,NONE,Övriga ränteintäkter och liknande resultatposter
7417,8331,NONE,Övriga ränteintäkter och liknande resultatposter
7417,8332,NONE,Övriga ränteintäkter och liknande resultatposter
7417,8333,NONE,Övriga ränteintäkter och liknande resultatposter
7417,8334,NONE,Övriga ränteintäkter och liknande resultatposter
7417,8335,NONE,Övriga ränteintäkter och liknande resultatposter
7417,8336,NONE,Övriga ränteintäkter och liknande resultatposter
7417,8337,NONE,Övriga ränteintäkter och liknande resultatposter
7417,8338,NONE,Övriga ränteintäkter och liknande resultatposter
7417,8339,NONE,Övriga ränteintäkter och liknande resultatposter
7417,8340,NONE,Övriga ränteintäkter och liknande resultatposter
7417,8341,NONE,Övriga ränteintäkter och liknande resultatposter
7417,8342,NONE,Övriga ränteintäkter och liknande resultatposter
7417,8343,NONE,Övriga ränteintäkter och liknande resultatposter
7417,8344,NONE,Övriga ränteintäkter och liknande resultatposter
7417,8345,NONE,Övriga ränteintäkter och liknande resultatposter
7417,8346,NONE,Övriga ränteintäkter och liknande resultatposter
7417,8347,NONE,Övriga ränteintäkter och liknande resultatposter
7417,8348,NONE,Övriga ränteintäkter och liknande resultatposter
7417,8349,NONE,Övriga ränteintäkter och liknande resultatposter
7417,8350,NONE,Övriga ränteintäkter och liknande resultatposter
7417,8351,NONE,Övriga ränteintäkter och liknande resultatposter
7417,8352,NONE,Övriga ränteintäkter och liknande resultatposter
7417,8353,NONE,Övriga ränteintäkter och liknande resultatposter
7417,8354,NONE,Övriga ränteintäkter och liknande resultatposter
7417,8355,NONE,Övriga ränteintäkter och liknande resultatposter
7417,8356,NONE,Övriga ränteintäkter och liknande resultatposter
7417,8357,NONE,Övriga ränteintäkter och liknande resultatposter
7417,8358,NONE,Övriga ränteintäkter och liknande resultatposter
7417,8359,NONE,Övriga ränteintäkter och liknande resultatposter
7417,8360,NONE,Övriga ränteintäkter och liknande resultatposter
7417,8361,NONE,Övriga ränteintäkter och liknande resultatposter
7417,8362,NONE,Övriga ränteintäkter och liknande resultatposter
7417,8363,NONE,Övriga ränteintäkter och liknande resultatposter
7417,8364,NONE,Övriga ränteintäkter och liknande resultatposter
7417,8365,NONE,Övriga ränteintäkter och liknande resultatposter
7417,8366,NONE,Övriga ränteintäkter och liknande resultatposter
7417,8367,NONE,Övriga ränteintäkter och liknande resultatposter
7417,8368,NONE,Övriga ränteintäkter och liknande resultatposter
7417,8369,NONE,Övriga ränteintäkter och liknande resultatposter
7521,8370,NONE,Nedskrivningar av finansiella  anläggnings-tillgångar och kortfristiga placeringar
7521,8371,NONE,Nedskrivningar av finansiella  anläggnings-tillgångar och kortfristiga placeringar
7521,8372,NONE,Nedskrivningar av finansiella  anläggnings-tillgångar och kortfristiga placeringar
7521,8373,NONE,Nedskrivningar av finansiella  anläggnings-tillgångar och kortfristiga placeringar
7521,8374,NONE,Nedskrivningar av finansiella  anläggnings-tillgångar och kortfristiga placeringar
7521,8375,NONE,Nedskrivningar av finansiella  anläggnings-tillgångar och kortfristiga placeringar
7521,8376,NONE,Nedskrivningar av finansiella  anläggnings-tillgångar och kortfristiga placeringar
7521,8377,NONE,Nedskrivningar av finansiella  anläggnings-tillgångar och kortfristiga placeringar
7521,8378,NONE,Nedskrivningar av finansiella  anläggnings-tillgångar och kortfristiga placeringar
7521,8379,NONE,Nedskrivningar av finansiella  anläggnings-tillgångar och kortfristiga placeringar
7521,8380,NONE,Nedskrivningar av finansiella  anläggnings-tillgångar och kortfristiga placeringar
7521,8381,NONE,Nedskrivningar av finansiella  anläggnings-tillgångar och kortfristiga placeringar
7521,8382,NONE,Nedskrivningar av finansiella  anläggnings-tillgångar och kortfristiga placeringar
7521,8383,NONE,Nedskrivningar av finansiella  anläggnings-tillgångar och kortfristiga placeringar
7521,8384,NONE,Nedskrivningar av finansiella  anläggnings-tillgångar och kortfristiga placeringar
7521,8385,NONE,Nedskrivningar av finansiella  anläggnings-tillgångar och kortfristiga placeringar
7521,8386,NONE,Nedskrivningar av finansiella  anläggnings-tillgångar och kortfristiga placeringar
7417,8390,NONE,Övriga ränteintäkter och liknande resultatposter
7521,8387,NONE,Nedskrivningar av finansiella  anläggnings-tillgångar och kortfristiga placeringar
7417,8391,NONE,Övriga ränteintäkter och liknande resultatposter
7521,8388,NONE,Nedskrivningar av finansiella  anläggnings-tillgångar och kortfristiga placeringar
7417,8392,NONE,Övriga ränteintäkter och liknande resultatposter
7521,8389,NONE,Nedskrivningar av finansiella  anläggnings-tillgångar och kortfristiga placeringar
7417,8393,NONE,Övriga ränteintäkter och liknande resultatposter
7417,8394,NONE,Övriga ränteintäkter och liknande resultatposter
7417,8395,NONE,Övriga ränteintäkter och liknande resultatposter
7417,8396,NONE,Övriga ränteintäkter och liknande resultatposter
7417,8397,NONE,Övriga ränteintäkter och liknande resultatposter
7417,8398,NONE,Övriga ränteintäkter och liknande resultatposter
7417,8399,NONE,Övriga ränteintäkter och liknande resultatposter
7522,8400,NONE,Räntekostnader och liknande resultatposter
7522,8401,NONE,Räntekostnader och liknande resultatposter
7522,8402,NONE,Räntekostnader och liknande resultatposter
7522,8403,NONE,Räntekostnader och liknande resultatposter
7522,8404,NONE,Räntekostnader och liknande resultatposter
7522,8405,NONE,Räntekostnader och liknande resultatposter
7522,8406,NONE,Räntekostnader och liknande resultatposter
7522,8407,NONE,Räntekostnader och liknande resultatposter
7522,8408,NONE,Räntekostnader och liknande resultatposter
7522,8409,NONE,Räntekostnader och liknande resultatposter
7522,8410,NONE,Räntekostnader och liknande resultatposter
7522,8411,NONE,Räntekostnader och liknande resultatposter
7522,8412,NONE,Räntekostnader och liknande resultatposter
7522,8413,NONE,Räntekostnader och liknande resultatposter
7522,8414,NONE,Räntekostnader och liknande resultatposter
7522,8415,NONE,Räntekostnader och liknande resultatposter
7522,8416,NONE,Räntekostnader och liknande resultatposter
7522,8417,NONE,Räntekostnader och liknande resultatposter
7522,8418,NONE,Räntekostnader och liknande resultatposter
7522,8419,NONE,Räntekostnader och liknande resultatposter
7522,8420,NONE,Räntekostnader och liknande resultatposter
7522,8421,NONE,Räntekostnader och liknande resultatposter
7522,8422,NONE,Räntekostnader och liknande resultatposter
7522,8423,NONE,Räntekostnader och liknande resultatposter
7522,8424,NONE,Räntekostnader och liknande resultatposter
7522,8425,NONE,Räntekostnader och liknande resultatposter
7522,8426,NONE,Räntekostnader och liknande resultatposter
7522,8427,NONE,Räntekostnader och liknande resultatposter
7522,8428,NONE,Räntekostnader och liknande resultatposter
7522,8429,NONE,Räntekostnader och liknande resultatposter
7522,8430,NONE,Räntekostnader och liknande resultatposter
7522,8431,NONE,Räntekostnader och liknande resultatposter
7522,8432,NONE,Räntekostnader och liknande resultatposter
7522,8433,NONE,Räntekostnader och liknande resultatposter
7522,8434,NONE,Räntekostnader och liknande resultatposter
7522,8435,NONE,Räntekostnader och liknande resultatposter
7522,8436,NONE,Räntekostnader och liknande resultatposter
7522,8437,NONE,Räntekostnader och liknande resultatposter
7522,8438,NONE,Räntekostnader och liknande resultatposter
7522,8439,NONE,Räntekostnader och liknande resultatposter
7522,8440,NONE,Räntekostnader och liknande resultatposter
7522,8441,NONE,Räntekostnader och liknande resultatposter
7522,8442,NONE,Räntekostnader och liknande resultatposter
7522,8443,NONE,Räntekostnader och liknande resultatposter
7522,8444,NONE,Räntekostnader och liknande resultatposter
7522,8445,NONE,Räntekostnader och liknande resultatposter
7522,8446,NONE,Räntekostnader och liknande resultatposter
7522,8447,NONE,Räntekostnader och liknande resultatposter
7522,8448,NONE,Räntekostnader och liknande resultatposter
7522,8449,NONE,Räntekostnader och liknande resultatposter
7522,8450,NONE,Räntekostnader och liknande resultatposter
7522,8451,NONE,Räntekostnader och liknande resultatposter
7522,8452,NONE,Räntekostnader och liknande resultatposter
7522,8453,NONE,Räntekostnader och liknande resultatposter
7522,8454,NONE,Räntekostnader och liknande resultatposter
7522,8455,NONE,Räntekostnader och liknande resultatposter
7522,8456,NONE,Räntekostnader och liknande resultatposter
7522,8457,NONE,Räntekostnader och liknande resultatposter
7522,8458,NONE,Räntekostnader och liknande resultatposter
7522,8459,NONE,Räntekostnader och liknande resultatposter
7522,8460,NONE,Räntekostnader och liknande resultatposter
7522,8461,NONE,Räntekostnader och liknande resultatposter
7522,8462,NONE,Räntekostnader och liknande resultatposter
7522,8463,NONE,Räntekostnader och liknande resultatposter
7522,8464,NONE,Räntekostnader och liknande resultatposter
7522,8465,NONE,Räntekostnader och liknande resultatposter
7522,8466,NONE,Räntekostnader och liknande resultatposter
7522,8467,NONE,Räntekostnader och liknande resultatposter
7522,8468,NONE,Räntekostnader och liknande resultatposter
7522,8469,NONE,Räntekostnader och liknande resultatposter
7522,8470,NONE,Räntekostnader och liknande resultatposter
7522,8471,NONE,Räntekostnader och liknande resultatposter
7522,8472,NONE,Räntekostnader och liknande resultatposter
7522,8473,NONE,Räntekostnader och liknande resultatposter
7522,8474,NONE,Räntekostnader och liknande resultatposter
7522,8475,NONE,Räntekostnader och liknande resultatposter
7522,8476,NONE,Räntekostnader och liknande resultatposter
7522,8477,NONE,Räntekostnader och liknande resultatposter
7522,8478,NONE,Räntekostnader och liknande resultatposter
7522,8479,NONE,Räntekostnader och liknande resultatposter
7522,8480,NONE,Räntekostnader och liknande resultatposter
7522,8481,NONE,Räntekostnader och liknande resultatposter
7522,8482,NONE,Räntekostnader och liknande resultatposter
7522,8483,NONE,Räntekostnader och liknande resultatposter
7522,8484,NONE,Räntekostnader och liknande resultatposter
7522,8485,NONE,Räntekostnader och liknande resultatposter
7522,8486,NONE,Räntekostnader och liknande resultatposter
7522,8487,NONE,Räntekostnader och liknande resultatposter
7522,8488,NONE,Räntekostnader och liknande resultatposter
7522,8489,NONE,Räntekostnader och liknande resultatposter
7522,8490,NONE,Räntekostnader och liknande resultatposter
7522,8491,NONE,Räntekostnader och liknande resultatposter
7522,8492,NONE,Räntekostnader och liknande resultatposter
7522,8493,NONE,Räntekostnader och liknande resultatposter
7522,8494,NONE,Räntekostnader och liknande resultatposter
7522,8495,NONE,Räntekostnader och liknande resultatposter
7522,8496,NONE,Räntekostnader och liknande resultatposter
7522,8497,NONE,Räntekostnader och liknande resultatposter
7522,8498,NONE,Räntekostnader och liknande resultatposter
7522,8499,NONE,Räntekostnader och liknande resultatposter
7427,8800,NET_POSITIVE,Bokslutsdispositioner
7427,8801,NET_POSITIVE,Bokslutsdispositioner
7427,8802,NET_POSITIVE,Bokslutsdispositioner
7427,8803,NET_POSITIVE,Bokslutsdispositioner
7537,8800,NET_NEGATIVE,
7427,8804,NET_POSITIVE,Bokslutsdispositioner
7537,8801,NET_NEGATIVE,
7427,8805,NET_POSITIVE,Bokslutsdispositioner
7537,8802,NET_NEGATIVE,
7427,8806,NET_POSITIVE,Bokslutsdispositioner
7537,8803,NET_NEGATIVE,
7427,8807,NET_POSITIVE,Bokslutsdispositioner
7537,8804,NET_NEGATIVE,
7427,8808,NET_POSITIVE,Bokslutsdispositioner
7537,8805,NET_NEGATIVE,
7427,8809,NET_POSITIVE,Bokslutsdispositioner
7537,8806,NET_NEGATIVE,
7427,8810,NET_POSITIVE,Bokslutsdispositioner
7537,8807,NET_NEGATIVE,
7427,8811,NET_POSITIVE,Bokslutsdispositioner
7537,8808,NET_NEGATIVE,
7427,8812,NET_POSITIVE,Bokslutsdispositioner
7537,8809,NET_NEGATIVE,
7427,8813,NET_POSITIVE,Bokslutsdispositioner
7537,8810,NET_NEGATIVE,
7427,8814,NET_POSITIVE,Bokslutsdispositioner
7537,8811,NET_NEGATIVE,
7427,8815,NET_POSITIVE,Bokslutsdispositioner
7537,8812,NET_NEGATIVE,
7427,8816,NET_POSITIVE,Bokslutsdispositioner
7537,8813,NET_NEGATIVE,
7427,8817,NET_POSITIVE,Bokslutsdispositioner
7537,8814,NET_NEGATIVE,
7427,8818,NET_POSITIVE,Bokslutsdispositioner
7537,8815,NET_NEGATIVE,
7427,8819,NET_POSITIVE,Bokslutsdispositioner
7537,8816,NET_NEGATIVE,
7427,8820,NET_POSITIVE,Bokslutsdispositioner
7537,8817,NET_NEGATIVE,
7427,8821,NET_POSITIVE,Bokslutsdispositioner
7537,8818,NET_NEGATIVE,
7427,8822,NET_POSITIVE,Bokslutsdispositioner
7537,8819,NET_NEGATIVE,
7427,8823,NET_POSITIVE,Bokslutsdispositioner
7537,8820,NET_NEGATIVE,
7427,8824,NET_POSITIVE,Bokslutsdispositioner
7537,8821,NET_NEGATIVE,
7427,8825,NET_POSITIVE,Bokslutsdispositioner
7537,8822,NET_NEGATIVE,
7427,8826,NET_POSITIVE,Bokslutsdispositioner
7537,8823,NET_NEGATIVE,
7427,8827,NET_POSITIVE,Bokslutsdispositioner
7537,8824,NET_NEGATIVE,
7427,8828,NET_POSITIVE,Bokslutsdispositioner
7537,8825,NET_NEGATIVE,
7427,8829,NET_POSITIVE,Bokslutsdispositioner
7537,8826,NET_NEGATIVE,
7427,8830,NET_POSITIVE,Bokslutsdispositioner
7537,8827,NET_NEGATIVE,
7427,8831,NET_POSITIVE,Bokslutsdispositioner
7537,8828,NET_NEGATIVE,
7427,8832,NET_POSITIVE,Bokslutsdispositioner
7537,8829,NET_NEGATIVE,
7427,8833,NET_POSITIVE,Bokslutsdispositioner
7537,8830,NET_NEGATIVE,
7427,8834,NET_POSITIVE,Bokslutsdispositioner
7537,8831,NET_NEGATIVE,
7427,8835,NET_POSITIVE,Bokslutsdispositioner
7537,8832,NET_NEGATIVE,
7427,8836,NET_POSITIVE,Bokslutsdispositioner
7537,8833,NET_NEGATIVE,
7427,8837,NET_POSITIVE,Bokslutsdispositioner
7537,8834,NET_NEGATIVE,
7427,8838,NET_POSITIVE,Bokslutsdispositioner
7537,8835,NET_NEGATIVE,
7427,8839,NET_POSITIVE,Bokslutsdispositioner
7537,8836,NET_NEGATIVE,
7427,8840,NET_POSITIVE,Bokslutsdispositioner
7537,8837,NET_NEGATIVE,
7427,8841,NET_POSITIVE,Bokslutsdispositioner
7537,8838,NET_NEGATIVE,
7427,8842,NET_POSITIVE,Bokslutsdispositioner
7537,8839,NET_NEGATIVE,
7427,8843,NET_POSITIVE,Bokslutsdispositioner
7537,8840,NET_NEGATIVE,
7427,8844,NET_POSITIVE,Bokslutsdispositioner
7537,8841,NET_NEGATIVE,
7427,8845,NET_POSITIVE,Bokslutsdispositioner
7537,8842,NET_NEGATIVE,
7427,8846,NET_POSITIVE,Bokslutsdispositioner
7537,8843,NET_NEGATIVE,
7427,8847,NET_POSITIVE,Bokslutsdispositioner
7537,8844,NET_NEGATIVE,
7427,8848,NET_POSITIVE,Bokslutsdispositioner
7537,8845,NET_NEGATIVE,
7427,8849,NET_POSITIVE,Bokslutsdispositioner
7537,8846,NET_NEGATIVE,
7427,8850,NET_POSITIVE,Bokslutsdispositioner
7537,8847,NET_NEGATIVE,
7427,8851,NET_POSITIVE,Bokslutsdispositioner
7537,8848,NET_NEGATIVE,
7427,8852,NET_POSITIVE,Bokslutsdispositioner
7537,8849,NET_NEGATIVE,
7427,8853,NET_POSITIVE,Bokslutsdispositioner
7537,8850,NET_NEGATIVE,
7427,8854,NET_POSITIVE,Bokslutsdispositioner
7537,8851,NET_NEGATIVE,
7427,8855,NET_POSITIVE,Bokslutsdispositioner
7537,8852,NET_NEGATIVE,
7427,8856,NET_POSITIVE,Bokslutsdispositioner
7537,8853,NET_NEGATIVE,
7427,8857,NET_POSITIVE,Bokslutsdispositioner
7537,8854,NET_NEGATIVE,
7427,8858,NET_POSITIVE,Bokslutsdispositioner
7537,8855,NET_NEGATIVE,
7427,8859,NET_POSITIVE,Bokslutsdispositioner
7537,8856,NET_NEGATIVE,
7427,8860,NET_POSITIVE,Bokslutsdispositioner
7537,8857,NET_NEGATIVE,
7427,8861,NET_POSITIVE,Bokslutsdispositioner
7537,8858,NET_NEGATIVE,
7427,8862,NET_POSITIVE,Bokslutsdispositioner
7537,8859,NET_NEGATIVE,
7427,8863,NET_POSITIVE,Bokslutsdispositioner
7537,8860,NET_NEGATIVE,
7427,8864,NET_POSITIVE,Bokslutsdispositioner
7537,8861,NET_NEGATIVE,
7427,8865,NET_POSITIVE,Bokslutsdispositioner
7537,8862,NET_NEGATIVE,
7427,8866,NET_POSITIVE,Bokslutsdispositioner
7537,8863,NET_NEGATIVE,
7427,8867,NET_POSITIVE,Bokslutsdispositioner
7537,8864,NET_NEGATIVE,
7427,8868,NET_POSITIVE,Bokslutsdispositioner
7537,8865,NET_NEGATIVE,
7427,8869,NET_POSITIVE,Bokslutsdispositioner
7537,8866,NET_NEGATIVE,
7427,8870,NET_POSITIVE,Bokslutsdispositioner
7537,8867,NET_NEGATIVE,
7427,8871,NET_POSITIVE,Bokslutsdispositioner
7537,8868,NET_NEGATIVE,
7427,8872,NET_POSITIVE,Bokslutsdispositioner
7537,8869,NET_NEGATIVE,
7427,8873,NET_POSITIVE,Bokslutsdispositioner
7537,8870,NET_NEGATIVE,
7427,8874,NET_POSITIVE,Bokslutsdispositioner
7537,8871,NET_NEGATIVE,
7427,8875,NET_POSITIVE,Bokslutsdispositioner
7537,8872,NET_NEGATIVE,
7427,8876,NET_POSITIVE,Bokslutsdispositioner
7537,8873,NET_NEGATIVE,
7427,8877,NET_POSITIVE,Bokslutsdispositioner
7537,8874,NET_NEGATIVE,
7427,8878,NET_POSITIVE,Bokslutsdispositioner
7537,8875,NET_NEGATIVE,
7427,8879,NET_POSITIVE,Bokslutsdispositioner
7537,8876,NET_NEGATIVE,
7427,8880,NET_POSITIVE,Bokslutsdispositioner
7537,8877,NET_NEGATIVE,
7427,8881,NET_POSITIVE,Bokslutsdispositioner
7537,8878,NET_NEGATIVE,
7427,8882,NET_POSITIVE,Bokslutsdispositioner
7537,8879,NET_NEGATIVE,
7427,8883,NET_POSITIVE,Bokslutsdispositioner
7537,8880,NET_NEGATIVE,
7427,8884,NET_POSITIVE,Bokslutsdispositioner
7537,8881,NET_NEGATIVE,
7427,8885,NET_POSITIVE,Bokslutsdispositioner
7537,8882,NET_NEGATIVE,
7427,8886,NET_POSITIVE,Bokslutsdispositioner
7537,8883,NET_NEGATIVE,
7427,8887,NET_POSITIVE,Bokslutsdispositioner
7537,8884,NET_NEGATIVE,
7427,8888,NET_POSITIVE,Bokslutsdispositioner
7537,8885,NET_NEGATIVE,
7427,8889,NET_POSITIVE,Bokslutsdispositioner
7537,8886,NET_NEGATIVE,
7427,8890,NET_POSITIVE,Bokslutsdispositioner
7537,8887,NET_NEGATIVE,
7427,8891,NET_POSITIVE,Bokslutsdispositioner
7537,8888,NET_NEGATIVE,
7427,8892,NET_POSITIVE,Bokslutsdispositioner
7537,8889,NET_NEGATIVE,
7427,8893,NET_POSITIVE,Bokslutsdispositioner
7537,8890,NET_NEGATIVE,
7427,8894,NET_POSITIVE,Bokslutsdispositioner
7537,8891,NET_NEGATIVE,
7427,8895,NET_POSITIVE,Bokslutsdispositioner
7537,8892,NET_NEGATIVE,
7427,8896,NET_POSITIVE,Bokslutsdispositioner
7537,8893,NET_NEGATIVE,
7427,8897,NET_POSITIVE,Bokslutsdispositioner
7537,8894,NET_NEGATIVE,
7427,8898,NET_POSITIVE,Bokslutsdispositioner
7537,8895,NET_NEGATIVE,
7427,8899,NET_POSITIVE,Bokslutsdispositioner
7537,8896,NET_NEGATIVE,
7537,8897,NET_NEGATIVE,
7537,8898,NET_NEGATIVE,
7537,8899,NET_NEGATIVE,
7450,8990,NET_POSITIVE,Årets resultat, vinst (flyttas till p. 4.1)  (+)
7450,8991,NET_POSITIVE,Årets resultat, vinst (flyttas till p. 4.1)  (+)
7450,8992,NET_POSITIVE,Årets resultat, vinst (flyttas till p. 4.1)  (+)
7450,8993,NET_POSITIVE,Årets resultat, vinst (flyttas till p. 4.1)  (+)
7550,8990,NET_NEGATIVE,Årets resultat, förlust (flyttas till p. 4.2) (-)
7450,8994,NET_POSITIVE,Årets resultat, vinst (flyttas till p. 4.1)  (+)
7550,8991,NET_NEGATIVE,Årets resultat, förlust (flyttas till p. 4.2) (-)
7450,8995,NET_POSITIVE,Årets resultat, vinst (flyttas till p. 4.1)  (+)
7550,8992,NET_NEGATIVE,Årets resultat, förlust (flyttas till p. 4.2) (-)
7450,8996,NET_POSITIVE,Årets resultat, vinst (flyttas till p. 4.1)  (+)
7550,8993,NET_NEGATIVE,Årets resultat, förlust (flyttas till p. 4.2) (-)
7450,8997,NET_POSITIVE,Årets resultat, vinst (flyttas till p. 4.1)  (+)
7550,8994,NET_NEGATIVE,Årets resultat, förlust (flyttas till p. 4.2) (-)
7450,8998,NET_POSITIVE,Årets resultat, vinst (flyttas till p. 4.1)  (+)
7550,8995,NET_NEGATIVE,Årets resultat, förlust (flyttas till p. 4.2) (-)
7450,8999,NET_POSITIVE,Årets resultat, vinst (flyttas till p. 4.1)  (+)
7550,8996,NET_NEGATIVE,Årets resultat, förlust (flyttas till p. 4.2) (-)
7550,8997,NET_NEGATIVE,Årets resultat, förlust (flyttas till p. 4.2) (-)
7550,8998,NET_NEGATIVE,Årets resultat, förlust (flyttas till p. 4.2) (-)
7550,8999,NET_NEGATIVE,Årets resultat, förlust (flyttas till p. 4.2) (-)