field_code,account_number,sign_condition,description
7200,1000,NONE,Immateriella anläggningstillgångar
7200,1001,NONE,Immateriella anläggningstillgångar
7200,1002,NONE,Immateriella anläggningstillgångar
7200,1003,NONE,Immateriella anläggningstillgångar
7200,1004,NONE,Immateriella anläggningstillgångar
7200,1005,NONE,Immateriella anläggningstillgångar
7200,1006,NONE,Immateriella anläggningstillgångar
7200,1007,NONE,Immateriella anläggningstillgångar
7200,1008,NONE,Immateriella anläggningstillgångar
7200,1009,NONE,Immateriella anläggningstillgångar
7200,1010,NONE,Immateriella anläggningstillgångar
7200,1011,NONE,Immateriella anläggningstillgångar
7200,1012,NONE,Immateriella anläggningstillgångar
7200,1013,NONE,Immateriella anläggningstillgångar
7200,1014,NONE,Immateriella anläggningstillgångar
7200,1015,NONE,Immateriella anläggningstillgångar
7200,1016,NONE,Immateriella anläggningstillgångar
7200,1017,NONE,Immateriella anläggningstillgångar
7200,1018,NONE,Immateriella anläggningstillgångar
7200,1019,NONE,Immateriella anläggningstillgångar
7200,1020,NONE,Immateriella anläggningstillgångar
7200,1021,NONE,Immateriella anläggningstillgångar
7200,1022,NONE,Immateriella anläggningstillgångar
7200,1023,NONE,Immateriella anläggningstillgångar
7200,1024,NONE,Immateriella anläggningstillgångar
7200,1025,NONE,Immateriella anläggningstillgångar
7200,1026,NONE,Immateriella anläggningstillgångar
7200,1027,NONE,Immateriella anläggningstillgångar
7200,1028,NONE,Immateriella anläggningstillgångar
7200,1029,NONE,Immateriella anläggningstillgångar
7200,1030,NONE,Immateriella anläggningstillgångar
7200,1031,NONE,Immateriella anläggningstillgångar
7200,1032,NONE,Immateriella anläggningstillgångar
7200,1033,NONE,Immateriella anläggningstillgångar
7200,1034,NONE,Immateriella anläggningstillgångar
7200,1035,NONE,Immateriella anläggningstillgångar
7200,1036,NONE,Immateriella anläggningstillgångar
7200,1037,NONE,Immateriella anläggningstillgångar
7200,1038,NONE,Immateriella anläggningstillgångar
7200,1039,NONE,Immateriella anläggningstillgångar
7200,1040,NONE,Immateriella anläggningstillgångar
7200,1041,NONE,Immateriella anläggningstillgångar
7200,1042,NONE,Immateriella anläggningstillgångar
7200,1043,NONE,Immateriella anläggningstillgångar
7200,1044,NONE,Immateriella anläggningstillgångar
7200,1045,NONE,Immateriella anläggningstillgångar
7200,1046,NONE,Immateriella anläggningstillgångar
7200,1047,NONE,Immateriella anläggningstillgångar
7200,1048,NONE,Immateriella anläggningstillgångar
7200,1049,NONE,Immateriella anläggningstillgångar
7200,1050,NONE,Immateriella anläggningstillgångar
7200,1051,NONE,Immateriella anläggningstillgångar
7200,1052,NONE,Immateriella anläggningstillgångar
7200,1053,NONE,Immateriella anläggningstillgångar
7200,1054,NONE,Immateriella anläggningstillgångar
7200,1055,NONE,Immateriella anläggningstillgångar
7200,1056,NONE,Immateriella anläggningstillgångar
7200,1057,NONE,Immateriella anläggningstillgångar
7200,1058,NONE,Immateriella anläggningstillgångar
7200,1059,NONE,Immateriella anläggningstillgångar
7200,1060,NONE,Immateriella anläggningstillgångar
7200,1061,NONE,Immateriella anläggningstillgångar
7200,1062,NONE,Immateriella anläggningstillgångar
7200,1063,NONE,Immateriella anläggningstillgångar
7200,1064,NONE,Immateriella anläggningstillgångar
7200,1065,NONE,Immateriella anläggningstillgångar
7200,1066,NONE,Immateriella anläggningstillgångar
7200,1067,NONE,Immateriella anläggningstillgångar
7200,1068,NONE,Immateriella anläggningstillgångar
7200,1069,NONE,Immateriella anläggningstillgångar
7200,1070,NONE,Immateriella anläggningstillgångar
7200,1071,NONE,Immateriella anläggningstillgångar
7200,1072,NONE,Immateriella anläggningstillgångar
7200,1073,NONE,Immateriella anläggningstillgångar
7200,1074,NONE,Immateriella anläggningstillgångar
7200,1075,NONE,Immateriella anläggningstillgångar
7200,1076,NONE,Immateriella anläggningstillgångar
7200,1077,NONE,Immateriella anläggningstillgångar
7200,1078,NONE,Immateriella anläggningstillgångar
7200,1079,NONE,Immateriella anläggningstillgångar
7200,1080,NONE,Immateriella anläggningstillgångar
7200,1081,NONE,Immateriella anläggningstillgångar
7200,1082,NONE,Immateriella anläggningstillgångar
7200,1083,NONE,Immateriella anläggningstillgångar
7200,1084,NONE,Immateriella anläggningstillgångar
7200,1085,NONE,Immateriella anläggningstillgångar
7200,1086,NONE,Immateriella anläggningstillgångar
7200,1087,NONE,Immateriella anläggningstillgångar
7200,1088,NONE,Immateriella anläggningstillgångar
7200,1089,NONE,Immateriella anläggningstillgångar
7200,1090,NONE,Immateriella anläggningstillgångar
7200,1091,NONE,Immateriella anläggningstillgångar
7200,1092,NONE,Immateriella anläggningstillgångar
7200,1093,NONE,Immateriella anläggningstillgångar
7200,1094,NONE,Immateriella anläggningstillgångar
7200,1095,NONE,Immateriella anläggningstillgångar
7200,1096,NONE,Immateriella anläggningstillgångar
7200,1097,NONE,Immateriella anläggningstillgångar
7200,1098,NONE,Immateriella anläggningstillgångar
7200,1099,NONE,Immateriella anläggningstillgångar
7210,1100,NONE,Byggnader och markanläggningar
7210,1101,NONE,Byggnader och markanläggningar
7210,1102,NONE,Byggnader och markanläggningar
7210,1103,NONE,Byggnader och markanläggningar
7210,1104,NONE,Byggnader och markanläggningar
7210,1105,NONE,Byggnader och markanläggningar
7210,1106,NONE,Byggnader och markanläggningar
7210,1107,NONE,Byggnader och markanläggningar
7210,1108,NONE,Byggnader och markanläggningar
7210,1109,NONE,Byggnader och markanläggningar
7210,1110,NONE,Byggnader och markanläggningar
7210,1111,NONE,Byggnader och markanläggningar
7210,1112,NONE,Byggnader och markanläggningar
7210,1113,NONE,Byggnader och markanläggningar
7210,1114,NONE,Byggnader och markanläggningar
7210,1115,NONE,Byggnader och markanläggningar
7210,1116,NONE,Byggnader och markanläggningar
7210,1117,NONE,Byggnader och markanläggningar
7210,1118,NONE,Byggnader och markanläggningar
7210,1119,NONE,Byggnader och markanläggningar
7210,1120,NONE,Byggnader och markanläggningar
7210,1121,NONE,Byggnader och markanläggningar
7210,1122,NONE,Byggnader och markanläggningar
7210,1123,NONE,Byggnader och markanläggningar
7210,1124,NONE,Byggnader och markanläggningar
7210,1125,NONE,Byggnader och markanläggningar
7210,1126,NONE,Byggnader och markanläggningar
7210,1127,NONE,Byggnader och markanläggningar
7210,1128,NONE,Byggnader och markanläggningar
7210,1129,NONE,Byggnader och markanläggningar
7211,1130,NONE,Mark och andra tillgångar som inte får skrivas av
7211,1131,NONE,Mark och andra tillgångar som inte får skrivas av
7211,1132,NONE,Mark och andra tillgångar som inte får skrivas av
7211,1133,NONE,Mark och andra tillgångar som inte får skrivas av
7211,1134,NONE,Mark och andra tillgångar som inte får skrivas av
7211,1135,NONE,Mark och andra tillgångar som inte får skrivas av
7211,1136,NONE,Mark och andra tillgångar som inte får skrivas av
7211,1137,NONE,Mark och andra tillgångar som inte får skrivas av
7211,1138,NONE,Mark och andra tillgångar som inte får skrivas av
7211,1139,NONE,Mark och andra tillgångar som inte får skrivas av
7211,1140,NONE,Mark och andra tillgångar som inte får skrivas av
7211,1141,NONE,Mark och andra tillgångar som inte får skrivas av
7211,1142,NONE,Mark och andra tillgångar som inte får skrivas av
7211,1143,NONE,Mark och andra tillgångar som inte får skrivas av
7211,1144,NONE,Mark och andra tillgångar som inte får skrivas av
7211,1145,NONE,Mark och andra tillgångar som inte får skrivas av
7211,1146,NONE,Mark och andra tillgångar som inte får skrivas av
7211,1147,NONE,Mark och andra tillgångar som inte får skrivas av
7211,1148,NONE,Mark och andra tillgångar som inte får skrivas av
7211,1149,NONE,Mark och andra tillgångar som inte får skrivas av
7210,1150,NONE,Byggnader och markanläggningar
7210,1151,NONE,Byggnader och markanläggningar
7210,1152,NONE,Byggnader och markanläggningar
7210,1153,NONE,Byggnader och markanläggningar
7210,1154,NONE,Byggnader och markanläggningar
7210,1155,NONE,Byggnader och markanläggningar
7210,1156,NONE,Byggnader och markanläggningar
7210,1157,NONE,Byggnader och markanläggningar
7210,1158,NONE,Byggnader och markanläggningar
7210,1159,NONE,Byggnader och markanläggningar
7210,1160,NONE,Byggnader och markanläggningar
7210,1161,NONE,Byggnader och markanläggningar
7210,1162,NONE,Byggnader och markanläggningar
7210,1163,NONE,Byggnader och markanläggningar
7210,1164,NONE,Byggnader och markanläggningar
7210,1165,NONE,Byggnader och markanläggningar
7210,1166,NONE,Byggnader och markanläggningar
7210,1167,NONE,Byggnader och markanläggningar
7210,1168,NONE,Byggnader och markanläggningar
7210,1169,NONE,Byggnader och markanläggningar
7210,1170,NONE,Byggnader och markanläggningar
7210,1171,NONE,Byggnader och markanläggningar
7210,1172,NONE,Byggnader och markanläggningar
7210,1173,NONE,Byggnader och markanläggningar
7210,1174,NONE,Byggnader och markanläggningar
7210,1175,NONE,Byggnader och markanläggningar
7210,1176,NONE,Byggnader och markanläggningar
7210,1177,NONE,Byggnader och markanläggningar
7210,1178,NONE,Byggnader och markanläggningar
7210,1179,NONE,Byggnader och markanläggningar
7211,1180,NONE,Mark och andra tillgångar som inte får skrivas av
7211,1181,NONE,Mark och andra tillgångar som inte får skrivas av
7211,1182,NONE,Mark och andra tillgångar som inte får skrivas av
7211,1183,NONE,Mark och andra tillgångar som inte får skrivas av
7211,1184,NONE,Mark och andra tillgångar som inte får skrivas av
7211,1185,NONE,Mark och andra tillgångar som inte får skrivas av
7211,1186,NONE,Mark och andra tillgångar som inte får skrivas av
7211,1187,NONE,Mark och andra tillgångar som inte får skrivas av
7211,1188,NONE,Mark och andra tillgångar som inte får skrivas av
7211,1189,NONE,Mark och andra tillgångar som inte får skrivas av
7210,1190,NONE,Byggnader och markanläggningar
7210,1191,NONE,Byggnader och markanläggningar
7210,1192,NONE,Byggnader och markanläggningar
7210,1193,NONE,Byggnader och markanläggningar
7210,1194,NONE,Byggnader och markanläggningar
7210,1195,NONE,Byggnader och markanläggningar
7210,1196,NONE,Byggnader och markanläggningar
7210,1197,NONE,Byggnader och markanläggningar
7210,1198,NONE,Byggnader och markanläggningar
7210,1199,NONE,Byggnader och markanläggningar
7212,1200,NONE,Maskiner och inventarier
7212,1201,NONE,Maskiner och inventarier
7212,1202,NONE,Maskiner och inventarier
7212,1203,NONE,Maskiner och inventarier
7212,1204,NONE,Maskiner och inventarier
7212,1205,NONE,Maskiner och inventarier
7212,1206,NONE,Maskiner och inventarier
7212,1207,NONE,Maskiner och inventarier
7212,1208,NONE,Maskiner och inventarier
7212,1209,NONE,Maskiner och inventarier
7212,1210,NONE,Maskiner och inventarier
7212,1211,NONE,Maskiner och inventarier
7212,1212,NONE,Maskiner och inventarier
7212,1213,NONE,Maskiner och inventarier
7212,1214,NONE,Maskiner och inventarier
7212,1215,NONE,Maskiner och inventarier
7212,1216,NONE,Maskiner och inventarier
7212,1217,NONE,Maskiner och inventarier
7212,1218,NONE,Maskiner och inventarier
7212,1219,NONE,Maskiner och inventarier
7212,1220,NONE,Maskiner och inventarier
7212,1221,NONE,Maskiner och inventarier
7212,1222,NONE,Maskiner och inventarier
7212,1223,NONE,Maskiner och inventarier
7212,1224,NONE,Maskiner och inventarier
7212,1225,NONE,Maskiner och inventarier
7212,1226,NONE,Maskiner och inventarier
7212,1227,NONE,Maskiner och inventarier
7212,1228,NONE,Maskiner och inventarier
7212,1229,NONE,Maskiner och inventarier
7212,1230,NONE,Maskiner och inventarier
7212,1231,NONE,Maskiner och inventarier
7212,1232,NONE,Maskiner och inventarier
7212,1233,NONE,Maskiner och inventarier
7212,1234,NONE,Maskiner och inventarier
7212,1235,NONE,Maskiner och inventarier
7212,1236,NONE,Maskiner och inventarier
7212,1237,NONE,Maskiner och inventarier
7212,1238,NONE,Maskiner och inventarier
7212,1239,NONE,Maskiner och inventarier
7212,1240,NONE,Maskiner och inventarier
7212,1241,NONE,Maskiner och inventarier
7212,1242,NONE,Maskiner och inventarier
7212,1243,NONE,Maskiner och inventarier
7212,1244,NONE,Maskiner och inventarier
7212,1245,NONE,Maskiner och inventarier
7212,1246,NONE,Maskiner och inventarier
7212,1247,NONE,Maskiner och inventarier
7212,1248,NONE,Maskiner och inventarier
7212,1249,NONE,Maskiner och inventarier
7212,1250,NONE,Maskiner och inventarier
7212,1251,NONE,Maskiner och inventarier
7212,1252,NONE,Maskiner och inventarier
7212,1253,NONE,Maskiner och inventarier
7212,1254,NONE,Maskiner och inventarier
7212,1255,NONE,Maskiner och inventarier
7212,1256,NONE,Maskiner och inventarier
7212,1257,NONE,Maskiner och inventarier
7212,1258,NONE,Maskiner och inventarier
7212,1259,NONE,Maskiner och inventarier
7212,1260,NONE,Maskiner och inventarier
7212,1261,NONE,Maskiner och inventarier
7212,1262,NONE,Maskiner och inventarier
7212,1263,NONE,Maskiner och inventarier
7212,1264,NONE,Maskiner och inventarier
7212,1265,NONE,Maskiner och inventarier
7212,1266,NONE,Maskiner och inventarier
7212,1267,NONE,Maskiner och inventarier
7212,1268,NONE,Maskiner och inventarier
7212,1269,NONE,Maskiner och inventarier
7212,1270,NONE,Maskiner och inventarier
7212,1271,NONE,Maskiner och inventarier
7212,1272,NONE,Maskiner och inventarier
7212,1273,NONE,Maskiner och inventarier
7212,1274,NONE,Maskiner och inventarier
7212,1275,NONE,Maskiner och inventarier
7212,1276,NONE,Maskiner och inventarier
7212,1277,NONE,Maskiner och inventarier
7212,1278,NONE,Maskiner och inventarier
7212,1279,NONE,Maskiner och inventarier
7212,1280,NONE,Maskiner och inventarier
7212,1281,NONE,Maskiner och inventarier
7212,1282,NONE,Maskiner och inventarier
7212,1283,NONE,Maskiner och inventarier
7212,1284,NONE,Maskiner och inventarier
7212,1285,NONE,Maskiner och inventarier
7212,1286,NONE,Maskiner och inventarier
7212,1287,NONE,Maskiner och inventarier
7212,1288,NONE,Maskiner och inventarier
7212,1289,NONE,Maskiner och inventarier
7212,1290,NONE,Maskiner och inventarier
7211,1291,NONE,Mark och andra tillgångar som inte får skrivas av
7212,1292,NONE,Maskiner och inventarier
7212,1293,NONE,Maskiner och inventarier
7212,1294,NONE,Maskiner och inventarier
7212,1295,NONE,Maskiner och inventarier
7212,1296,NONE,Maskiner och inventarier
7212,1297,NONE,Maskiner och inventarier
7212,1298,NONE,Maskiner och inventarier
7212,1299,NONE,Maskiner och inventarier
7213,1300,NONE,Övriga anläggningstillgångar
7213,1301,NONE,Övriga anläggningstillgångar
7213,1302,NONE,Övriga anläggningstillgångar
7213,1303,NONE,Övriga anläggningstillgångar
7213,1304,NONE,Övriga anläggningstillgångar
7213,1305,NONE,Övriga anläggningstillgångar
7213,1306,NONE,Övriga anläggningstillgångar
7213,1307,NONE,Övriga anläggningstillgångar
7213,1308,NONE,Övriga anläggningstillgångar
7213,1309,NONE,Övriga anläggningstillgångar
7213,1310,NONE,Övriga anläggningstillgångar
7213,1311,NONE,Övriga anläggningstillgångar
7213,1312,NONE,Övriga anläggningstillgångar
7213,1313,NONE,Övriga anläggningstillgångar
7213,1314,NONE,Övriga anläggningstillgångar
7213,1315,NONE,Övriga anläggningstillgångar
7213,1316,NONE,Övriga anläggningstillgångar
7213,1317,NONE,Övriga anläggningstillgångar
7213,1318,NONE,Övriga anläggningstillgångar
7213,1319,NONE,Övriga anläggningstillgångar
7213,1320,NONE,Övriga anläggningstillgångar
7213,1321,NONE,Övriga anläggningstillgångar
7213,1322,NONE,Övriga anläggningstillgångar
7213,1323,NONE,Övriga anläggningstillgångar
7213,1324,NONE,Övriga anläggningstillgångar
7213,1325,NONE,Övriga anläggningstillgångar
7213,1326,NONE,Övriga anläggningstillgångar
7213,1327,NONE,Övriga anläggningstillgångar
7213,1328,NONE,Övriga anläggningstillgångar
7213,1329,NONE,Övriga anläggningstillgångar
7213,1330,NONE,Övriga anläggningstillgångar
7213,1331,NONE,Övriga anläggningstillgångar
7213,1332,NONE,Övriga anläggningstillgångar
7213,1333,NONE,Övriga anläggningstillgångar
7213,1334,NONE,Övriga anläggningstillgångar
7213,1335,NONE,Övriga anläggningstillgångar
7213,1336,NONE,Övriga anläggningstillgångar
7213,1337,NONE,Övriga anläggningstillgångar
7213,1338,NONE,Övriga anläggningstillgångar
7213,1339,NONE,Övriga anläggningstillgångar
7213,1340,NONE,Övriga anläggningstillgångar
7213,1341,NONE,Övriga anläggningstillgångar
7213,1342,NONE,Övriga anläggningstillgångar
7213,1343,NONE,Övriga anläggningstillgångar
7213,1344,NONE,Övriga anläggningstillgångar
7213,1345,NONE,Övriga anläggningstillgångar
7213,1346,NONE,Övriga anläggningstillgångar
7213,1347,NONE,Övriga anläggningstillgångar
7213,1348,NONE,Övriga anläggningstillgångar
7213,1349,NONE,Övriga anläggningstillgångar
7213,1350,NONE,Övriga anläggningstillgångar
7213,1351,NONE,Övriga anläggningstillgångar
7213,1352,NONE,Övriga anläggningstillgångar
7213,1353,NONE,Övriga anläggningstillgångar
7213,1354,NONE,Övriga anläggningstillgångar
7213,1355,NONE,Övriga anläggningstillgångar
7213,1356,NONE,Övriga anläggningstillgångar
7213,1357,NONE,Övriga anläggningstillgångar
7213,1358,NONE,Övriga anläggningstillgångar
7213,1359,NONE,Övriga anläggningstillgångar
7213,1360,NONE,Övriga anläggningstillgångar
7213,1361,NONE,Övriga anläggningstillgångar
7213,1362,NONE,Övriga anläggningstillgångar
7213,1363,NONE,Övriga anläggningstillgångar
7213,1364,NONE,Övriga anläggningstillgångar
7213,1365,NONE,Övriga anläggningstillgångar
7213,1366,NONE,Övriga anläggningstillgångar
7213,1367,NONE,Övriga anläggningstillgångar
7213,1368,NONE,Övriga anläggningstillgångar
7213,1369,NONE,Övriga anläggningstillgångar
7213,1370,NONE,Övriga anläggningstillgångar
7213,1371,NONE,Övriga anläggningstillgångar
7213,1372,NONE,Övriga anläggningstillgångar
7213,1373,NONE,Övriga anläggningstillgångar
7213,1374,NONE,Övriga anläggningstillgångar
7213,1375,NONE,Övriga anläggningstillgångar
7213,1376,NONE,Övriga anläggningstillgångar
7213,1377,NONE,Övriga anläggningstillgångar
7213,1378,NONE,Övriga anläggningstillgångar
7213,1379,NONE,Övriga anläggningstillgångar
7213,1380,NONE,Övriga anläggningstillgångar
7213,1381,NONE,Övriga anläggningstillgångar
7213,1382,NONE,Övriga anläggningstillgångar
7213,1383,NONE,Övriga anläggningstillgångar
7213,1384,NONE,Övriga anläggningstillgångar
7213,1385,NONE,Övriga anläggningstillgångar
7213,1386,NONE,Övriga anläggningstillgångar
7213,1387,NONE,Övriga anläggningstillgångar
7213,1388,NONE,Övriga anläggningstillgångar
7213,1389,NONE,Övriga anläggningstillgångar
7213,1390,NONE,Övriga anläggningstillgångar
7213,1391,NONE,Övriga anläggningstillgångar
7213,1392,NONE,Övriga anläggningstillgångar
7213,1393,NONE,Övriga anläggningstillgångar
7213,1394,NONE,Övriga anläggningstillgångar
7213,1395,NONE,Övriga anläggningstillgångar
7213,1396,NONE,Övriga anläggningstillgångar
7213,1397,NONE,Övriga anläggningstillgångar
7213,1398,NONE,Övriga anläggningstillgångar
7213,1399,NONE,Övriga anläggningstillgångar
7240,1400,NONE,Varulager
7240,1401,NONE,Varulager
7240,1402,NONE,Varulager
7240,1403,NONE,Varulager
7240,1404,NONE,Varulager
7240,1405,NONE,Varulager
7240,1406,NONE,Varulager
7240,1407,NONE,Varulager
7240,1408,NONE,Varulager
7240,1409,NONE,Varulager
7240,1410,NONE,Varulager
7240,1411,NONE,Varulager
7240,1412,NONE,Varulager
7240,1413,NONE,Varulager
7240,1414,NONE,Varulager
7240,1415,NONE,Varulager
7240,1416,NONE,Varulager
7240,1417,NONE,Varulager
7240,1418,NONE,Varulager
7240,1419,NONE,Varulager
7240,1420,NONE,Varulager
7240,1421,NONE,Varulager
7240,1422,NONE,Varulager
7240,1423,NONE,Varulager
7240,1424,NONE,Varulager
7240,1425,NONE,Varulager
7240,1426,NONE,Varulager
7240,1427,NONE,Varulager
7240,1428,NONE,Varulager
7240,1429,NONE,Varulager
7240,1430,NONE,Varulager
7240,1431,NONE,Varulager
7240,1432,NONE,Varulager
7240,1433,NONE,Varulager
7240,1434,NONE,Varulager
7240,1435,NONE,Varulager
7240,1436,NONE,Varulager
7240,1437,NONE,Varulager
7240,1438,NONE,Varulager
7240,1439,NONE,Varulager
7240,1440,NONE,Varulager
7240,1441,NONE,Varulager
7240,1442,NONE,Varulager
7240,1443,NONE,Varulager
7240,1444,NONE,Varulager
7240,1445,NONE,Varulager
7240,1446,NONE,Varulager
7240,1447,NONE,Varulager
7240,1448,NONE,Varulager
7240,1449,NONE,Varulager
7240,1450,NONE,Varulager
7240,1451,NONE,Varulager
7240,1452,NONE,Varulager
7240,1453,NONE,Varulager
7240,1454,NONE,Varulager
7240,1455,NONE,Varulager
7240,1456,NONE,Varulager
7240,1457,NONE,Varulager
7240,1458,NONE,Varulager
7240,1459,NONE,Varulager
7240,1460,NONE,Varulager
7240,1461,NONE,Varulager
7240,1462,NONE,Varulager
7240,1463,NONE,Varulager
7240,1464,NONE,Varulager
7240,1465,NONE,Varulager
7240,1466,NONE,Varulager
7240,1467,NONE,Varulager
7240,1468,NONE,Varulager
7240,1469,NONE,Varulager
7240,1470,NONE,Varulager
7240,1471,NONE,Varulager
7240,1472,NONE,Varulager
7240,1473,NONE,Varulager
7240,1474,NONE,Varulager
7240,1475,NONE,Varulager
7240,1476,NONE,Varulager
7240,1477,NONE,Varulager
7240,1478,NONE,Varulager
7240,1479,NONE,Varulager
7240,1480,NONE,Varulager
7240,1481,NONE,Varulager
7240,1482,NONE,Varulager
7240,1483,NONE,Varulager
7240,1484,NONE,Varulager
7240,1485,NONE,Varulager
7240,1486,NONE,Varulager
7240,1487,NONE,Varulager
7240,1488,NONE,Varulager
7240,1489,NONE,Varulager
7240,1490,NONE,Varulager
7240,1491,NONE,Varulager
7240,1492,NONE,Varulager
7240,1493,NONE,Varulager
7240,1494,NONE,Varulager
7240,1495,NONE,Varulager
7240,1496,NONE,Varulager
7240,1497,NONE,Varulager
7240,1498,NONE,Varulager
7240,1499,NONE,Varulager
7250,1500,NONE,Kundfordringar
7250,1501,NONE,Kundfordringar
7250,1502,NONE,Kundfordringar
7250,1503,NONE,Kundfordringar
7250,1504,NONE,Kundfordringar
7250,1505,NONE,Kundfordringar
7250,1506,NONE,Kundfordringar
7250,1507,NONE,Kundfordringar
7250,1508,NONE,Kundfordringar
7250,1509,NONE,Kundfordringar
7250,1510,NONE,Kundfordringar
7250,1511,NONE,Kundfordringar
7250,1512,NONE,Kundfordringar
7250,1513,NONE,Kundfordringar
7250,1514,NONE,Kundfordringar
7250,1515,NONE,Kundfordringar
7250,1516,NONE,Kundfordringar
7250,1517,NONE,Kundfordringar
7250,1518,NONE,Kundfordringar
7250,1519,NONE,Kundfordringar
7250,1520,NONE,Kundfordringar
7250,1521,NONE,Kundfordringar
7250,1522,NONE,Kundfordringar
7250,1523,NONE,Kundfordringar
7250,1524,NONE,Kundfordringar
7250,1525,NONE,Kundfordringar
7250,1526,NONE,Kundfordringar
7250,1527,NONE,Kundfordringar
7250,1528,NONE,Kundfordringar
7250,1529,NONE,Kundfordringar
7250,1530,NONE,Kundfordringar
7250,1531,NONE,Kundfordringar
7250,1532,NONE,Kundfordringar
7250,1533,NONE,Kundfordringar
7250,1534,NONE,Kundfordringar
7250,1535,NONE,Kundfordringar
7250,1536,NONE,Kundfordringar
7250,1537,NONE,Kundfordringar
7250,1538,NONE,Kundfordringar
7250,1539,NONE,Kundfordringar
7250,1540,NONE,Kundfordringar
7250,1541,NONE,Kundfordringar
7250,1542,NONE,Kundfordringar
7250,1543,NONE,Kundfordringar
7250,1544,NONE,Kundfordringar
7250,1545,NONE,Kundfordringar
7250,1546,NONE,Kundfordringar
7250,1547,NONE,Kundfordringar
7250,1548,NONE,Kundfordringar
7250,1549,NONE,Kundfordringar
7250,1550,NONE,Kundfordringar
7250,1551,NONE,Kundfordringar
7250,1552,NONE,Kundfordringar
7250,1553,NONE,Kundfordringar
7250,1554,NONE,Kundfordringar
7250,1555,NONE,Kundfordringar
7250,1556,NONE,Kundfordringar
7250,1557,NONE,Kundfordringar
7250,1558,NONE,Kundfordringar
7250,1559,NONE,Kundfordringar
7250,1560,NONE,Kundfordringar
7250,1561,NONE,Kundfordringar
7250,1562,NONE,Kundfordringar
7250,1563,NONE,Kundfordringar
7250,1564,NONE,Kundfordringar
7250,1565,NONE,Kundfordringar
7250,1566,NONE,Kundfordringar
7250,1567,NONE,Kundfordringar
7250,1568,NONE,Kundfordringar
7250,1569,NONE,Kundfordringar
7250,1570,NONE,Kundfordringar
7250,1571,NONE,Kundfordringar
7250,1572,NONE,Kundfordringar
7250,1573,NONE,Kundfordringar
7250,1574,NONE,Kundfordringar
7250,1575,NONE,Kundfordringar
7250,1576,NONE,Kundfordringar
7250,1577,NONE,Kundfordringar
7250,1578,NONE,Kundfordringar
7250,1579,NONE,Kundfordringar
7250,1580,NONE,Kundfordringar
7250,1581,NONE,Kundfordringar
7250,1582,NONE,Kundfordringar
7250,1583,NONE,Kundfordringar
7250,1584,NONE,Kundfordringar
7250,1585,NONE,Kundfordringar
7250,1586,NONE,Kundfordringar
7250,1587,NONE,Kundfordringar
7250,1588,NONE,Kundfordringar
7250,1589,NONE,Kundfordringar
7250,1590,NONE,Kundfordringar
7250,1591,NONE,Kundfordringar
7250,1592,NONE,Kundfordringar
7250,1593,NONE,Kundfordringar
7250,1594,NONE,Kundfordringar
7250,1595,NONE,Kundfordringar
7250,1596,NONE,Kundfordringar
7250,1597,NONE,Kundfordringar
7250,1598,NONE,Kundfordringar
7250,1599,NONE,Kundfordringar
7260,1600,NONE,Övriga fordringar
7260,1601,NONE,Övriga fordringar
7260,1602,NONE,Övriga fordringar
7260,1603,NONE,Övriga fordringar
7260,1604,NONE,Övriga fordringar
7260,1605,NONE,Övriga fordringar
7260,1606,NONE,Övriga fordringar
7260,1607,NONE,Övriga fordringar
7260,1608,NONE,Övriga fordringar
7260,1609,NONE,Övriga fordringar
7260,1610,NONE,Övriga fordringar
7260,1611,NONE,Övriga fordringar
7260,1612,NONE,Övriga fordringar
7260,1613,NONE,Övriga fordringar
7260,1614,NONE,Övriga fordringar
7260,1615,NONE,Övriga fordringar
7260,1616,NONE,Övriga fordringar
7260,1617,NONE,Övriga fordringar
7260,1618,NONE,Övriga fordringar
7260,1619,NONE,Övriga fordringar
7260,1620,NONE,Övriga fordringar
7260,1621,NONE,Övriga fordringar
7260,1622,NONE,Övriga fordringar
7260,1623,NONE,Övriga fordringar
7260,1624,NONE,Övriga fordringar
7260,1625,NONE,Övriga fordringar
7260,1626,NONE,Övriga fordringar
7260,1627,NONE,Övriga fordringar
7260,1628,NONE,Övriga fordringar
7260,1629,NONE,Övriga fordringar
7260,1630,NONE,Övriga fordringar
7260,1631,NONE,Övriga fordringar
7260,1632,NONE,Övriga fordringar
7260,1633,NONE,Övriga fordringar
7260,1634,NONE,Övriga fordringar
7260,1635,NONE,Övriga fordringar
7260,1636,NONE,Övriga fordringar
7260,1637,NONE,Övriga fordringar
7260,1638,NONE,Övriga fordringar
7260,1639,NONE,Övriga fordringar
7260,1640,NONE,Övriga fordringar
7260,1641,NONE,Övriga fordringar
7260,1642,NONE,Övriga fordringar
7260,1643,NONE,Övriga fordringar
7260,1644,NONE,Övriga fordringar
7260,1645,NONE,Övriga fordringar
7260,1646,NONE,Övriga fordringar
7260,1647,NONE,Övriga fordringar
7260,1648,NONE,Övriga fordringar
7260,1649,NONE,Övriga fordringar
7260,1650,NONE,Övriga fordringar
7260,1651,NONE,Övriga fordringar
7260,1652,NONE,Övriga fordringar
7260,1653,NONE,Övriga fordringar
7260,1654,NONE,Övriga fordringar
7260,1655,NONE,Övriga fordringar
7260,1656,NONE,Övriga fordringar
7260,1657,NONE,Övriga fordringar
7260,1658,NONE,Övriga fordringar
7260,1659,NONE,Övriga fordringar
7260,1660,NONE,Övriga fordringar
7260,1661,NONE,Övriga fordringar
7260,1662,NONE,Övriga fordringar
7260,1663,NONE,Övriga fordringar
7260,1664,NONE,Övriga fordringar
7260,1665,NONE,Övriga fordringar
7260,1666,NONE,Övriga fordringar
7260,1667,NONE,Övriga fordringar
7260,1668,NONE,Övriga fordringar
7260,1669,NONE,Övriga fordringar
7260,1670,NONE,Övriga fordringar
7260,1671,NONE,Övriga fordringar
7260,1672,NONE,Övriga fordringar
7260,1673,NONE,Övriga fordringar
7260,1674,NONE,Övriga fordringar
7260,1675,NONE,Övriga fordringar
7260,1676,NONE,Övriga fordringar
7260,1677,NONE,Övriga fordringar
7260,1678,NONE,Övriga fordringar
7260,1679,NONE,Övriga fordringar
7260,1680,NONE,Övriga fordringar
7260,1681,NONE,Övriga fordringar
7260,1682,NONE,Övriga fordringar
7260,1683,NONE,Övriga fordringar
7260,1684,NONE,Övriga fordringar
7260,1685,NONE,Övriga fordringar
7260,1686,NONE,Övriga fordringar
7260,1687,NONE,Övriga fordringar
7260,1688,NONE,Övriga fordringar
7260,1689,NONE,Övriga fordringar
7260,1690,NONE,Övriga fordringar
7260,1691,NONE,Övriga fordringar
7260,1692,NONE,Övriga fordringar
7260,1693,NONE,Övriga fordringar
7260,1694,NONE,Övriga fordringar
7260,1695,NONE,Övriga fordringar
7260,1696,NONE,Övriga fordringar
7260,1697,NONE,Övriga fordringar
7260,1698,NONE,Övriga fordringar
7260,1699,NONE,Övriga fordringar
7260,1700,NONE,Övriga fordringar
7260,1701,NONE,Övriga fordringar
7260,1702,NONE,Övriga fordringar
7260,1703,NONE,Övriga fordringar
7260,1704,NONE,Övriga fordringar
7260,1705,NONE,Övriga fordringar
7260,1706,NONE,Övriga fordringar
7260,1707,NONE,Övriga fordringar
7260,1708,NONE,Övriga fordringar
7260,1709,NONE,Övriga fordringar
7260,1710,NONE,Övriga fordringar
7260,1711,NONE,Övriga fordringar
7260,1712,NONE,Övriga fordringar
7260,1713,NONE,Övriga fordringar
7260,1714,NONE,Övriga fordringar
7260,1715,NONE,Övriga fordringar
7260,1716,NONE,Övriga fordringar
7260,1717,NONE,Övriga fordringar
7260,1718,NONE,Övriga fordringar
7260,1719,NONE,Övriga fordringar
7260,1720,NONE,Övriga fordringar
7260,1721,NONE,Övriga fordringar
7260,1722,NONE,Övriga fordringar
7260,1723,NONE,Övriga fordringar
7260,1724,NONE,Övriga fordringar
7260,1725,NONE,Övriga fordringar
7260,1726,NONE,Övriga fordringar
7260,1727,NONE,Övriga fordringar
7260,1728,NONE,Övriga fordringar
7260,1729,NONE,Övriga fordringar
7260,1730,NONE,Övriga fordringar
7260,1731,NONE,Övriga fordringar
7260,1732,NONE,Övriga fordringar
7260,1733,NONE,Övriga fordringar
7260,1734,NONE,Övriga fordringar
7260,1735,NONE,Övriga fordringar
7260,1736,NONE,Övriga fordringar
7260,1737,NONE,Övriga fordringar
7260,1738,NONE,Övriga fordringar
7260,1739,NONE,Övriga fordringar
7260,1740,NONE,Övriga fordringar
7260,1741,NONE,Övriga fordringar
7260,1742,NONE,Övriga fordringar
7260,1743,NONE,Övriga fordringar
7260,1744,NONE,Övriga fordringar
7260,1745,NONE,Övriga fordringar
7260,1746,NONE,Övriga fordringar
7260,1747,NONE,Övriga fordringar
7260,1748,NONE,Övriga fordringar
7260,1749,NONE,Övriga fordringar
7260,1750,NONE,Övriga fordringar
7260,1751,NONE,Övriga fordringar
7260,1752,NONE,Övriga fordringar
7260,1753,NONE,Övriga fordringar
7260,1754,NONE,Övriga fordringar
7260,1755,NONE,Övriga fordringar
7260,1756,NONE,Övriga fordringar
7260,1757,NONE,Övriga fordringar
7260,1758,NONE,Övriga fordringar
7260,1759,NONE,Övriga fordringar
7260,1760,NONE,Övriga fordringar
7260,1761,NONE,Övriga fordringar
7260,1762,NONE,Övriga fordringar
7260,1763,NONE,Övriga fordringar
7260,1764,NONE,Övriga fordringar
7260,1765,NONE,Övriga fordringar
7260,1766,NONE,Övriga fordringar
7260,1767,NONE,Övriga fordringar
7260,1768,NONE,Övriga fordringar
7260,1769,NONE,Övriga fordringar
7260,1770,NONE,Övriga fordringar
7260,1771,NONE,Övriga fordringar
7260,1772,NONE,Övriga fordringar
7260,1773,NONE,Övriga fordringar
7260,1774,NONE,Övriga fordringar
7260,1775,NONE,Övriga fordringar
7260,1776,NONE,Övriga fordringar
7260,1777,NONE,Övriga fordringar
7260,1778,NONE,Övriga fordringar
7260,1779,NONE,Övriga fordringar
7260,1780,NONE,Övriga fordringar
7260,1781,NONE,Övriga fordringar
7260,1782,NONE,Övriga fordringar
7260,1783,NONE,Övriga fordringar
7260,1784,NONE,Övriga fordringar
7260,1785,NONE,Övriga fordringar
7260,1786,NONE,Övriga fordringar
7260,1787,NONE,Övriga fordringar
7260,1788,NONE,Övriga fordringar
7260,1789,NONE,Övriga fordringar
7260,1790,NONE,Övriga fordringar
7260,1791,NONE,Övriga fordringar
7260,1792,NONE,Övriga fordringar
7260,1793,NONE,Övriga fordringar
7260,1794,NONE,Övriga fordringar
7260,1795,NONE,Övriga fordringar
7260,1796,NONE,Övriga fordringar
7260,1797,NONE,Övriga fordringar
7260,1798,NONE,Övriga fordringar
7260,1799,NONE,Övriga fordringar
7260,1800,NONE,Övriga fordringar
7260,1801,NONE,Övriga fordringar
7260,1802,NONE,Övriga fordringar
7260,1803,NONE,Övriga fordringar
7260,1804,NONE,Övriga fordringar
7260,1805,NONE,Övriga fordringar
7260,1806,NONE,Övriga fordringar
7260,1807,NONE,Övriga fordringar
7260,1808,NONE,Övriga fordringar
7260,1809,NONE,Övriga fordringar
7260,1810,NONE,Övriga fordringar
7260,1811,NONE,Övriga fordringar
7260,1812,NONE,Övriga fordringar
7260,1813,NONE,Övriga fordringar
7260,1814,NONE,Övriga fordringar
7260,1815,NONE,Övriga fordringar
7260,1816,NONE,Övriga fordringar
7260,1817,NONE,Övriga fordringar
7260,1818,NONE,Övriga fordringar
7260,1819,NONE,Övriga fordringar
7260,1820,NONE,Övriga fordringar
7260,1821,NONE,Övriga fordringar
7260,1822,NONE,Övriga fordringar
7260,1823,NONE,Övriga fordringar
7260,1824,NONE,Övriga fordringar
7260,1825,NONE,Övriga fordringar
7260,1826,NONE,Övriga fordringar
7260,1827,NONE,Övriga fordringar
7260,1828,NONE,Övriga fordringar
7260,1829,NONE,Övriga fordringar
7260,1830,NONE,Övriga fordringar
7260,1831,NONE,Övriga fordringar
7260,1832,NONE,Övriga fordringar
7260,1833,NONE,Övriga fordringar
7260,1834,NONE,Övriga fordringar
7260,1835,NONE,Övriga fordringar
7260,1836,NONE,Övriga fordringar
7260,1837,NONE,Övriga fordringar
7260,1838,NONE,Övriga fordringar
7260,1839,NONE,Övriga fordringar
7260,1840,NONE,Övriga fordringar
7260,1841,NONE,Övriga fordringar
7260,1842,NONE,Övriga fordringar
7260,1843,NONE,Övriga fordringar
7260,1844,NONE,Övriga fordringar
7260,1845,NONE,Övriga fordringar
7260,1846,NONE,Övriga fordringar
7260,1847,NONE,Övriga fordringar
7260,1848,NONE,Övriga fordringar
7260,1849,NONE,Övriga fordringar
7260,1850,NONE,Övriga fordringar
7260,1851,NONE,Övriga fordringar
7260,1852,NONE,Övriga fordringar
7260,1853,NONE,Övriga fordringar
7260,1854,NONE,Övriga fordringar
7260,1855,NONE,Övriga fordringar
7260,1856,NONE,Övriga fordringar
7260,1857,NONE,Övriga fordringar
7260,1858,NONE,Övriga fordringar
7260,1859,NONE,Övriga fordringar
7260,1860,NONE,Övriga fordringar
7260,1861,NONE,Övriga fordringar
7260,1862,NONE,Övriga fordringar
7260,1863,NONE,Övriga fordringar
7260,1864,NONE,Övriga fordringar
7260,1865,NONE,Övriga fordringar
7260,1866,NONE,Övriga fordringar
7260,1867,NONE,Övriga fordringar
7260,1868,NONE,Övriga fordringar
7260,1869,NONE,Övriga fordringar
7260,1870,NONE,Övriga fordringar
7260,1871,NONE,Övriga fordringar
7260,1872,NONE,Övriga fordringar
7260,1873,NONE,Övriga fordringar
7260,1874,NONE,Övriga fordringar
7260,1875,NONE,Övriga fordringar
7260,1876,NONE,Övriga fordringar
7260,1877,NONE,Övriga fordringar
7260,1878,NONE,Övriga fordringar
7260,1879,NONE,Övriga fordringar
7260,1880,NONE,Övriga fordringar
7260,1881,NONE,Övriga fordringar
7260,1882,NONE,Övriga fordringar
7260,1883,NONE,Övriga fordringar
7260,1884,NONE,Övriga fordringar
7260,1885,NONE,Övriga fordringar
7260,1886,NONE,Övriga fordringar
7260,1887,NONE,Övriga fordringar
7260,1888,NONE,Övriga fordringar
7260,1889,NONE,Övriga fordringar
7260,1890,NONE,Övriga fordringar
7260,1891,NONE,Övriga fordringar
7260,1892,NONE,Övriga fordringar
7260,1893,NONE,Övriga fordringar
7260,1894,NONE,Övriga fordringar
7260,1895,NONE,Övriga fordringar
7260,1896,NONE,Övriga fordringar
7260,1897,NONE,Övriga fordringar
7260,1898,NONE,Övriga fordringar
7260,1899,NONE,Övriga fordringar
7280,1900,NONE,Kassa och bank
7280,1901,NONE,Kassa och bank
7280,1902,NONE,Kassa och bank
7280,1903,NONE,Kassa och bank
7280,1904,NONE,Kassa och bank
7280,1905,NONE,Kassa och bank
7280,1906,NONE,Kassa och bank
7280,1907,NONE,Kassa och bank
7280,1908,NONE,Kassa och bank
7280,1909,NONE,Kassa och bank
7280,1910,NONE,Kassa och bank
7280,1911,NONE,Kassa och bank
7280,1912,NONE,Kassa och bank
7280,1913,NONE,Kassa och bank
7280,1914,NONE,Kassa och bank
7280,1915,NONE,Kassa och bank
7280,1916,NONE,Kassa och bank
7280,1917,NONE,Kassa och bank
7280,1918,NONE,Kassa och bank
7280,1919,NONE,Kassa och bank
7280,1920,NONE,Kassa och bank
7280,1921,NONE,Kassa och bank
7280,1922,NONE,Kassa och bank
7280,1923,NONE,Kassa och bank
7280,1924,NONE,Kassa och bank
7280,1925,NONE,Kassa och bank
7280,1926,NONE,Kassa och bank
7280,1927,NONE,Kassa och bank
7280,1928,NONE,Kassa och bank
7280,1929,NONE,Kassa och bank
7280,1930,NONE,Kassa och bank
7280,1931,NONE,Kassa och bank
7280,1932,NONE,Kassa och bank
7280,1933,NONE,Kassa och bank
7280,1934,NONE,Kassa och bank
7280,1935,NONE,Kassa och bank
7280,1936,NONE,Kassa och bank
7280,1937,NONE,Kassa och bank
7280,1938,NONE,Kassa och bank
7280,1939,NONE,Kassa och bank
7280,1940,NONE,Kassa och bank
7280,1941,NONE,Kassa och bank
7280,1942,NONE,Kassa och bank
7280,1943,NONE,Kassa och bank
7280,1944,NONE,Kassa och bank
7280,1945,NONE,Kassa och bank
7280,1946,NONE,Kassa och bank
7280,1947,NONE,Kassa och bank
7280,1948,NONE,Kassa och bank
7280,1949,NONE,Kassa och bank
7280,1950,NONE,Kassa och bank
7280,1951,NONE,Kassa och bank
7280,1952,NONE,Kassa och bank
7280,1953,NONE,Kassa och bank
7280,1954,NONE,Kassa och bank
7280,1955,NONE,Kassa och bank
7280,1956,NONE,Kassa och bank
7280,1957,NONE,Kassa och bank
7280,1958,NONE,Kassa och bank
7280,1959,NONE,Kassa och bank
7280,1960,NONE,Kassa och bank
7280,1961,NONE,Kassa och bank
7280,1962,NONE,Kassa och bank
7280,1963,NONE,Kassa och bank
7280,1964,NONE,Kassa och bank
7280,1965,NONE,Kassa och bank
7280,1966,NONE,Kassa och bank
7280,1967,NONE,Kassa och bank
7280,1968,NONE,Kassa och bank
7280,1969,NONE,Kassa och bank
7280,1970,NONE,Kassa och bank
7280,1971,NONE,Kassa och bank
7280,1972,NONE,Kassa och bank
7280,1973,NONE,Kassa och bank
7280,1974,NONE,Kassa och bank
7280,1975,NONE,Kassa och bank
7280,1976,NONE,Kassa och bank
7280,1977,NONE,Kassa och bank
7280,1978,NONE,Kassa och bank
7280,1979,NONE,Kassa och bank
7280,1980,NONE,Kassa och bank
7280,1981,NONE,Kassa och bank
7280,1982,NONE,Kassa och bank
7280,1983,NONE,Kassa och bank
7280,1984,NONE,Kassa och bank
7280,1985,NONE,Kassa och bank
7280,1986,NONE,Kassa och bank
7280,1987,NONE,Kassa och bank
7280,1988,NONE,Kassa och bank
7280,1989,NONE,Kassa och bank
7280,1990,NONE,Kassa och bank
7280,1991,NONE,Kassa och bank
7280,1992,NONE,Kassa och bank
7280,1993,NONE,Kassa och bank
7280,1994,NONE,Kassa och bank
7280,1995,NONE,Kassa och bank
7280,1996,NONE,Kassa och bank
7280,1997,NONE,Kassa och bank
7280,1998,NONE,Kassa och bank
7280,1999,NONE,Kassa och bank
7300,2010,NONE,Eget kapital
7300,2011,NONE,Eget kapital
7300,2012,NONE,Eget kapital
7300,2013,NONE,Eget kapital
7300,2014,NONE,Eget kapital
7300,2015,NONE,Eget kapital
7300,2016,NONE,Eget kapital
7300,2017,NONE,Eget kapital
7300,2018,NONE,Eget kapital
7300,2019,NONE,Eget kapital
7300,2050,NONE,Eget kapital
7300,2051,NONE,Eget kapital
7300,2052,NONE,Eget kapital
7300,2053,NONE,Eget kapital
7300,2054,NONE,Eget kapital
7300,2055,NONE,Eget kapital
7300,2056,NONE,Eget kapital
7300,2057,NONE,Eget kapital
7300,2058,NONE,Eget kapital
7300,2059,NONE,Eget kapital
7320,2100,NONE,Obeskattade reserver
7320,2101,NONE,Obeskattade reserver
7320,2102,NONE,Obeskattade reserver
7320,2103,NONE,Obeskattade reserver
7320,2104,NONE,Obeskattade reserver
7320,2105,NONE,Obeskattade reserver
7320,2106,NONE,Obeskattade reserver
7320,2107,NONE,Obeskattade reserver
7320,2108,NONE,Obeskattade reserver
7320,2109,NONE,Obeskattade reserver
7320,2110,NONE,Obeskattade reserver
7320,2111,NONE,Obeskattade reserver
7320,2112,NONE,Obeskattade reserver
7320,2113,NONE,Obeskattade reserver
7320,2114,NONE,Obeskattade reserver
7320,2115,NONE,Obeskattade reserver
7320,2116,NONE,Obeskattade reserver
7320,2117,NONE,Obeskattade reserver
7320,2118,NONE,Obeskattade reserver
7320,2119,NONE,Obeskattade reserver
7320,2120,NONE,Obeskattade reserver
7320,2121,NONE,Obeskattade reserver
7320,2122,NONE,Obeskattade reserver
7320,2123,NONE,Obeskattade reserver
7320,2124,NONE,Obeskattade reserver
7320,2125,NONE,Obeskattade reserver
7320,2126,NONE,Obeskattade reserver
7320,2127,NONE,Obeskattade reserver
7320,2128,NONE,Obeskattade reserver
7320,2129,NONE,Obeskattade reserver
7320,2130,NONE,Obeskattade reserver
7320,2131,NONE,Obeskattade reserver
7320,2132,NONE,Obeskattade reserver
7320,2133,NONE,Obeskattade reserver
7320,2134,NONE,Obeskattade reserver
7320,2135,NONE,Obeskattade reserver
7320,2136,NONE,Obeskattade reserver
7320,2137,NONE,Obeskattade reserver
7320,2138,NONE,Obeskattade reserver
7320,2139,NONE,Obeskattade reserver
7320,2140,NONE,Obeskattade reserver
7320,2141,NONE,Obeskattade reserver
7320,2142,NONE,Obeskattade reserver
7320,2143,NONE,Obeskattade reserver
7320,2144,NONE,Obeskattade reserver
7320,2145,NONE,Obeskattade reserver
7320,2146,NONE,Obeskattade reserver
7320,2147,NONE,Obeskattade reserver
7320,2148,NONE,Obeskattade reserver
7320,2149,NONE,Obeskattade reserver
7320,2150,NONE,Obeskattade reserver
7320,2151,NONE,Obeskattade reserver
7320,2152,NONE,Obeskattade reserver
7320,2153,NONE,Obeskattade reserver
7320,2154,NONE,Obeskattade reserver
7320,2155,NONE,Obeskattade reserver
7320,2156,NONE,Obeskattade reserver
7320,2157,NONE,Obeskattade reserver
7320,2158,NONE,Obeskattade reserver
7320,2159,NONE,Obeskattade reserver
7320,2160,NONE,Obeskattade reserver
7320,2161,NONE,Obeskattade reserver
7320,2162,NONE,Obeskattade reserver
7320,2163,NONE,Obeskattade reserver
7320,2164,NONE,Obeskattade reserver
7320,2165,NONE,Obeskattade reserver
7320,2166,NONE,Obeskattade reserver
7320,2167,NONE,Obeskattade reserver
7320,2168,NONE,Obeskattade reserver
7320,2169,NONE,Obeskattade reserver
7320,2170,NONE,Obeskattade reserver
7320,2171,NONE,Obeskattade reserver
7320,2172,NONE,Obeskattade reserver
7320,2173,NONE,Obeskattade reserver
7320,2174,NONE,Obeskattade reserver
7320,2175,NONE,Obeskattade reserver
7320,2176,NONE,Obeskattade reserver
7320,2177,NONE,Obeskattade reserver
7320,2178,NONE,Obeskattade reserver
7320,2179,NONE,Obeskattade reserver
7320,2180,NONE,Obeskattade reserver
7320,2181,NONE,Obeskattade reserver
7320,2182,NONE,Obeskattade reserver
7320,2183,NONE,Obeskattade reserver
7320,2184,NONE,Obeskattade reserver
7320,2185,NONE,Obeskattade reserver
7320,2186,NONE,Obeskattade reserver
7320,2187,NONE,Obeskattade reserver
7320,2188,NONE,Obeskattade reserver
7320,2189,NONE,Obeskattade reserver
7320,2190,NONE,Obeskattade reserver
7320,2191,NONE,Obeskattade reserver
7320,2192,NONE,Obeskattade reserver
7320,2193,NONE,Obeskattade reserver
7320,2194,NONE,Obeskattade reserver
7320,2195,NONE,Obeskattade reserver
7320,2196,NONE,Obeskattade reserver
7320,2197,NONE,Obeskattade reserver
7320,2198,NONE,Obeskattade reserver
7320,2199,NONE,Obeskattade reserver
7330,2200,NONE,Avsättningar
7330,2201,NONE,Avsättningar
7330,2202,NONE,Avsättningar
7330,2203,NONE,Avsättningar
7330,2204,NONE,Avsättningar
7330,2205,NONE,Avsättningar
7330,2206,NONE,Avsättningar
7330,2207,NONE,Avsättningar
7330,2208,NONE,Avsättningar
7330,2209,NONE,Avsättningar
7330,2210,NONE,Avsättningar
7330,2211,NONE,Avsättningar
7330,2212,NONE,Avsättningar
7330,2213,NONE,Avsättningar
7330,2214,NONE,Avsättningar
7330,2215,NONE,Avsättningar
7330,2216,NONE,Avsättningar
7330,2217,NONE,Avsättningar
7330,2218,NONE,Avsättningar
7330,2219,NONE,Avsättningar
7330,2220,NONE,Avsättningar
7330,2221,NONE,Avsättningar
7330,2222,NONE,Avsättningar
7330,2223,NONE,Avsättningar
7330,2224,NONE,Avsättningar
7330,2225,NONE,Avsättningar
7330,2226,NONE,Avsättningar
7330,2227,NONE,Avsättningar
7330,2228,NONE,Avsättningar
7330,2229,NONE,Avsättningar
7330,2230,NONE,Avsättningar
7330,2231,NONE,Avsättningar
7330,2232,NONE,Avsättningar
7330,2233,NONE,Avsättningar
7330,2234,NONE,Avsättningar
7330,2235,NONE,Avsättningar
7330,2236,NONE,Avsättningar
7330,2237,NONE,Avsättningar
7330,2238,NONE,Avsättningar
7330,2239,NONE,Avsättningar
7330,2240,NONE,Avsättningar
7330,2241,NONE,Avsättningar
7330,2242,NONE,Avsättningar
7330,2243,NONE,Avsättningar
7330,2244,NONE,Avsättningar
7330,2245,NONE,Avsättningar
7330,2246,NONE,Avsättningar
7330,2247,NONE,Avsättningar
7330,2248,NONE,Avsättningar
7330,2249,NONE,Avsättningar
7330,2250,NONE,Avsättningar
7330,2251,NONE,Avsättningar
7330,2252,NONE,Avsättningar
7330,2253,NONE,Avsättningar
7330,2254,NONE,Avsättningar
7330,2255,NONE,Avsättningar
7330,2256,NONE,Avsättningar
7330,2257,NONE,Avsättningar
7330,2258,NONE,Avsättningar
7330,2259,NONE,Avsättningar
7330,2260,NONE,Avsättningar
7330,2261,NONE,Avsättningar
7330,2262,NONE,Avsättningar
7330,2263,NONE,Avsättningar
7330,2264,NONE,Avsättningar
7330,2265,NONE,Avsättningar
7330,2266,NONE,Avsättningar
7330,2267,NONE,Avsättningar
7330,2268,NONE,Avsättningar
7330,2269,NONE,Avsättningar
7330,2270,NONE,Avsättningar
7330,2271,NONE,Avsättningar
7330,2272,NONE,Avsättningar
7330,2273,NONE,Avsättningar
7330,2274,NONE,Avsättningar
7330,2275,NONE,Avsättningar
7330,2276,NONE,Avsättningar
7330,2277,NONE,Avsättningar
7330,2278,NONE,Avsättningar
7330,2279,NONE,Avsättningar
7330,2280,NONE,Avsättningar
7330,2281,NONE,Avsättningar
7330,2282,NONE,Avsättningar
7330,2283,NONE,Avsättningar
7330,2284,NONE,Avsättningar
7330,2285,NONE,Avsättningar
7330,2286,NONE,Avsättningar
7330,2287,NONE,Avsättningar
7330,2288,NONE,Avsättningar
7330,2289,NONE,Avsättningar
7330,2290,NONE,Avsättningar
7330,2291,NONE,Avsättningar
7330,2292,NONE,Avsättningar
7330,2293,NONE,Avsättningar
7330,2294,NONE,Avsättningar
7330,2295,NONE,Avsättningar
7330,2296,NONE,Avsättningar
7330,2297,NONE,Avsättningar
7330,2298,NONE,Avsättningar
7330,2299,NONE,Avsättningar
7380,2300,NONE,Låneskulder
7380,2301,NONE,Låneskulder
7380,2302,NONE,Låneskulder
7380,2303,NONE,Låneskulder
7380,2304,NONE,Låneskulder
7380,2305,NONE,Låneskulder
7380,2306,NONE,Låneskulder
7380,2307,NONE,Låneskulder
7380,2308,NONE,Låneskulder
7380,2309,NONE,Låneskulder
7380,2310,NONE,Låneskulder
7380,2311,NONE,Låneskulder
7380,2312,NONE,Låneskulder
7380,2313,NONE,Låneskulder
7380,2314,NONE,Låneskulder
7380,2315,NONE,Låneskulder
7380,2316,NONE,Låneskulder
7380,2317,NONE,Låneskulder
7380,2318,NONE,Låneskulder
7380,2319,NONE,Låneskulder
7380,2320,NONE,Låneskulder
7380,2321,NONE,Låneskulder
7380,2322,NONE,Låneskulder
7380,2323,NONE,Låneskulder
7380,2324,NONE,Låneskulder
7380,2325,NONE,Låneskulder
7380,2326,NONE,Låneskulder
7380,2327,NONE,Låneskulder
7380,2328,NONE,Låneskulder
7380,2329,NONE,Låneskulder
7380,2330,NONE,Låneskulder
7380,2331,NONE,Låneskulder
7380,2332,NONE,Låneskulder
7380,2333,NONE,Låneskulder
7380,2334,NONE,Låneskulder
7380,2335,NONE,Låneskulder
7380,2336,NONE,Låneskulder
7380,2337,NONE,Låneskulder
7380,2338,NONE,Låneskulder
7380,2339,NONE,Låneskulder
7380,2340,NONE,Låneskulder
7380,2341,NONE,Låneskulder
7380,2342,NONE,Låneskulder
7380,2343,NONE,Låneskulder
7380,2344,NONE,Låneskulder
7380,2345,NONE,Låneskulder
7380,2346,NONE,Låneskulder
7380,2347,NONE,Låneskulder
7380,2348,NONE,Låneskulder
7380,2349,NONE,Låneskulder
7380,2350,NONE,Låneskulder
7380,2351,NONE,Låneskulder
7380,2352,NONE,Låneskulder
7380,2353,NONE,Låneskulder
7380,2354,NONE,Låneskulder
7380,2355,NONE,Låneskulder
7380,2356,NONE,Låneskulder
7380,2357,NONE,Låneskulder
7380,2358,NONE,Låneskulder
7380,2359,NONE,Låneskulder
7380,2360,NONE,Låneskulder
7380,2361,NONE,Låneskulder
7380,2362,NONE,Låneskulder
7380,2363,NONE,Låneskulder
7380,2364,NONE,Låneskulder
7380,2365,NONE,Låneskulder
7380,2366,NONE,Låneskulder
7380,2367,NONE,Låneskulder
7380,2368,NONE,Låneskulder
7380,2369,NONE,Låneskulder
7380,2370,NONE,Låneskulder
7380,2371,NONE,Låneskulder
7380,2372,NONE,Låneskulder
7380,2373,NONE,Låneskulder
7380,2374,NONE,Låneskulder
7380,2375,NONE,Låneskulder
7380,2376,NONE,Låneskulder
7380,2377,NONE,Låneskulder
7380,2378,NONE,Låneskulder
7380,2379,NONE,Låneskulder
7380,2380,NONE,Låneskulder
7380,2381,NONE,Låneskulder
7380,2382,NONE,Låneskulder
7380,2383,NONE,Låneskulder
7380,2384,NONE,Låneskulder
7380,2385,NONE,Låneskulder
7380,2386,NONE,Låneskulder
7380,2387,NONE,Låneskulder
7380,2388,NONE,Låneskulder
7380,2389,NONE,Låneskulder
7380,2390,NONE,Låneskulder
7380,2391,NONE,Låneskulder
7380,2392,NONE,Låneskulder
7380,2393,NONE,Låneskulder
7380,2394,NONE,Låneskulder
7380,2395,NONE,Låneskulder
7380,2396,NONE,Låneskulder
7380,2397,NONE,Låneskulder
7380,2398,NONE,Låneskulder
7380,2399,NONE,Låneskulder
7380,2410,NONE,Låneskulder
7380,2411,NONE,Låneskulder
7380,2412,NONE,Låneskulder
7380,2413,NONE,Låneskulder
7380,2414,NONE,Låneskulder
7380,2415,NONE,Låneskulder
7380,2416,NONE,Låneskulder
7380,2417,NONE,Låneskulder
7380,2418,NONE,Låneskulder
7380,2419,NONE,Låneskulder
7383,2420,NONE,Övriga skulder
7383,2421,NONE,Övriga skulder
7383,2422,NONE,Övriga skulder
7383,2423,NONE,Övriga skulder
7383,2424,NONE,Övriga skulder
7383,2425,NONE,Övriga skulder
7383,2426,NONE,Övriga skulder
7383,2427,NONE,Övriga skulder
7383,2428,NONE,Övriga skulder
7383,2429,NONE,Övriga skulder
7383,2430,NONE,Övriga skulder
7383,2431,NONE,Övriga skulder
7383,2432,NONE,Övriga skulder
7383,2433,NONE,Övriga skulder
7383,2434,NONE,Övriga skulder
7383,2435,NONE,Övriga skulder
7383,2436,NONE,Övriga skulder
7383,2437,NONE,Övriga skulder
7383,2438,NONE,Övriga skulder
7383,2439,NONE,Övriga skulder
7382,2440,NONE,Leverantörsskulder
7382,2441,NONE,Leverantörsskulder
7382,2442,NONE,Leverantörsskulder
7382,2443,NONE,Leverantörsskulder
7382,2444,NONE,Leverantörsskulder
7382,2445,NONE,Leverantörsskulder
7382,2446,NONE,Leverantörsskulder
7382,2447,NONE,Leverantörsskulder
7382,2448,NONE,Leverantörsskulder
7382,2449,NONE,Leverantörsskulder
7383,2450,NONE,Övriga skulder
7383,2451,NONE,Övriga skulder
7383,2452,NONE,Övriga skulder
7383,2453,NONE,Övriga skulder
7383,2454,NONE,Övriga skulder
7383,2455,NONE,Övriga skulder
7383,2456,NONE,Övriga skulder
7383,2457,NONE,Övriga skulder
7383,2458,NONE,Övriga skulder
7383,2459,NONE,Övriga skulder
7382,2460,NONE,Leverantörsskulder
7382,2461,NONE,Leverantörsskulder
7382,2462,NONE,Leverantörsskulder
7382,2463,NONE,Leverantörsskulder
7382,2464,NONE,Leverantörsskulder
7382,2465,NONE,Leverantörsskulder
7382,2466,NONE,Leverantörsskulder
7382,2467,NONE,Leverantörsskulder
7382,2468,NONE,Leverantörsskulder
7382,2469,NONE,Leverantörsskulder
7382,2470,NONE,Leverantörsskulder
7382,2471,NONE,Leverantörsskulder
7382,2472,NONE,Leverantörsskulder
7382,2473,NONE,Leverantörsskulder
7382,2474,NONE,Leverantörsskulder
7382,2475,NONE,Leverantörsskulder
7382,2476,NONE,Leverantörsskulder
7382,2477,NONE,Leverantörsskulder
7382,2478,NONE,Leverantörsskulder
7382,2479,NONE,Leverantörsskulder
7380,2480,NONE,Låneskulder
7380,2481,NONE,Låneskulder
7380,2482,NONE,Låneskulder
7380,2483,NONE,Låneskulder
7380,2484,NONE,Låneskulder
7380,2485,NONE,Låneskulder
7380,2486,NONE,Låneskulder
7380,2487,NONE,Låneskulder
7380,2488,NONE,Låneskulder
7380,2489,NONE,Låneskulder
7383,2490,NONE,Övriga skulder
7383,2491,NONE,Övriga skulder
7383,2492,NONE,Övriga skulder
7383,2493,NONE,Övriga skulder
7383,2494,NONE,Övriga skulder
7383,2495,NONE,Övriga skulder
7383,2496,NONE,Övriga skulder
7383,2497,NONE,Övriga skulder
7383,2498,NONE,Övriga skulder
7383,2499,NONE,Övriga skulder
7383,2600,NONE,Övriga skulder
7383,2601,NONE,Övriga skulder
7383,2602,NONE,Övriga skulder
7383,2603,NONE,Övriga skulder
7383,2604,NONE,Övriga skulder
7383,2605,NONE,Övriga skulder
7383,2606,NONE,Övriga skulder
7383,2607,NONE,Övriga skulder
7383,2608,NONE,Övriga skulder
7383,2609,NONE,Övriga skulder
7383,2610,NONE,Övriga skulder
7383,2611,NONE,Övriga skulder
7383,2612,NONE,Övriga skulder
7383,2613,NONE,Övriga skulder
7383,2614,NONE,Övriga skulder
7383,2615,NONE,Övriga skulder
7383,2616,NONE,Övriga skulder
7383,2617,NONE,Övriga skulder
7383,2618,NONE,Övriga skulder
7383,2619,NONE,Övriga skulder
7383,2620,NONE,Övriga skulder
7383,2621,NONE,Övriga skulder
7383,2622,NONE,Övriga skulder
7383,2623,NONE,Övriga skulder
7383,2624,NONE,Övriga skulder
7383,2625,NONE,Övriga skulder
7383,2626,NONE,Övriga skulder
7383,2627,NONE,Övriga skulder
7383,2628,NONE,Övriga skulder
7383,2629,NONE,Övriga skulder
7383,2630,NONE,Övriga skulder
7383,2631,NONE,Övriga skulder
7383,2632,NONE,Övriga skulder
7383,2633,NONE,Övriga skulder
7383,2634,NONE,Övriga skulder
7383,2635,NONE,Övriga skulder
7383,2636,NONE,Övriga skulder
7383,2637,NONE,Övriga skulder
7383,2638,NONE,Övriga skulder
7383,2639,NONE,Övriga skulder
7383,2640,NONE,Övriga skulder
7383,2641,NONE,Övriga skulder
7383,2642,NONE,Övriga skulder
7383,2643,NONE,Övriga skulder
7383,2644,NONE,Övriga skulder
7383,2645,NONE,Övriga skulder
7383,2646,NONE,Övriga skulder
7383,2647,NONE,Övriga skulder
7383,2648,NONE,Övriga skulder
7383,2649,NONE,Övriga skulder
7383,2650,NONE,Övriga skulder
7383,2651,NONE,Övriga skulder
7383,2652,NONE,Övriga skulder
7383,2653,NONE,Övriga skulder
7383,2654,NONE,Övriga skulder
7383,2655,NONE,Övriga skulder
7383,2656,NONE,Övriga skulder
7383,2657,NONE,Övriga skulder
7383,2658,NONE,Övriga skulder
7383,2659,NONE,Övriga skulder
7383,2660,NONE,Övriga skulder
7383,2661,NONE,Övriga skulder
7383,2662,NONE,Övriga skulder
7383,2663,NONE,Övriga skulder
7383,2664,NONE,Övriga skulder
7383,2665,NONE,Övriga skulder
7383,2666,NONE,Övriga skulder
7383,2667,NONE,Övriga skulder
7383,2668,NONE,Övriga skulder
7383,2669,NONE,Övriga skulder
7383,2670,NONE,Övriga skulder
7383,2671,NONE,Övriga skulder
7383,2672,NONE,Övriga skulder
7383,2673,NONE,Övriga skulder
7383,2674,NONE,Övriga skulder
7383,2675,NONE,Övriga skulder
7383,2676,NONE,Övriga skulder
7383,2677,NONE,Övriga skulder
7383,2678,NONE,Övriga skulder
7383,2679,NONE,Övriga skulder
7383,2680,NONE,Övriga skulder
7383,2681,NONE,Övriga skulder
7383,2682,NONE,Övriga skulder
7383,2683,NONE,Övriga skulder
7383,2684,NONE,Övriga skulder
7383,2685,NONE,Övriga skulder
7383,2686,NONE,Övriga skulder
7383,2687,NONE,Övriga skulder
7383,2688,NONE,Övriga skulder
7383,2689,NONE,Övriga skulder
7383,2690,NONE,Övriga skulder
7383,2691,NONE,Övriga skulder
7383,2692,NONE,Övriga skulder
7383,2693,NONE,Övriga skulder
7383,2694,NONE,Övriga skulder
7383,2695,NONE,Övriga skulder
7383,2696,NONE,Övriga skulder
7383,2697,NONE,Övriga skulder
7383,2698,NONE,Övriga skulder
7383,2699,NONE,Övriga skulder
7383,2700,NONE,Övriga skulder
7383,2701,NONE,Övriga skulder
7383,2702,NONE,Övriga skulder
7383,2703,NONE,Övriga skulder
7383,2704,NONE,Övriga skulder
7383,2705,NONE,Övriga skulder
7383,2706,NONE,Övriga skulder
7383,2707,NONE,Övriga skulder
7383,2708,NONE,Övriga skulder
7383,2709,NONE,Övriga skulder
7383,2710,NONE,Övriga skulder
7383,2711,NONE,Övriga skulder
7383,2712,NONE,Övriga skulder
7383,2713,NONE,Övriga skulder
7383,2714,NONE,Övriga skulder
7383,2715,NONE,Övriga skulder
7383,2716,NONE,Övriga skulder
7383,2717,NONE,Övriga skulder
7383,2718,NONE,Övriga skulder
7383,2719,NONE,Övriga skulder
7383,2720,NONE,Övriga skulder
7383,2721,NONE,Övriga skulder
7383,2722,NONE,Övriga skulder
7383,2723,NONE,Övriga skulder
7383,2724,NONE,Övriga skulder
7383,2725,NONE,Övriga skulder
7383,2726,NONE,Övriga skulder
7383,2727,NONE,Övriga skulder
7383,2728,NONE,Övriga skulder
7383,2729,NONE,Övriga skulder
7383,2730,NONE,Övriga skulder
7383,2731,NONE,Övriga skulder
7383,2732,NONE,Övriga skulder
7383,2733,NONE,Övriga skulder
7383,2734,NONE,Övriga skulder
7383,2735,NONE,Övriga skulder
7383,2736,NONE,Övriga skulder
7383,2737,NONE,Övriga skulder
7383,2738,NONE,Övriga skulder
7383,2739,NONE,Övriga skulder
7383,2740,NONE,Övriga skulder
7383,2741,NONE,Övriga skulder
7383,2742,NONE,Övriga skulder
7383,2743,NONE,Övriga skulder
7383,2744,NONE,Övriga skulder
7383,2745,NONE,Övriga skulder
7383,2746,NONE,Övriga skulder
7383,2747,NONE,Övriga skulder
7383,2748,NONE,Övriga skulder
7383,2749,NONE,Övriga skulder
7383,2750,NONE,Övriga skulder
7383,2751,NONE,Övriga skulder
7383,2752,NONE,Övriga skulder
7383,2753,NONE,Övriga skulder
7383,2754,NONE,Övriga skulder
7383,2755,NONE,Övriga skulder
7383,2756,NONE,Övriga skulder
7383,2757,NONE,Övriga skulder
7383,2758,NONE,Övriga skulder
7383,2759,NONE,Övriga skulder
7383,2760,NONE,Övriga skulder
7383,2761,NONE,Övriga skulder
7383,2762,NONE,Övriga skulder
7383,2763,NONE,Övriga skulder
7383,2764,NONE,Övriga skulder
7383,2765,NONE,Övriga skulder
7383,2766,NONE,Övriga skulder
7383,2767,NONE,Övriga skulder
7383,2768,NONE,Övriga skulder
7383,2769,NONE,Övriga skulder
7383,2770,NONE,Övriga skulder
7383,2771,NONE,Övriga skulder
7383,2772,NONE,Övriga skulder
7383,2773,NONE,Övriga skulder
7383,2774,NONE,Övriga skulder
7383,2775,NONE,Övriga skulder
7383,2776,NONE,Övriga skulder
7383,2777,NONE,Övriga skulder
7383,2778,NONE,Övriga skulder
7383,2779,NONE,Övriga skulder
7383,2780,NONE,Övriga skulder
7383,2781,NONE,Övriga skulder
7383,2782,NONE,Övriga skulder
7383,2783,NONE,Övriga skulder
7383,2784,NONE,Övriga skulder
7383,2785,NONE,Övriga skulder
7383,2786,NONE,Övriga skulder
7383,2787,NONE,Övriga skulder
7383,2788,NONE,Övriga skulder
7383,2789,NONE,Övriga skulder
7383,2790,NONE,Övriga skulder
7383,2791,NONE,Övriga skulder
7383,2792,NONE,Övriga skulder
7383,2793,NONE,Övriga skulder
7383,2794,NONE,Övriga skulder
7383,2795,NONE,Övriga skulder
7383,2796,NONE,Övriga skulder
7383,2797,NONE,Övriga skulder
7383,2798,NONE,Övriga skulder
7383,2799,NONE,Övriga skulder
7383,2800,NONE,Övriga skulder
7383,2801,NONE,Övriga skulder
7383,2802,NONE,Övriga skulder
7383,2803,NONE,Övriga skulder
7383,2804,NONE,Övriga skulder
7383,2805,NONE,Övriga skulder
7383,2806,NONE,Övriga skulder
7383,2807,NONE,Övriga skulder
7383,2808,NONE,Övriga skulder
7383,2809,NONE,Övriga skulder
7383,2810,NONE,Övriga skulder
7383,2811,NONE,Övriga skulder
7383,2812,NONE,Övriga skulder
7383,2813,NONE,Övriga skulder
7383,2814,NONE,Övriga skulder
7383,2815,NONE,Övriga skulder
7383,2816,NONE,Övriga skulder
7383,2817,NONE,Övriga skulder
7383,2818,NONE,Övriga skulder
7383,2819,NONE,Övriga skulder
7383,2820,NONE,Övriga skulder
7383,2821,NONE,Övriga skulder
7383,2822,NONE,Övriga skulder
7383,2823,NONE,Övriga skulder
7383,2824,NONE,Övriga skulder
7383,2825,NONE,Övriga skulder
7383,2826,NONE,Övriga skulder
7383,2827,NONE,Övriga skulder
7383,2828,NONE,Övriga skulder
7383,2829,NONE,Övriga skulder
7383,2830,NONE,Övriga skulder
7383,2831,NONE,Övriga skulder
7383,2832,NONE,Övriga skulder
7383,2833,NONE,Övriga skulder
7383,2834,NONE,Övriga skulder
7383,2835,NONE,Övriga skulder
7383,2836,NONE,Övriga skulder
7383,2837,NONE,Övriga skulder
7383,2838,NONE,Övriga skulder
7383,2839,NONE,Övriga skulder
7383,2840,NONE,Övriga skulder
7383,2841,NONE,Övriga skulder
7383,2842,NONE,Övriga skulder
7383,2843,NONE,Övriga skulder
7383,2844,NONE,Övriga skulder
7383,2845,NONE,Övriga skulder
7383,2846,NONE,Övriga skulder
7383,2847,NONE,Övriga skulder
7383,2848,NONE,Övriga skulder
7383,2849,NONE,Övriga skulder
7383,2850,NONE,Övriga skulder
7383,2851,NONE,Övriga skulder
7383,2852,NONE,Övriga skulder
7383,2853,NONE,Övriga skulder
7383,2854,NONE,Övriga skulder
7383,2855,NONE,Övriga skulder
7383,2856,NONE,Övriga skulder
7383,2857,NONE,Övriga skulder
7383,2858,NONE,Övriga skulder
7383,2859,NONE,Övriga skulder
7383,2860,NONE,Övriga skulder
7383,2861,NONE,Övriga skulder
7383,2862,NONE,Övriga skulder
7383,2863,NONE,Övriga skulder
7383,2864,NONE,Övriga skulder
7383,2865,NONE,Övriga skulder
7383,2866,NONE,Övriga skulder
7383,2867,NONE,Övriga skulder
7383,2868,NONE,Övriga skulder
7383,2869,NONE,Övriga skulder
7383,2870,NONE,Övriga skulder
7383,2871,NONE,Övriga skulder
7383,2872,NONE,Övriga skulder
7383,2873,NONE,Övriga skulder
7383,2874,NONE,Övriga skulder
7383,2875,NONE,Övriga skulder
7383,2876,NONE,Övriga skulder
7383,2877,NONE,Övriga skulder
7383,2878,NONE,Övriga skulder
7383,2879,NONE,Övriga skulder
7383,2880,NONE,Övriga skulder
7383,2881,NONE,Övriga skulder
7383,2882,NONE,Övriga skulder
7383,2883,NONE,Övriga skulder
7383,2884,NONE,Övriga skulder
7383,2885,NONE,Övriga skulder
7383,2886,NONE,Övriga skulder
7383,2887,NONE,Övriga skulder
7383,2888,NONE,Övriga skulder
7383,2889,NONE,Övriga skulder
7383,2890,NONE,Övriga skulder
7383,2891,NONE,Övriga skulder
7383,2892,NONE,Övriga skulder
7383,2893,NONE,Övriga skulder
7383,2894,NONE,Övriga skulder
7383,2895,NONE,Övriga skulder
7383,2896,NONE,Övriga skulder
7383,2897,NONE,Övriga skulder
7383,2898,NONE,Övriga skulder
7383,2899,NONE,Övriga skulder
7383,2900,NONE,Övriga skulder
7383,2901,NONE,Övriga skulder
7383,2902,NONE,Övriga skulder
7383,2903,NONE,Övriga skulder
7383,2904,NONE,Övriga skulder
7383,2905,NONE,Övriga skulder
7383,2906,NONE,Övriga skulder
7383,2907,NONE,Övriga skulder
7383,2908,NONE,Övriga skulder
7383,2909,NONE,Övriga skulder
7383,2910,NONE,Övriga skulder
7383,2911,NONE,Övriga skulder
7383,2912,NONE,Övriga skulder
7383,2913,NONE,Övriga skulder
7383,2914,NONE,Övriga skulder
7383,2915,NONE,Övriga skulder
7383,2916,NONE,Övriga skulder
7383,2917,NONE,Övriga skulder
7383,2918,NONE,Övriga skulder
7383,2919,NONE,Övriga skulder
7383,2920,NONE,Övriga skulder
7383,2921,NONE,Övriga skulder
7383,2922,NONE,Övriga skulder
7383,2923,NONE,Övriga skulder
7383,2924,NONE,Övriga skulder
7383,2925,NONE,Övriga skulder
7383,2926,NONE,Övriga skulder
7383,2927,NONE,Övriga skulder
7383,2928,NONE,Övriga skulder
7383,2929,NONE,Övriga skulder
7383,2930,NONE,Övriga skulder
7383,2931,NONE,Övriga skulder
7383,2932,NONE,Övriga skulder
7383,2933,NONE,Övriga skulder
7383,2934,NONE,Övriga skulder
7383,2935,NONE,Övriga skulder
7383,2936,NONE,Övriga skulder
7383,2937,NONE,Övriga skulder
7383,2938,NONE,Övriga skulder
7383,2939,NONE,Övriga skulder
7383,2940,NONE,Övriga skulder
7383,2941,NONE,Övriga skulder
7383,2942,NONE,Övriga skulder
7383,2943,NONE,Övriga skulder
7383,2944,NONE,Övriga skulder
7383,2945,NONE,Övriga skulder
7383,2946,NONE,Övriga skulder
7383,2947,NONE,Övriga skulder
7383,2948,NONE,Övriga skulder
7383,2949,NONE,Övriga skulder
7383,2950,NONE,Övriga skulder
7383,2951,NONE,Övriga skulder
7383,2952,NONE,Övriga skulder
7383,2953,NONE,Övriga skulder
7383,2954,NONE,Övriga skulder
7383,2955,NONE,Övriga skulder
7383,2956,NONE,Övriga skulder
7383,2957,NONE,Övriga skulder
7383,2958,NONE,Övriga skulder
7383,2959,NONE,Övriga skulder
7383,2960,NONE,Övriga skulder
7383,2961,NONE,Övriga skulder
7383,2962,NONE,Övriga skulder
7383,2963,NONE,Övriga skulder
7383,2964,NONE,Övriga skulder
7383,2965,NONE,Övriga skulder
7383,2966,NONE,Övriga skulder
7383,2967,NONE,Övriga skulder
7383,2968,NONE,Övriga skulder
7383,2969,NONE,Övriga skulder
7383,2970,NONE,Övriga skulder
7383,2971,NONE,Övriga skulder
7383,2972,NONE,Övriga skulder
7383,2973,NONE,Övriga skulder
7383,2974,NONE,Övriga skulder
7383,2975,NONE,Övriga skulder
7383,2976,NONE,Övriga skulder
7383,2977,NONE,Övriga skulder
7383,2978,NONE,Övriga skulder
7383,2979,NONE,Övriga skulder
7383,2980,NONE,Övriga skulder
7383,2981,NONE,Övriga skulder
7383,2982,NONE,Övriga skulder
7383,2983,NONE,Övriga skulder
7383,2984,NONE,Övriga skulder
7383,2985,NONE,Övriga skulder
7383,2986,NONE,Övriga skulder
7383,2987,NONE,Övriga skulder
7383,2988,NONE,Övriga skulder
7383,2989,NONE,Övriga skulder
7383,2990,NONE,Övriga skulder
7383,2991,NONE,Övriga skulder
7383,2992,NONE,Övriga skulder
7383,2993,NONE,Övriga skulder
7383,2994,NONE,Övriga skulder
7383,2995,NONE,Övriga skulder
7383,2996,NONE,Övriga skulder
7383,2997,NONE,Övriga skulder
7383,2998,NONE,Övriga skulder
7383,2999,NONE,Övriga skulder
7400,3000,NONE,Försäljning och utfört arbete samt övriga momspliktiga intäkter
7401,3000,NONE,Momsfria intäkter
7400,3001,NONE,Försäljning och utfört arbete samt övriga momspliktiga intäkter
7401,3001,NONE,Momsfria intäkter
7400,3002,NONE,Försäljning och utfört arbete samt övriga momspliktiga intäkter
7401,3002,NONE,Momsfria intäkter
7400,3003,NONE,Försäljning och utfört arbete samt övriga momspliktiga intäkter
7401,3003,NONE,Momsfria intäkter
7400,3004,NONE,Försäljning och utfört arbete samt övriga momspliktiga intäkter
7401,3004,NONE,Momsfria intäkter
7400,3005,NONE,Försäljning och utfört arbete samt övriga momspliktiga intäkter
7401,3005,NONE,Momsfria intäkter
7400,3006,NONE,Försäljning och utfört arbete samt övriga momspliktiga intäkter
7401,3006,NONE,Momsfria intäkter
7400,3007,NONE,Försäljning och utfört arbete samt övriga momspliktiga intäkter
7401,3007,NONE,Momsfria intäkter
7400,3008,NONE,Försäljning och utfört arbete samt övriga momspliktiga intäkter
7401,3008,NONE,Momsfria intäkter
7400,3009,NONE,Försäljning och utfört arbete samt övriga momspliktiga intäkter
7401,3009,NONE,Momsfria intäkter
7400,3010,NONE,Försäljning och utfört arbete samt övriga momspliktiga intäkter
7401,3010,NONE,Momsfria intäkter
7400,3011,NONE,Försäljning och utfört arbete samt övriga momspliktiga intäkter
7401,3011,NONE,Momsfria intäkter
7400,3012,NONE,Försäljning och utfört arbete samt övriga momspliktiga intäkter
7401,3012,NONE,Momsfria intäkter
7400,3013,NONE,Försäljning och utfört arbete samt övriga momspliktiga intäkter
7401,3013,NONE,Momsfria intäkter
7400,3014,NONE,Försäljning och utfört arbete samt övriga momspliktiga intäkter
7401,3014,NONE,Momsfria intäkter
7400,3015,NONE,Försäljning och utfört arbete samt övriga momspliktiga intäkter
7401,3015,NONE,Momsfria intäkter
7400,3016,NONE,Försäljning och utfört arbete samt övriga momspliktiga intäkter
7401,3016,NONE,Momsfria intäkter
7400,3017,NONE,Försäljning och utfört arbete samt övriga momspliktiga intäkter
7401,3017,NONE,Momsfria intäkter
7400,3018,NONE,Försäljning och utfört arbete samt övriga momspliktiga intäkter
7401,3018,NONE,Momsfria intäkter
7400,3019,NONE,Försäljning och utfört arbete samt övriga momspliktiga intäkter
7401,3019,NONE,Momsfria intäkter
7400,3020,NONE,Försäljning och utfört arbete samt övriga momspliktiga intäkter
7401,3020,NONE,Momsfria intäkter
7400,3021,NONE,Försäljning och utfört arbete samt övriga momspliktiga intäkter
7401,3021,NONE,Momsfria intäkter
7400,3022,NONE,Försäljning och utfört arbete samt övriga momspliktiga intäkter
7401,3022,NONE,Momsfria intäkter
7400,3023,NONE,Försäljning och utfört arbete samt övriga momspliktiga intäkter
7401,3023,NONE,Momsfria intäkter
7400,3024,NONE,Försäljning och utfört arbete samt övriga momspliktiga intäkter
7401,3024,NONE,Momsfria intäkter
7400,3025,NONE,Försäljning och utfört arbete samt övriga momspliktiga intäkter
7401,3025,NONE,Momsfria intäkter
7400,3026,NONE,Försäljning och utfört arbete samt övriga momspliktiga intäkter
7401,3026,NONE,Momsfria intäkter
7400,3027,NONE,Försäljning och utfört arbete samt övriga momspliktiga intäkter
7401,3027,NONE,Momsfria intäkter
7400,3028,NONE,Försäljning och utfört arbete samt övriga momspliktiga intäkter
7401,3028,NONE,Momsfria intäkter
7400,3029,NONE,Försäljning och utfört arbete samt övriga momspliktiga intäkter
7401,3029,NONE,Momsfria intäkter
7400,3030,NONE,Försäljning och utfört arbete samt övriga momspliktiga intäkter
7401,3030,NONE,Momsfria intäkter
7400,3031,NONE,Försäljning och utfört arbete samt övriga momspliktiga intäkter
7401,3031,NONE,Momsfria intäkter
7400,3032,NONE,Försäljning och utfört arbete samt övriga momspliktiga intäkter
7401,3032,NONE,Momsfria intäkter
7400,3033,NONE,Försäljning och utfört arbete samt övriga momspliktiga intäkter
7401,3033,NONE,Momsfria intäkter
7400,3034,NONE,Försäljning och utfört arbete samt övriga momspliktiga intäkter
7401,3034,NONE,Momsfria intäkter
7400,3035,NONE,Försäljning och utfört arbete samt övriga momspliktiga intäkter
7401,3035,NONE,Momsfria intäkter
7400,3036,NONE,Försäljning och utfört arbete samt övriga momspliktiga intäkter
7401,3036,NONE,Momsfria intäkter
7400,3037,NONE,Försäljning och utfört arbete samt övriga momspliktiga intäkter
7401,3037,NONE,Momsfria intäkter
7400,3038,NONE,Försäljning och utfört arbete samt övriga momspliktiga intäkter
7401,3038,NONE,Momsfria intäkter
7400,3039,NONE,Försäljning och utfört arbete samt övriga momspliktiga intäkter
7401,3039,NONE,Momsfria intäkter
7400,3040,NONE,Försäljning och utfört arbete samt övriga momspliktiga intäkter
7401,3040,NONE,Momsfria intäkter
7400,3041,NONE,Försäljning och utfört arbete samt övriga momspliktiga intäkter
7401,3041,NONE,Momsfria intäkter
7400,3042,NONE,Försäljning och utfört arbete samt övriga momspliktiga intäkter
7401,3042,NONE,Momsfria intäkter
7400,3043,NONE,Försäljning och utfört arbete samt övriga momspliktiga intäkter
7401,3043,NONE,Momsfria intäkter
7400,3044,NONE,Försäljning och utfört arbete samt övriga momspliktiga intäkter
7401,3044,NONE,Momsfria intäkter
7400,3045,NONE,Försäljning och utfört arbete samt övriga momspliktiga intäkter
7401,3045,NONE,Momsfria intäkter
7400,3046,NONE,Försäljning och utfört arbete samt övriga momspliktiga intäkter
7401,3046,NONE,Momsfria intäkter
7400,3047,NONE,Försäljning och utfört arbete samt övriga momspliktiga intäkter
7401,3047,NONE,Momsfria intäkter
7400,3048,NONE,Försäljning och utfört arbete samt övriga momspliktiga intäkter
7401,3048,NONE,Momsfria intäkter
7400,3049,NONE,Försäljning och utfört arbete samt övriga momspliktiga intäkter
7401,3049,NONE,Momsfria intäkter
7400,3050,NONE,Försäljning och utfört arbete samt övriga momspliktiga intäkter
7401,3050,NONE,Momsfria intäkter
7400,3051,NONE,Försäljning och utfört arbete samt övriga momspliktiga intäkter
7401,3051,NONE,Momsfria intäkter
7400,3052,NONE,Försäljning och utfört arbete samt övriga momspliktiga intäkter
7401,3052,NONE,Momsfria intäkter
7400,3053,NONE,Försäljning och utfört arbete samt övriga momspliktiga intäkter
7401,3053,NONE,Momsfria intäkter
7400,3054,NONE,Försäljning och utfört arbete samt övriga momspliktiga intäkter
7401,3054,NONE,Momsfria intäkter
7400,3055,NONE,Försäljning och utfört arbete samt övriga momspliktiga intäkter
7401,3055,NONE,Momsfria intäkter
7400,3056,NONE,Försäljning och utfört arbete samt övriga momspliktiga intäkter
7401,3056,NONE,Momsfria intäkter
7400,3057,NONE,Försäljning och utfört arbete samt övriga momspliktiga intäkter
7401,3057,NONE,Momsfria intäkter
7400,3058,NONE,Försäljning och utfört arbete samt övriga momspliktiga intäkter
7401,3058,NONE,Momsfria intäkter
7400,3059,NONE,Försäljning och utfört arbete samt övriga momspliktiga intäkter
7401,3059,NONE,Momsfria intäkter
7400,3060,NONE,Försäljning och utfört arbete samt övriga momspliktiga intäkter
7401,3060,NONE,Momsfria intäkter
7400,3061,NONE,Försäljning och utfört arbete samt övriga momspliktiga intäkter
7401,3061,NONE,Momsfria intäkter
7400,3062,NONE,Försäljning och utfört arbete samt övriga momspliktiga intäkter
7401,3062,NONE,Momsfria intäkter
7400,3063,NONE,Försäljning och utfört arbete samt övriga momspliktiga intäkter
7401,3063,NONE,Momsfria intäkter
7400,3064,NONE,Försäljning och utfört arbete samt övriga momspliktiga intäkter
7401,3064,NONE,Momsfria intäkter
7400,3065,NONE,Försäljning och utfört arbete samt övriga momspliktiga intäkter
7401,3065,NONE,Momsfria intäkter
7400,3066,NONE,Försäljning och utfört arbete samt övriga momspliktiga intäkter
7401,3066,NONE,Momsfria intäkter
7400,3067,NONE,Försäljning och utfört arbete samt övriga momspliktiga intäkter
7401,3067,NONE,Momsfria intäkter
7400,3068,NONE,Försäljning och utfört arbete samt övriga momspliktiga intäkter
7401,3068,NONE,Momsfria intäkter
7400,3069,NONE,Försäljning och utfört arbete samt övriga momspliktiga intäkter
7401,3069,NONE,Momsfria intäkter
7400,3070,NONE,Försäljning och utfört arbete samt övriga momspliktiga intäkter
7401,3070,NONE,Momsfria intäkter
7400,3071,NONE,Försäljning och utfört arbete samt övriga momspliktiga intäkter
7401,3071,NONE,Momsfria intäkter
7400,3072,NONE,Försäljning och utfört arbete samt övriga momspliktiga intäkter
7401,3072,NONE,Momsfria intäkter
7400,3073,NONE,Försäljning och utfört arbete samt övriga momspliktiga intäkter
7401,3073,NONE,Momsfria intäkter
7400,3074,NONE,Försäljning och utfört arbete samt övriga momspliktiga intäkter
7401,3074,NONE,Momsfria intäkter
7400,3075,NONE,Försäljning och utfört arbete samt övriga momspliktiga intäkter
7401,3075,NONE,Momsfria intäkter
7400,3076,NONE,Försäljning och utfört arbete samt övriga momspliktiga intäkter
7401,3076,NONE,Momsfria intäkter
7400,3077,NONE,Försäljning och utfört arbete samt övriga momspliktiga intäkter
7401,3077,NONE,Momsfria intäkter
7400,3078,NONE,Försäljning och utfört arbete samt övriga momspliktiga intäkter
7401,3078,NONE,Momsfria intäkter
7400,3079,NONE,Försäljning och utfört arbete samt övriga momspliktiga intäkter
7401,3079,NONE,Momsfria intäkter
7400,3080,NONE,Försäljning och utfört arbete samt övriga momspliktiga intäkter
7401,3080,NONE,Momsfria intäkter
7400,3081,NONE,Försäljning och utfört arbete samt övriga momspliktiga intäkter
7401,3081,NONE,Momsfria intäkter
7400,3082,NONE,Försäljning och utfört arbete samt övriga momspliktiga intäkter
7401,3082,NONE,Momsfria intäkter
7400,3083,NONE,Försäljning och utfört arbete samt övriga momspliktiga intäkter
7401,3083,NONE,Momsfria intäkter
7400,3084,NONE,Försäljning och utfört arbete samt övriga momspliktiga intäkter
7401,3084,NONE,Momsfria intäkter
7400,3085,NONE,Försäljning och utfört arbete samt övriga momspliktiga intäkter
7401,3085,NONE,Momsfria intäkter
7400,3086,NONE,Försäljning och utfört arbete samt övriga momspliktiga intäkter
7401,3086,NONE,Momsfria intäkter
7400,3087,NONE,Försäljning och utfört arbete samt övriga momspliktiga intäkter
7401,3087,NONE,Momsfria intäkter
7400,3088,NONE,Försäljning och utfört arbete samt övriga momspliktiga intäkter
7401,3088,NONE,Momsfria intäkter
7400,3089,NONE,Försäljning och utfört arbete samt övriga momspliktiga intäkter
7401,3089,NONE,Momsfria intäkter
7400,3090,NONE,Försäljning och utfört arbete samt övriga momspliktiga intäkter
7401,3090,NONE,Momsfria intäkter
7400,3091,NONE,Försäljning och utfört arbete samt övriga momspliktiga intäkter
7401,3091,NONE,Momsfria intäkter
7400,3092,NONE,Försäljning och utfört arbete samt övriga momspliktiga intäkter
7401,3092,NONE,Momsfria intäkter
7400,3093,NONE,Försäljning och utfört arbete samt övriga momspliktiga intäkter
7401,3093,NONE,Momsfria intäkter
7400,3094,NONE,Försäljning och utfört arbete samt övriga momspliktiga intäkter
7401,3094,NONE,Momsfria intäkter
7400,3095,NONE,Försäljning och utfört arbete samt övriga momspliktiga intäkter
7401,3095,NONE,Momsfria intäkter
7400,3096,NONE,Försäljning och utfört arbete samt övriga momspliktiga intäkter
7401,3096,NONE,Momsfria intäkter
7400,3097,NONE,Försäljning och utfört arbete samt övriga momspliktiga intäkter
7401,3097,NONE,Momsfria intäkter
7400,3098,NONE,Försäljning och utfört arbete samt övriga momspliktiga intäkter
7401,3098,NONE,Momsfria intäkter
7400,3099,NONE,Försäljning och utfört arbete samt övriga momspliktiga intäkter
7401,3099,NONE,Momsfria intäkter
7400,3100,NONE,Försäljning och utfört arbete samt övriga momspliktiga intäkter
7401,3100,NONE,Momsfria intäkter
7400,3101,NONE,Försäljning och utfört arbete samt övriga momspliktiga intäkter
7401,3101,NONE,Momsfria intäkter
7400,3102,NONE,Försäljning och utfört arbete samt övriga momspliktiga intäkter
7401,3102,NONE,Momsfria intäkter
7400,3103,NONE,Försäljning och utfört arbete samt övriga momspliktiga intäkter
7401,3103,NONE,Momsfria intäkter
7400,3104,NONE,Försäljning och utfört arbete samt övriga momspliktiga intäkter
7401,3104,NONE,Momsfria intäkter
7400,3105,NONE,Försäljning och utfört arbete samt övriga momspliktiga intäkter
7401,3105,NONE,Momsfria intäkter
7400,3106,NONE,Försäljning och utfört arbete samt övriga momspliktiga intäkter
7401,3106,NONE,Momsfria intäkter
7400,3107,NONE,Försäljning och utfört arbete samt övriga momspliktiga intäkter
7401,3107,NONE,Momsfria intäkter
7400,3108,NONE,Försäljning och utfört arbete samt övriga momspliktiga intäkter
7401,3108,NONE,Momsfria intäkter
7400,3109,NONE,Försäljning och utfört arbete samt övriga momspliktiga intäkter
7401,3109,NONE,Momsfria intäkter
7400,3110,NONE,Försäljning och utfört arbete samt övriga momspliktiga intäkter
7401,3110,NONE,Momsfria intäkter
7400,3111,NONE,Försäljning och utfört arbete samt övriga momspliktiga intäkter
7401,3111,NONE,Momsfria intäkter
7400,3112,NONE,Försäljning och utfört arbete samt övriga momspliktiga intäkter
7401,3112,NONE,Momsfria intäkter
7400,3113,NONE,Försäljning och utfört arbete samt övriga momspliktiga intäkter
7401,3113,NONE,Momsfria intäkter
7400,3114,NONE,Försäljning och utfört arbete samt övriga momspliktiga intäkter
7401,3114,NONE,Momsfria intäkter
7400,3115,NONE,Försäljning och utfört arbete samt övriga momspliktiga intäkter
7401,3115,NONE,Momsfria intäkter
7400,3116,NONE,Försäljning och utfört arbete samt övriga momspliktiga intäkter
7401,3116,NONE,Momsfria intäkter
7400,3117,NONE,Försäljning och utfört arbete samt övriga momspliktiga intäkter
7401,3117,NONE,Momsfria intäkter
7400,3118,NONE,Försäljning och utfört arbete samt övriga momspliktiga intäkter
7401,3118,NONE,Momsfria intäkter
7400,3119,NONE,Försäljning och utfört arbete samt övriga momspliktiga intäkter
7401,3119,NONE,Momsfria intäkter
7400,3120,NONE,Försäljning och utfört arbete samt övriga momspliktiga intäkter
7401,3120,NONE,Momsfria intäkter
7400,3121,NONE,Försäljning och utfört arbete samt övriga momspliktiga intäkter
7401,3121,NONE,Momsfria intäkter
7400,3122,NONE,Försäljning och utfört arbete samt övriga momspliktiga intäkter
7401,3122,NONE,Momsfria intäkter
7400,3123,NONE,Försäljning och utfört arbete samt övriga momspliktiga intäkter
7401,3123,NONE,Momsfria intäkter
7400,3124,NONE,Försäljning och utfört arbete samt övriga momspliktiga intäkter
7401,3124,NONE,Momsfria intäkter
7400,3125,NONE,Försäljning och utfört arbete samt övriga momspliktiga intäkter
7401,3125,NONE,Momsfria intäkter
7400,3126,NONE,Försäljning och utfört arbete samt övriga momspliktiga intäkter
7401,3126,NONE,Momsfria intäkter
7400,3127,NONE,Försäljning och utfört arbete samt övriga momspliktiga intäkter
7401,3127,NONE,Momsfria intäkter
7400,3128,NONE,Försäljning och utfört arbete samt övriga momspliktiga intäkter
7401,3128,NONE,Momsfria intäkter
7400,3129,NONE,Försäljning och utfört arbete samt övriga momspliktiga intäkter
7401,3129,NONE,Momsfria intäkter
7400,3130,NONE,Försäljning och utfört arbete samt övriga momspliktiga intäkter
7401,3130,NONE,Momsfria intäkter
7400,3131,NONE,Försäljning och utfört arbete samt övriga momspliktiga intäkter
7401,3131,NONE,Momsfria intäkter
7400,3132,NONE,Försäljning och utfört arbete samt övriga momspliktiga intäkter
7401,3132,NONE,Momsfria intäkter
7400,3133,NONE,Försäljning och utfört arbete samt övriga momspliktiga intäkter
7401,3133,NONE,Momsfria intäkter
7400,3134,NONE,Försäljning och utfört arbete samt övriga momspliktiga intäkter
7401,3134,NONE,Momsfria intäkter
7400,3135,NONE,Försäljning och utfört arbete samt övriga momspliktiga intäkter
7401,3135,NONE,Momsfria intäkter
7400,3136,NONE,Försäljning och utfört arbete samt övriga momspliktiga intäkter
7401,3136,NONE,Momsfria intäkter
7400,3137,NONE,Försäljning och utfört arbete samt övriga momspliktiga intäkter
7401,3137,NONE,Momsfria intäkter
7400,3138,NONE,Försäljning och utfört arbete samt övriga momspliktiga intäkter
7401,3138,NONE,Momsfria intäkter
7400,3139,NONE,Försäljning och utfört arbete samt övriga momspliktiga intäkter
7401,3139,NONE,Momsfria intäkter
7400,3140,NONE,Försäljning och utfört arbete samt övriga momspliktiga intäkter
7401,3140,NONE,Momsfria intäkter
7400,3141,NONE,Försäljning och utfört arbete samt övriga momspliktiga intäkter
7401,3141,NONE,Momsfria intäkter
7400,3142,NONE,Försäljning och utfört arbete samt övriga momspliktiga intäkter
7401,3142,NONE,Momsfria intäkter
7400,3143,NONE,Försäljning och utfört arbete samt övriga momspliktiga intäkter
7401,3143,NONE,Momsfria intäkter
7400,3144,NONE,Försäljning och utfört arbete samt övriga momspliktiga intäkter
7401,3144,NONE,Momsfria intäkter
7400,3145,NONE,Försäljning och utfört arbete samt övriga momspliktiga intäkter
7401,3145,NONE,Momsfria intäkter
7400,3146,NONE,Försäljning och utfört arbete samt övriga momspliktiga intäkter
7401,3146,NONE,Momsfria intäkter
7400,3147,NONE,Försäljning och utfört arbete samt övriga momspliktiga intäkter
7401,3147,NONE,Momsfria intäkter
7400,3148,NONE,Försäljning och utfört arbete samt övriga momspliktiga intäkter
7401,3148,NONE,Momsfria intäkter
7400,3149,NONE,Försäljning och utfört arbete samt övriga momspliktiga intäkter
7401,3149,NONE,Momsfria intäkter
7400,3150,NONE,Försäljning och utfört arbete samt övriga momspliktiga intäkter
7401,3150,NONE,Momsfria intäkter
7400,3151,NONE,Försäljning och utfört arbete samt övriga momspliktiga intäkter
7401,3151,NONE,Momsfria intäkter
7400,3152,NONE,Försäljning och utfört arbete samt övriga momspliktiga intäkter
7401,3152,NONE,Momsfria intäkter
7400,3153,NONE,Försäljning och utfört arbete samt övriga momspliktiga intäkter
7401,3153,NONE,Momsfria intäkter
7400,3154,NONE,Försäljning och utfört arbete samt övriga momspliktiga intäkter
7401,3154,NONE,Momsfria intäkter
7400,3155,NONE,Försäljning och utfört arbete samt övriga momspliktiga intäkter
7401,3155,NONE,Momsfria intäkter
7400,3156,NONE,Försäljning och utfört arbete samt övriga momspliktiga intäkter
7401,3156,NONE,Momsfria intäkter
7400,3157,NONE,Försäljning och utfört arbete samt övriga momspliktiga intäkter
7401,3157,NONE,Momsfria intäkter
7400,3158,NONE,Försäljning och utfört arbete samt övriga momspliktiga intäkter
7401,3158,NONE,Momsfria intäkter
7400,3159,NONE,Försäljning och utfört arbete samt övriga momspliktiga intäkter
7401,3159,NONE,Momsfria intäkter
7400,3160,NONE,Försäljning och utfört arbete samt övriga momspliktiga intäkter
7401,3160,NONE,Momsfria intäkter
7400,3161,NONE,Försäljning och utfört arbete samt övriga momspliktiga intäkter
7401,3161,NONE,Momsfria intäkter
7400,3162,NONE,Försäljning och utfört arbete samt övriga momspliktiga intäkter
7401,3162,NONE,Momsfria intäkter
7400,3163,NONE,Försäljning och utfört arbete samt övriga momspliktiga intäkter
7401,3163,NONE,Momsfria intäkter
7400,3164,NONE,Försäljning och utfört arbete samt övriga momspliktiga intäkter
7401,3164,NONE,Momsfria intäkter
7400,3165,NONE,Försäljning och utfört arbete samt övriga momspliktiga intäkter
7401,3165,NONE,Momsfria intäkter
7400,3166,NONE,Försäljning och utfört arbete samt övriga momspliktiga intäkter
7401,3166,NONE,Momsfria intäkter
7400,3167,NONE,Försäljning och utfört arbete samt övriga momspliktiga intäkter
7401,3167,NONE,Momsfria intäkter
7400,3168,NONE,Försäljning och utfört arbete samt övriga momspliktiga intäkter
7401,3168,NONE,Momsfria intäkter
7400,3169,NONE,Försäljning och utfört arbete samt övriga momspliktiga intäkter
7401,3169,NONE,Momsfria intäkter
7400,3170,NONE,Försäljning och utfört arbete samt övriga momspliktiga intäkter
7401,3170,NONE,Momsfria intäkter
7400,3171,NONE,Försäljning och utfört arbete samt övriga momspliktiga intäkter
7401,3171,NONE,Momsfria intäkter
7400,3172,NONE,Försäljning och utfört arbete samt övriga momspliktiga intäkter
7401,3172,NONE,Momsfria intäkter
7400,3173,NONE,Försäljning och utfört arbete samt övriga momspliktiga intäkter
7401,3173,NONE,Momsfria intäkter
7400,3174,NONE,Försäljning och utfört arbete samt övriga momspliktiga intäkter
7401,3174,NONE,Momsfria intäkter
7400,3175,NONE,Försäljning och utfört arbete samt övriga momspliktiga intäkter
7401,3175,NONE,Momsfria intäkter
7400,3176,NONE,Försäljning och utfört arbete samt övriga momspliktiga intäkter
7401,3176,NONE,Momsfria intäkter
7400,3177,NONE,Försäljning och utfört arbete samt övriga momspliktiga intäkter
7401,3177,NONE,Momsfria intäkter
7400,3178,NONE,Försäljning och utfört arbete samt övriga momspliktiga intäkter
7401,3178,NONE,Momsfria intäkter
7400,3179,NONE,Försäljning och utfört arbete samt övriga momspliktiga intäkter
7401,3179,NONE,Momsfria intäkter
7400,3180,NONE,Försäljning och utfört arbete samt övriga momspliktiga intäkter
7401,3180,NONE,Momsfria intäkter
7400,3181,NONE,Försäljning och utfört arbete samt övriga momspliktiga intäkter
7401,3181,NONE,Momsfria intäkter
7400,3182,NONE,Försäljning och utfört arbete samt övriga momspliktiga intäkter
7401,3182,NONE,Momsfria intäkter
7400,3183,NONE,Försäljning och utfört arbete samt övriga momspliktiga intäkter
7401,3183,NONE,Momsfria intäkter
7400,3184,NONE,Försäljning och utfört arbete samt övriga momspliktiga intäkter
7401,3184,NONE,Momsfria intäkter
7400,3185,NONE,Försäljning och utfört arbete samt övriga momspliktiga intäkter
7401,3185,NONE,Momsfria intäkter
7400,3186,NONE,Försäljning och utfört arbete samt övriga momspliktiga intäkter
7401,3186,NONE,Momsfria intäkter
7400,3187,NONE,Försäljning och utfört arbete samt övriga momspliktiga intäkter
7401,3187,NONE,Momsfria intäkter
7400,3188,NONE,Försäljning och utfört arbete samt övriga momspliktiga intäkter
7401,3188,NONE,Momsfria intäkter
7400,3189,NONE,Försäljning och utfört arbete samt övriga momspliktiga intäkter
7401,3189,NONE,Momsfria intäkter
7400,3190,NONE,Försäljning och utfört arbete samt övriga momspliktiga intäkter
7401,3190,NONE,Momsfria intäkter
7400,3191,NONE,Försäljning och utfört arbete samt övriga momspliktiga intäkter
7401,3191,NONE,Momsfria intäkter
7400,3192,NONE,Försäljning och utfört arbete samt övriga momspliktiga intäkter
7401,3192,NONE,Momsfria intäkter
7400,3193,NONE,Försäljning och utfört arbete samt övriga momspliktiga intäkter
7401,3193,NONE,Momsfria intäkter
7400,3194,NONE,Försäljning och utfört arbete samt övriga momspliktiga intäkter
7401,3194,NONE,Momsfria intäkter
7400,3195,NONE,Försäljning och utfört arbete samt övriga momspliktiga intäkter
7401,3195,NONE,Momsfria intäkter
7400,3196,NONE,Försäljning och utfört arbete samt övriga momspliktiga intäkter
7401,3196,NONE,Momsfria intäkter
7400,3197,NONE,Försäljning och utfört arbete samt övriga momspliktiga intäkter
7401,3197,NONE,Momsfria intäkter
7400,3198,NONE,Försäljning och utfört arbete samt övriga momspliktiga intäkter
7401,3198,NONE,Momsfria intäkter
7400,3199,NONE,Försäljning och utfört arbete samt övriga momspliktiga intäkter
7401,3199,NONE,Momsfria intäkter
7400,3200,NONE,Försäljning och utfört arbete samt övriga momspliktiga intäkter
7401,3200,NONE,Momsfria intäkter
7400,3201,NONE,Försäljning och utfört arbete samt övriga momspliktiga intäkter
7401,3201,NONE,Momsfria intäkter
7400,3202,NONE,Försäljning och utfört arbete samt övriga momspliktiga intäkter
7401,3202,NONE,Momsfria intäkter
7400,3203,NONE,Försäljning och utfört arbete samt övriga momspliktiga intäkter
7401,3203,NONE,Momsfria intäkter
7400,3204,NONE,Försäljning och utfört arbete samt övriga momspliktiga intäkter
7401,3204,NONE,Momsfria intäkter
7400,3205,NONE,Försäljning och utfört arbete samt övriga momspliktiga intäkter
7401,3205,NONE,Momsfria intäkter
7400,3206,NONE,Försäljning och utfört arbete samt övriga momspliktiga intäkter
7401,3206,NONE,Momsfria intäkter
7400,3207,NONE,Försäljning och utfört arbete samt övriga momspliktiga intäkter
7401,3207,NONE,Momsfria intäkter
7400,3208,NONE,Försäljning och utfört arbete samt övriga momspliktiga intäkter
7401,3208,NONE,Momsfria intäkter
7400,3209,NONE,Försäljning och utfört arbete samt övriga momspliktiga intäkter
7401,3209,NONE,Momsfria intäkter
7400,3210,NONE,Försäljning och utfört arbete samt övriga momspliktiga intäkter
7401,3210,NONE,Momsfria intäkter
7400,3211,NONE,Försäljning och utfört arbete samt övriga momspliktiga intäkter
7401,3211,NONE,Momsfria intäkter
7400,3212,NONE,Försäljning och utfört arbete samt övriga momspliktiga intäkter
7401,3212,NONE,Momsfria intäkter
7400,3213,NONE,Försäljning och utfört arbete samt övriga momspliktiga intäkter
7401,3213,NONE,Momsfria intäkter
7400,3214,NONE,Försäljning och utfört arbete samt övriga momspliktiga intäkter
7401,3214,NONE,Momsfria intäkter
7400,3215,NONE,Försäljning och utfört arbete samt övriga momspliktiga intäkter
7401,3215,NONE,Momsfria intäkter
7400,3216,NONE,Försäljning och utfört arbete samt övriga momspliktiga intäkter
7401,3216,NONE,Momsfria intäkter
7400,3217,NONE,Försäljning och utfört arbete samt övriga momspliktiga intäkter
7401,3217,NONE,Momsfria intäkter
7400,3218,NONE,Försäljning och utfört arbete samt övriga momspliktiga intäkter
7401,3218,NONE,Momsfria intäkter
7400,3219,NONE,Försäljning och utfört arbete samt övriga momspliktiga intäkter
7401,3219,NONE,Momsfria intäkter
7400,3220,NONE,Försäljning och utfört arbete samt övriga momspliktiga intäkter
7401,3220,NONE,Momsfria intäkter
7400,3221,NONE,Försäljning och utfört arbete samt övriga momspliktiga intäkter
7401,3221,NONE,Momsfria intäkter
7400,3222,NONE,Försäljning och utfört arbete samt övriga momspliktiga intäkter
7401,3222,NONE,Momsfria intäkter
7400,3223,NONE,Försäljning och utfört arbete samt övriga momspliktiga intäkter
7401,3223,NONE,Momsfria intäkter
7400,3224,NONE,Försäljning och utfört arbete samt övriga momspliktiga intäkter
7401,3224,NONE,Momsfria intäkter
7400,3225,NONE,Försäljning och utfört arbete samt övriga momspliktiga intäkter
7401,3225,NONE,Momsfria intäkter
7400,3226,NONE,Försäljning och utfört arbete samt övriga momspliktiga intäkter
7401,3226,NONE,Momsfria intäkter
7400,3227,NONE,Försäljning och utfört arbete samt övriga momspliktiga intäkter
7401,3227,NONE,Momsfria intäkter
7400,3228,NONE,Försäljning och utfört arbete samt övriga momspliktiga intäkter
7401,3228,NONE,Momsfria intäkter
7400,3229,NONE,Försäljning och utfört arbete samt övriga momspliktiga intäkter
7401,3229,NONE,Momsfria intäkter
7400,3230,NONE,Försäljning och utfört arbete samt övriga momspliktiga intäkter
7401,3230,NONE,Momsfria intäkter
7400,3231,NONE,Försäljning och utfört arbete samt övriga momspliktiga intäkter
7401,3231,NONE,Momsfria intäkter
7400,3232,NONE,Försäljning och utfört arbete samt övriga momspliktiga intäkter
7401,3232,NONE,Momsfria intäkter
7400,3233,NONE,Försäljning och utfört arbete samt övriga momspliktiga intäkter
7401,3233,NONE,Momsfria intäkter
7400,3234,NONE,Försäljning och utfört arbete samt övriga momspliktiga intäkter
7401,3234,NONE,Momsfria intäkter
7400,3235,NONE,Försäljning och utfört arbete samt övriga momspliktiga intäkter
7401,3235,NONE,Momsfria intäkter
7400,3236,NONE,Försäljning och utfört arbete samt övriga momspliktiga intäkter
7401,3236,NONE,Momsfria intäkter
7400,3237,NONE,Försäljning och utfört arbete samt övriga momspliktiga intäkter
7401,3237,NONE,Momsfria intäkter
7400,3238,NONE,Försäljning och utfört arbete samt övriga momspliktiga intäkter
7401,3238,NONE,Momsfria intäkter
7400,3239,NONE,Försäljning och utfört arbete samt övriga momspliktiga intäkter
7401,3239,NONE,Momsfria intäkter
7400,3240,NONE,Försäljning och utfört arbete samt övriga momspliktiga intäkter
7401,3240,NONE,Momsfria intäkter
7400,3241,NONE,Försäljning och utfört arbete samt övriga momspliktiga intäkter
7401,3241,NONE,Momsfria intäkter
7400,3242,NONE,Försäljning och utfört arbete samt övriga momspliktiga intäkter
7401,3242,NONE,Momsfria intäkter
7400,3243,NONE,Försäljning och utfört arbete samt övriga momspliktiga intäkter
7401,3243,NONE,Momsfria intäkter
7400,3244,NONE,Försäljning och utfört arbete samt övriga momspliktiga intäkter
7401,3244,NONE,Momsfria intäkter
7400,3245,NONE,Försäljning och utfört arbete samt övriga momspliktiga intäkter
7401,3245,NONE,Momsfria intäkter
7400,3246,NONE,Försäljning och utfört arbete samt övriga momspliktiga intäkter
7401,3246,NONE,Momsfria intäkter
7400,3247,NONE,Försäljning och utfört arbete samt övriga momspliktiga intäkter
7401,3247,NONE,Momsfria intäkter
7400,3248,NONE,Försäljning och utfört arbete samt övriga momspliktiga intäkter
7401,3248,NONE,Momsfria intäkter
7400,3249,NONE,Försäljning och utfört arbete samt övriga momspliktiga intäkter
7401,3249,NONE,Momsfria intäkter
7400,3250,NONE,Försäljning och utfört arbete samt övriga momspliktiga intäkter
7401,3250,NONE,Momsfria intäkter
7400,3251,NONE,Försäljning och utfört arbete samt övriga momspliktiga intäkter
7401,3251,NONE,Momsfria intäkter
7400,3252,NONE,Försäljning och utfört arbete samt övriga momspliktiga intäkter
7401,3252,NONE,Momsfria intäkter
7400,3253,NONE,Försäljning och utfört arbete samt övriga momspliktiga intäkter
7401,3253,NONE,Momsfria intäkter
7400,3254,NONE,Försäljning och utfört arbete samt övriga momspliktiga intäkter
7401,3254,NONE,Momsfria intäkter
7400,3255,NONE,Försäljning och utfört arbete samt övriga momspliktiga intäkter
7401,3255,NONE,Momsfria intäkter
7400,3256,NONE,Försäljning och utfört arbete samt övriga momspliktiga intäkter
7401,3256,NONE,Momsfria intäkter
7400,3257,NONE,Försäljning och utfört arbete samt övriga momspliktiga intäkter
7401,3257,NONE,Momsfria intäkter
7400,3258,NONE,Försäljning och utfört arbete samt övriga momspliktiga intäkter
7401,3258,NONE,Momsfria intäkter
7400,3259,NONE,Försäljning och utfört arbete samt övriga momspliktiga intäkter
7401,3259,NONE,Momsfria intäkter
7400,3260,NONE,Försäljning och utfört arbete samt övriga momspliktiga intäkter
7401,3260,NONE,Momsfria intäkter
7400,3261,NONE,Försäljning och utfört arbete samt övriga momspliktiga intäkter
7401,3261,NONE,Momsfria intäkter
7400,3262,NONE,Försäljning och utfört arbete samt övriga momspliktiga intäkter
7401,3262,NONE,Momsfria intäkter
7400,3263,NONE,Försäljning och utfört arbete samt övriga momspliktiga intäkter
7401,3263,NONE,Momsfria intäkter
7400,3264,NONE,Försäljning och utfört arbete samt övriga momspliktiga intäkter
7401,3264,NONE,Momsfria intäkter
7400,3265,NONE,Försäljning och utfört arbete samt övriga momspliktiga intäkter
7401,3265,NONE,Momsfria intäkter
7400,3266,NONE,Försäljning och utfört arbete samt övriga momspliktiga intäkter
7401,3266,NONE,Momsfria intäkter
7400,3267,NONE,Försäljning och utfört arbete samt övriga momspliktiga intäkter
7401,3267,NONE,Momsfria intäkter
7400,3268,NONE,Försäljning och utfört arbete samt övriga momspliktiga intäkter
7401,3268,NONE,Momsfria intäkter
7400,3269,NONE,Försäljning och utfört arbete samt övriga momspliktiga intäkter
7401,3269,NONE,Momsfria intäkter
7400,3270,NONE,Försäljning och utfört arbete samt övriga momspliktiga intäkter
7401,3270,NONE,Momsfria intäkter
7400,3271,NONE,Försäljning och utfört arbete samt övriga momspliktiga intäkter
7401,3271,NONE,Momsfria intäkter
7400,3272,NONE,Försäljning och utfört arbete samt övriga momspliktiga intäkter
7401,3272,NONE,Momsfria intäkter
7400,3273,NONE,Försäljning och utfört arbete samt övriga momspliktiga intäkter
7401,3273,NONE,Momsfria intäkter
7400,3274,NONE,Försäljning och utfört arbete samt övriga momspliktiga intäkter
7401,3274,NONE,Momsfria intäkter
7400,3275,NONE,Försäljning och utfört arbete samt övriga momspliktiga intäkter
7401,3275,NONE,Momsfria intäkter
7400,3276,NONE,Försäljning och utfört arbete samt övriga momspliktiga intäkter
7401,3276,NONE,Momsfria intäkter
7400,3277,NONE,Försäljning och utfört arbete samt övriga momspliktiga intäkter
7401,3277,NONE,Momsfria intäkter
7400,3278,NONE,Försäljning och utfört arbete samt övriga momspliktiga intäkter
7401,3278,NONE,Momsfria intäkter
7400,3279,NONE,Försäljning och utfört arbete samt övriga momspliktiga intäkter
7401,3279,NONE,Momsfria intäkter
7400,3280,NONE,Försäljning och utfört arbete samt övriga momspliktiga intäkter
7401,3280,NONE,Momsfria intäkter
7400,3281,NONE,Försäljning och utfört arbete samt övriga momspliktiga intäkter
7401,3281,NONE,Momsfria intäkter
7400,3282,NONE,Försäljning och utfört arbete samt övriga momspliktiga intäkter
7401,3282,NONE,Momsfria intäkter
7400,3283,NONE,Försäljning och utfört arbete samt övriga momspliktiga intäkter
7401,3283,NONE,Momsfria intäkter
7400,3284,NONE,Försäljning och utfört arbete samt övriga momspliktiga intäkter
7401,3284,NONE,Momsfria intäkter
7400,3285,NONE,Försäljning och utfört arbete samt övriga momspliktiga intäkter
7401,3285,NONE,Momsfria intäkter
7400,3286,NONE,Försäljning och utfört arbete samt övriga momspliktiga intäkter
7401,3286,NONE,Momsfria intäkter
7400,3287,NONE,Försäljning och utfört arbete samt övriga momspliktiga intäkter
7401,3287,NONE,Momsfria intäkter
7400,3288,NONE,Försäljning och utfört arbete samt övriga momspliktiga intäkter
7401,3288,NONE,Momsfria intäkter
7400,3289,NONE,Försäljning och utfört arbete samt övriga momspliktiga intäkter
7401,3289,NONE,Momsfria intäkter
7400,3290,NONE,Försäljning och utfört arbete samt övriga momspliktiga intäkter
7401,3290,NONE,Momsfria intäkter
7400,3291,NONE,Försäljning och utfört arbete samt övriga momspliktiga intäkter
7401,3291,NONE,Momsfria intäkter
7400,3292,NONE,Försäljning och utfört arbete samt övriga momspliktiga intäkter
7401,3292,NONE,Momsfria intäkter
7400,3293,NONE,Försäljning och utfört arbete samt övriga momspliktiga intäkter
7401,3293,NONE,Momsfria intäkter
7400,3294,NONE,Försäljning och utfört arbete samt övriga momspliktiga intäkter
7401,3294,NONE,Momsfria intäkter
7400,3295,NONE,Försäljning och utfört arbete samt övriga momspliktiga intäkter
7401,3295,NONE,Momsfria intäkter
7400,3296,NONE,Försäljning och utfört arbete samt övriga momspliktiga intäkter
7401,3296,NONE,Momsfria intäkter
7400,3297,NONE,Försäljning och utfört arbete samt övriga momspliktiga intäkter
7401,3297,NONE,Momsfria intäkter
7400,3298,NONE,Försäljning och utfört arbete samt övriga momspliktiga intäkter
7401,3298,NONE,Momsfria intäkter
7400,3299,NONE,Försäljning och utfört arbete samt övriga momspliktiga intäkter
7401,3299,NONE,Momsfria intäkter
7400,3300,NONE,Försäljning och utfört arbete samt övriga momspliktiga intäkter
7401,3300,NONE,Momsfria intäkter
7400,3301,NONE,Försäljning och utfört arbete samt övriga momspliktiga intäkter
7401,3301,NONE,Momsfria intäkter
7400,3302,NONE,Försäljning och utfört arbete samt övriga momspliktiga intäkter
7401,3302,NONE,Momsfria intäkter
7400,3303,NONE,Försäljning och utfört arbete samt övriga momspliktiga intäkter
7401,3303,NONE,Momsfria intäkter
7400,3304,NONE,Försäljning och utfört arbete samt övriga momspliktiga intäkter
7401,3304,NONE,Momsfria intäkter
7400,3305,NONE,Försäljning och utfört arbete samt övriga momspliktiga intäkter
7401,3305,NONE,Momsfria intäkter
7400,3306,NONE,Försäljning och utfört arbete samt övriga momspliktiga intäkter
7401,3306,NONE,Momsfria intäkter
7400,3307,NONE,Försäljning och utfört arbete samt övriga momspliktiga intäkter
7401,3307,NONE,Momsfria intäkter
7400,3308,NONE,Försäljning och utfört arbete samt övriga momspliktiga intäkter
7401,3308,NONE,Momsfria intäkter
7400,3309,NONE,Försäljning och utfört arbete samt övriga momspliktiga intäkter
7401,3309,NONE,Momsfria intäkter
7400,3310,NONE,Försäljning och utfört arbete samt övriga momspliktiga intäkter
7401,3310,NONE,Momsfria intäkter
7400,3311,NONE,Försäljning och utfört arbete samt övriga momspliktiga intäkter
7401,3311,NONE,Momsfria intäkter
7400,3312,NONE,Försäljning och utfört arbete samt övriga momspliktiga intäkter
7401,3312,NONE,Momsfria intäkter
7400,3313,NONE,Försäljning och utfört arbete samt övriga momspliktiga intäkter
7401,3313,NONE,Momsfria intäkter
7400,3314,NONE,Försäljning och utfört arbete samt övriga momspliktiga intäkter
7401,3314,NONE,Momsfria intäkter
7400,3315,NONE,Försäljning och utfört arbete samt övriga momspliktiga intäkter
7401,3315,NONE,Momsfria intäkter
7400,3316,NONE,Försäljning och utfört arbete samt övriga momspliktiga intäkter
7401,3316,NONE,Momsfria intäkter
7400,3317,NONE,Försäljning och utfört arbete samt övriga momspliktiga intäkter
7401,3317,NONE,Momsfria intäkter
7400,3318,NONE,Försäljning och utfört arbete samt övriga momspliktiga intäkter
7401,3318,NONE,Momsfria intäkter
7400,3319,NONE,Försäljning och utfört arbete samt övriga momspliktiga intäkter
7401,3319,NONE,Momsfria intäkter
7400,3320,NONE,Försäljning och utfört arbete samt övriga momspliktiga intäkter
7401,3320,NONE,Momsfria intäkter
7400,3321,NONE,Försäljning och utfört arbete samt övriga momspliktiga intäkter
7401,3321,NONE,Momsfria intäkter
7400,3322,NONE,Försäljning och utfört arbete samt övriga momspliktiga intäkter
7401,3322,NONE,Momsfria intäkter
7400,3323,NONE,Försäljning och utfört arbete samt övriga momspliktiga intäkter
7401,3323,NONE,Momsfria intäkter
7400,3324,NONE,Försäljning och utfört arbete samt övriga momspliktiga intäkter
7401,3324,NONE,Momsfria intäkter
7400,3325,NONE,Försäljning och utfört arbete samt övriga momspliktiga intäkter
7401,3325,NONE,Momsfria intäkter
7400,3326,NONE,Försäljning och utfört arbete samt övriga momspliktiga intäkter
7401,3326,NONE,Momsfria intäkter
7400,3327,NONE,Försäljning och utfört arbete samt övriga momspliktiga intäkter
7401,3327,NONE,Momsfria intäkter
7400,3328,NONE,Försäljning och utfört arbete samt övriga momspliktiga intäkter
7401,3328,NONE,Momsfria intäkter
7400,3329,NONE,Försäljning och utfört arbete samt övriga momspliktiga intäkter
7401,3329,NONE,Momsfria intäkter
7400,3330,NONE,Försäljning och utfört arbete samt övriga momspliktiga intäkter
7401,3330,NONE,Momsfria intäkter
7400,3331,NONE,Försäljning och utfört arbete samt övriga momspliktiga intäkter
7401,3331,NONE,Momsfria intäkter
7400,3332,NONE,Försäljning och utfört arbete samt övriga momspliktiga intäkter
7401,3332,NONE,Momsfria intäkter
7400,3333,NONE,Försäljning och utfört arbete samt övriga momspliktiga intäkter
7401,3333,NONE,Momsfria intäkter
7400,3334,NONE,Försäljning och utfört arbete samt övriga momspliktiga intäkter
7401,3334,NONE,Momsfria intäkter
7400,3335,NONE,Försäljning och utfört arbete samt övriga momspliktiga intäkter
7401,3335,NONE,Momsfria intäkter
7400,3336,NONE,Försäljning och utfört arbete samt övriga momspliktiga intäkter
7401,3336,NONE,Momsfria intäkter
7400,3337,NONE,Försäljning och utfört arbete samt övriga momspliktiga intäkter
7401,3337,NONE,Momsfria intäkter
7400,3338,NONE,Försäljning och utfört arbete samt övriga momspliktiga intäkter
7401,3338,NONE,Momsfria intäkter
7400,3339,NONE,Försäljning och utfört arbete samt övriga momspliktiga intäkter
7401,3339,NONE,Momsfria intäkter
7400,3340,NONE,Försäljning och utfört arbete samt övriga momspliktiga intäkter
7401,3340,NONE,Momsfria intäkter
7400,3341,NONE,Försäljning och utfört arbete samt övriga momspliktiga intäkter
7401,3341,NONE,Momsfria intäkter
7400,3342,NONE,Försäljning och utfört arbete samt övriga momspliktiga intäkter
7401,3342,NONE,Momsfria intäkter
7400,3343,NONE,Försäljning och utfört arbete samt övriga momspliktiga intäkter
7401,3343,NONE,Momsfria intäkter
7400,3344,NONE,Försäljning och utfört arbete samt övriga momspliktiga intäkter
7401,3344,NONE,Momsfria intäkter
7400,3345,NONE,Försäljning och utfört arbete samt övriga momspliktiga intäkter
7401,3345,NONE,Momsfria intäkter
7400,3346,NONE,Försäljning och utfört arbete samt övriga momspliktiga intäkter
7401,3346,NONE,Momsfria intäkter
7400,3347,NONE,Försäljning och utfört arbete samt övriga momspliktiga intäkter
7401,3347,NONE,Momsfria intäkter
7400,3348,NONE,Försäljning och utfört arbete samt övriga momspliktiga intäkter
7401,3348,NONE,Momsfria intäkter
7400,3349,NONE,Försäljning och utfört arbete samt övriga momspliktiga intäkter
7401,3349,NONE,Momsfria intäkter
7400,3350,NONE,Försäljning och utfört arbete samt övriga momspliktiga intäkter
7401,3350,NONE,Momsfria intäkter
7400,3351,NONE,Försäljning och utfört arbete samt övriga momspliktiga intäkter
7401,3351,NONE,Momsfria intäkter
7400,3352,NONE,Försäljning och utfört arbete samt övriga momspliktiga intäkter
7401,3352,NONE,Momsfria intäkter
7400,3353,NONE,Försäljning och utfört arbete samt övriga momspliktiga intäkter
7401,3353,NONE,Momsfria intäkter
7400,3354,NONE,Försäljning och utfört arbete samt övriga momspliktiga intäkter
7401,3354,NONE,Momsfria intäkter
7400,3355,NONE,Försäljning och utfört arbete samt övriga momspliktiga intäkter
7401,3355,NONE,Momsfria intäkter
7400,3356,NONE,Försäljning och utfört arbete samt övriga momspliktiga intäkter
7401,3356,NONE,Momsfria intäkter
7400,3357,NONE,Försäljning och utfört arbete samt övriga momspliktiga intäkter
7401,3357,NONE,Momsfria intäkter
7400,3358,NONE,Försäljning och utfört arbete samt övriga momspliktiga intäkter
7401,3358,NONE,Momsfria intäkter
7400,3359,NONE,Försäljning och utfört arbete samt övriga momspliktiga intäkter
7401,3359,NONE,Momsfria intäkter
7400,3360,NONE,Försäljning och utfört arbete samt övriga momspliktiga intäkter
7401,3360,NONE,Momsfria intäkter
7400,3361,NONE,Försäljning och utfört arbete samt övriga momspliktiga intäkter
7401,3361,NONE,Momsfria intäkter
7400,3362,NONE,Försäljning och utfört arbete samt övriga momspliktiga intäkter
7401,3362,NONE,Momsfria intäkter
7400,3363,NONE,Försäljning och utfört arbete samt övriga momspliktiga intäkter
7401,3363,NONE,Momsfria intäkter
7400,3364,NONE,Försäljning och utfört arbete samt övriga momspliktiga intäkter
7401,3364,NONE,Momsfria intäkter
7400,3365,NONE,Försäljning och utfört arbete samt övriga momspliktiga intäkter
7401,3365,NONE,Momsfria intäkter
7400,3366,NONE,Försäljning och utfört arbete samt övriga momspliktiga intäkter
7401,3366,NONE,Momsfria intäkter
7400,3367,NONE,Försäljning och utfört arbete samt övriga momspliktiga intäkter
7401,3367,NONE,Momsfria intäkter
7400,3368,NONE,Försäljning och utfört arbete samt övriga momspliktiga intäkter
7401,3368,NONE,Momsfria intäkter
7400,3369,NONE,Försäljning och utfört arbete samt övriga momspliktiga intäkter
7401,3369,NONE,Momsfria intäkter
7400,3370,NONE,Försäljning och utfört arbete samt övriga momspliktiga intäkter
7401,3370,NONE,Momsfria intäkter
7400,3371,NONE,Försäljning och utfört arbete samt övriga momspliktiga intäkter
7401,3371,NONE,Momsfria intäkter
7400,3372,NONE,Försäljning och utfört arbete samt övriga momspliktiga intäkter
7401,3372,NONE,Momsfria intäkter
7400,3373,NONE,Försäljning och utfört arbete samt övriga momspliktiga intäkter
7401,3373,NONE,Momsfria intäkter
7400,3374,NONE,Försäljning och utfört arbete samt övriga momspliktiga intäkter
7401,3374,NONE,Momsfria intäkter
7400,3375,NONE,Försäljning och utfört arbete samt övriga momspliktiga intäkter
7401,3375,NONE,Momsfria intäkter
7400,3376,NONE,Försäljning och utfört arbete samt övriga momspliktiga intäkter
7401,3376,NONE,Momsfria intäkter
7400,3377,NONE,Försäljning och utfört arbete samt övriga momspliktiga intäkter
7401,3377,NONE,Momsfria intäkter
7400,3378,NONE,Försäljning och utfört arbete samt övriga momspliktiga intäkter
7401,3378,NONE,Momsfria intäkter
7400,3379,NONE,Försäljning och utfört arbete samt övriga momspliktiga intäkter
7401,3379,NONE,Momsfria intäkter
7400,3380,NONE,Försäljning och utfört arbete samt övriga momspliktiga intäkter
7401,3380,NONE,Momsfria intäkter
7400,3381,NONE,Försäljning och utfört arbete samt övriga momspliktiga intäkter
7401,3381,NONE,Momsfria intäkter
7400,3382,NONE,Försäljning och utfört arbete samt övriga momspliktiga intäkter
7401,3382,NONE,Momsfria intäkter
7400,3383,NONE,Försäljning och utfört arbete samt övriga momspliktiga intäkter
7401,3383,NONE,Momsfria intäkter
7400,3384,NONE,Försäljning och utfört arbete samt övriga momspliktiga intäkter
7401,3384,NONE,Momsfria intäkter
7400,3385,NONE,Försäljning och utfört arbete samt övriga momspliktiga intäkter
7401,3385,NONE,Momsfria intäkter
7400,3386,NONE,Försäljning och utfört arbete samt övriga momspliktiga intäkter
7401,3386,NONE,Momsfria intäkter
7400,3387,NONE,Försäljning och utfört arbete samt övriga momspliktiga intäkter
7401,3387,NONE,Momsfria intäkter
7400,3388,NONE,Försäljning och utfört arbete samt övriga momspliktiga intäkter
7401,3388,NONE,Momsfria intäkter
7400,3389,NONE,Försäljning och utfört arbete samt övriga momspliktiga intäkter
7401,3389,NONE,Momsfria intäkter
7400,3390,NONE,Försäljning och utfört arbete samt övriga momspliktiga intäkter
7401,3390,NONE,Momsfria intäkter
7400,3391,NONE,Försäljning och utfört arbete samt övriga momspliktiga intäkter
7401,3391,NONE,Momsfria intäkter
7400,3392,NONE,Försäljning och utfört arbete samt övriga momspliktiga intäkter
7401,3392,NONE,Momsfria intäkter
7400,3393,NONE,Försäljning och utfört arbete samt övriga momspliktiga intäkter
7401,3393,NONE,Momsfria intäkter
7400,3394,NONE,Försäljning och utfört arbete samt övriga momspliktiga intäkter
7401,3394,NONE,Momsfria intäkter
7400,3395,NONE,Försäljning och utfört arbete samt övriga momspliktiga intäkter
7401,3395,NONE,Momsfria intäkter
7400,3396,NONE,Försäljning och utfört arbete samt övriga momspliktiga intäkter
7401,3396,NONE,Momsfria intäkter
7400,3397,NONE,Försäljning och utfört arbete samt övriga momspliktiga intäkter
7401,3397,NONE,Momsfria intäkter
7400,3398,NONE,Försäljning och utfört arbete samt övriga momspliktiga intäkter
7401,3398,NONE,Momsfria intäkter
7400,3399,NONE,Försäljning och utfört arbete samt övriga momspliktiga intäkter
7401,3399,NONE,Momsfria intäkter
7400,3400,NONE,Försäljning och utfört arbete samt övriga momspliktiga intäkter
7401,3400,NONE,Momsfria intäkter
7400,3401,NONE,Försäljning och utfört arbete samt övriga momspliktiga intäkter
7401,3401,NONE,Momsfria intäkter
7400,3402,NONE,Försäljning och utfört arbete samt övriga momspliktiga intäkter
7401,3402,NONE,Momsfria intäkter
7400,3403,NONE,Försäljning och utfört arbete samt övriga momspliktiga intäkter
7401,3403,NONE,Momsfria intäkter
7400,3404,NONE,Försäljning och utfört arbete samt övriga momspliktiga intäkter
7401,3404,NONE,Momsfria intäkter
7400,3405,NONE,Försäljning och utfört arbete samt övriga momspliktiga intäkter
7401,3405,NONE,Momsfria intäkter
7400,3406,NONE,Försäljning och utfört arbete samt övriga momspliktiga intäkter
7401,3406,NONE,Momsfria intäkter
7400,3407,NONE,Försäljning och utfört arbete samt övriga momspliktiga intäkter
7401,3407,NONE,Momsfria intäkter
7400,3408,NONE,Försäljning och utfört arbete samt övriga momspliktiga intäkter
7401,3408,NONE,Momsfria intäkter
7400,3409,NONE,Försäljning och utfört arbete samt övriga momspliktiga intäkter
7401,3409,NONE,Momsfria intäkter
7400,3410,NONE,Försäljning och utfört arbete samt övriga momspliktiga intäkter
7401,3410,NONE,Momsfria intäkter
7400,3411,NONE,Försäljning och utfört arbete samt övriga momspliktiga intäkter
7401,3411,NONE,Momsfria intäkter
7400,3412,NONE,Försäljning och utfört arbete samt övriga momspliktiga intäkter
7401,3412,NONE,Momsfria intäkter
7400,3413,NONE,Försäljning och utfört arbete samt övriga momspliktiga intäkter
7401,3413,NONE,Momsfria intäkter
7400,3414,NONE,Försäljning och utfört arbete samt övriga momspliktiga intäkter
7401,3414,NONE,Momsfria intäkter
7400,3415,NONE,Försäljning och utfört arbete samt övriga momspliktiga intäkter
7401,3415,NONE,Momsfria intäkter
7400,3416,NONE,Försäljning och utfört arbete samt övriga momspliktiga intäkter
7401,3416,NONE,Momsfria intäkter
7400,3417,NONE,Försäljning och utfört arbete samt övriga momspliktiga intäkter
7401,3417,NONE,Momsfria intäkter
7400,3418,NONE,Försäljning och utfört arbete samt övriga momspliktiga intäkter
7401,3418,NONE,Momsfria intäkter
7400,3419,NONE,Försäljning och utfört arbete samt övriga momspliktiga intäkter
7401,3419,NONE,Momsfria intäkter
7400,3420,NONE,Försäljning och utfört arbete samt övriga momspliktiga intäkter
7401,3420,NONE,Momsfria intäkter
7400,3421,NONE,Försäljning och utfört arbete samt övriga momspliktiga intäkter
7401,3421,NONE,Momsfria intäkter
7400,3422,NONE,Försäljning och utfört arbete samt övriga momspliktiga intäkter
7401,3422,NONE,Momsfria intäkter
7400,3423,NONE,Försäljning och utfört arbete samt övriga momspliktiga intäkter
7401,3423,NONE,Momsfria intäkter
7400,3424,NONE,Försäljning och utfört arbete samt övriga momspliktiga intäkter
7401,3424,NONE,Momsfria intäkter
7400,3425,NONE,Försäljning och utfört arbete samt övriga momspliktiga intäkter
7401,3425,NONE,Momsfria intäkter
7400,3426,NONE,Försäljning och utfört arbete samt övriga momspliktiga intäkter
7401,3426,NONE,Momsfria intäkter
7400,3427,NONE,Försäljning och utfört arbete samt övriga momspliktiga intäkter
7401,3427,NONE,Momsfria intäkter
7400,3428,NONE,Försäljning och utfört arbete samt övriga momspliktiga intäkter
7401,3428,NONE,Momsfria intäkter
7400,3429,NONE,Försäljning och utfört arbete samt övriga momspliktiga intäkter
7401,3429,NONE,Momsfria intäkter
7400,3430,NONE,Försäljning och utfört arbete samt övriga momspliktiga intäkter
7401,3430,NONE,Momsfria intäkter
7400,3431,NONE,Försäljning och utfört arbete samt övriga momspliktiga intäkter
7401,3431,NONE,Momsfria intäkter
7400,3432,NONE,Försäljning och utfört arbete samt övriga momspliktiga intäkter
7401,3432,NONE,Momsfria intäkter
7400,3433,NONE,Försäljning och utfört arbete samt övriga momspliktiga intäkter
7401,3433,NONE,Momsfria intäkter
7400,3434,NONE,Försäljning och utfört arbete samt övriga momspliktiga intäkter
7401,3434,NONE,Momsfria intäkter
7400,3435,NONE,Försäljning och utfört arbete samt övriga momspliktiga intäkter
7401,3435,NONE,Momsfria intäkter
7400,3436,NONE,Försäljning och utfört arbete samt övriga momspliktiga intäkter
7401,3436,NONE,Momsfria intäkter
7400,3437,NONE,Försäljning och utfört arbete samt övriga momspliktiga intäkter
7401,3437,NONE,Momsfria intäkter
7400,3438,NONE,Försäljning och utfört arbete samt övriga momspliktiga intäkter
7401,3438,NONE,Momsfria intäkter
7400,3439,NONE,Försäljning och utfört arbete samt övriga momspliktiga intäkter
7401,3439,NONE,Momsfria intäkter
7400,3440,NONE,Försäljning och utfört arbete samt övriga momspliktiga intäkter
7401,3440,NONE,Momsfria intäkter
7400,3441,NONE,Försäljning och utfört arbete samt övriga momspliktiga intäkter
7401,3441,NONE,Momsfria intäkter
7400,3442,NONE,Försäljning och utfört arbete samt övriga momspliktiga intäkter
7401,3442,NONE,Momsfria intäkter
7400,3443,NONE,Försäljning och utfört arbete samt övriga momspliktiga intäkter
7401,3443,NONE,Momsfria intäkter
7400,3444,NONE,Försäljning och utfört arbete samt övriga momspliktiga intäkter
7401,3444,NONE,Momsfria intäkter
7400,3445,NONE,Försäljning och utfört arbete samt övriga momspliktiga intäkter
7401,3445,NONE,Momsfria intäkter
7400,3446,NONE,Försäljning och utfört arbete samt övriga momspliktiga intäkter
7401,3446,NONE,Momsfria intäkter
7400,3447,NONE,Försäljning och utfört arbete samt övriga momspliktiga intäkter
7401,3447,NONE,Momsfria intäkter
7400,3448,NONE,Försäljning och utfört arbete samt övriga momspliktiga intäkter
7401,3448,NONE,Momsfria intäkter
7400,3449,NONE,Försäljning och utfört arbete samt övriga momspliktiga intäkter
7401,3449,NONE,Momsfria intäkter
7400,3450,NONE,Försäljning och utfört arbete samt övriga momspliktiga intäkter
7401,3450,NONE,Momsfria intäkter
7400,3451,NONE,Försäljning och utfört arbete samt övriga momspliktiga intäkter
7401,3451,NONE,Momsfria intäkter
7400,3452,NONE,Försäljning och utfört arbete samt övriga momspliktiga intäkter
7401,3452,NONE,Momsfria intäkter
7400,3453,NONE,Försäljning och utfört arbete samt övriga momspliktiga intäkter
7401,3453,NONE,Momsfria intäkter
7400,3454,NONE,Försäljning och utfört arbete samt övriga momspliktiga intäkter
7401,3454,NONE,Momsfria intäkter
7400,3455,NONE,Försäljning och utfört arbete samt övriga momspliktiga intäkter
7401,3455,NONE,Momsfria intäkter
7400,3456,NONE,Försäljning och utfört arbete samt övriga momspliktiga intäkter
7401,3456,NONE,Momsfria intäkter
7400,3457,NONE,Försäljning och utfört arbete samt övriga momspliktiga intäkter
7401,3457,NONE,Momsfria intäkter
7400,3458,NONE,Försäljning och utfört arbete samt övriga momspliktiga intäkter
7401,3458,NONE,Momsfria intäkter
7400,3459,NONE,Försäljning och utfört arbete samt övriga momspliktiga intäkter
7401,3459,NONE,Momsfria intäkter
7400,3460,NONE,Försäljning och utfört arbete samt övriga momspliktiga intäkter
7401,3460,NONE,Momsfria intäkter
7400,3461,NONE,Försäljning och utfört arbete samt övriga momspliktiga intäkter
7401,3461,NONE,Momsfria intäkter
7400,3462,NONE,Försäljning och utfört arbete samt övriga momspliktiga intäkter
7401,3462,NONE,Momsfria intäkter
7400,3463,NONE,Försäljning och utfört arbete samt övriga momspliktiga intäkter
7401,3463,NONE,Momsfria intäkter
7400,3464,NONE,Försäljning och utfört arbete samt övriga momspliktiga intäkter
7401,3464,NONE,Momsfria intäkter
7400,3465,NONE,Försäljning och utfört arbete samt övriga momspliktiga intäkter
7401,3465,NONE,Momsfria intäkter
7400,3466,NONE,Försäljning och utfört arbete samt övriga momspliktiga intäkter
7401,3466,NONE,Momsfria intäkter
7400,3467,NONE,Försäljning och utfört arbete samt övriga momspliktiga intäkter
7401,3467,NONE,Momsfria intäkter
7400,3468,NONE,Försäljning och utfört arbete samt övriga momspliktiga intäkter
7401,3468,NONE,Momsfria intäkter
7400,3469,NONE,Försäljning och utfört arbete samt övriga momspliktiga intäkter
7401,3469,NONE,Momsfria intäkter
7400,3470,NONE,Försäljning och utfört arbete samt övriga momspliktiga intäkter
7401,3470,NONE,Momsfria intäkter
7400,3471,NONE,Försäljning och utfört arbete samt övriga momspliktiga intäkter
7401,3471,NONE,Momsfria intäkter
7400,3472,NONE,Försäljning och utfört arbete samt övriga momspliktiga intäkter
7401,3472,NONE,Momsfria intäkter
7400,3473,NONE,Försäljning och utfört arbete samt övriga momspliktiga intäkter
7401,3473,NONE,Momsfria intäkter
7400,3474,NONE,Försäljning och utfört arbete samt övriga momspliktiga intäkter
7401,3474,NONE,Momsfria intäkter
7400,3475,NONE,Försäljning och utfört arbete samt övriga momspliktiga intäkter
7401,3475,NONE,Momsfria intäkter
7400,3476,NONE,Försäljning och utfört arbete samt övriga momspliktiga intäkter
7401,3476,NONE,Momsfria intäkter
7400,3477,NONE,Försäljning och utfört arbete samt övriga momspliktiga intäkter
7401,3477,NONE,Momsfria intäkter
7400,3478,NONE,Försäljning och utfört arbete samt övriga momspliktiga intäkter
7401,3478,NONE,Momsfria intäkter
7400,3479,NONE,Försäljning och utfört arbete samt övriga momspliktiga intäkter
7401,3479,NONE,Momsfria intäkter
7400,3480,NONE,Försäljning och utfört arbete samt övriga momspliktiga intäkter
7401,3480,NONE,Momsfria intäkter
7400,3481,NONE,Försäljning och utfört arbete samt övriga momspliktiga intäkter
7401,3481,NONE,Momsfria intäkter
7400,3482,NONE,Försäljning och utfört arbete samt övriga momspliktiga intäkter
7401,3482,NONE,Momsfria intäkter
7400,3483,NONE,Försäljning och utfört arbete samt övriga momspliktiga intäkter
7401,3483,NONE,Momsfria intäkter
7400,3484,NONE,Försäljning och utfört arbete samt övriga momspliktiga intäkter
7401,3484,NONE,Momsfria intäkter
7400,3485,NONE,Försäljning och utfört arbete samt övriga momspliktiga intäkter
7401,3485,NONE,Momsfria intäkter
7400,3486,NONE,Försäljning och utfört arbete samt övriga momspliktiga intäkter
7401,3486,NONE,Momsfria intäkter
7400,3487,NONE,Försäljning och utfört arbete samt övriga momspliktiga intäkter
7401,3487,NONE,Momsfria intäkter
7400,3488,NONE,Försäljning och utfört arbete samt övriga momspliktiga intäkter
7401,3488,NONE,Momsfria intäkter
7400,3489,NONE,Försäljning och utfört arbete samt övriga momspliktiga intäkter
7401,3489,NONE,Momsfria intäkter
7400,3490,NONE,Försäljning och utfört arbete samt övriga momspliktiga intäkter
7401,3490,NONE,Momsfria intäkter
7400,3491,NONE,Försäljning och utfört arbete samt övriga momspliktiga intäkter
7401,3491,NONE,Momsfria intäkter
7400,3492,NONE,Försäljning och utfört arbete samt övriga momspliktiga intäkter
7401,3492,NONE,Momsfria intäkter
7400,3493,NONE,Försäljning och utfört arbete samt övriga momspliktiga intäkter
7401,3493,NONE,Momsfria intäkter
7400,3494,NONE,Försäljning och utfört arbete samt övriga momspliktiga intäkter
7401,3494,NONE,Momsfria intäkter
7400,3495,NONE,Försäljning och utfört arbete samt övriga momspliktiga intäkter
7401,3495,NONE,Momsfria intäkter
7400,3496,NONE,Försäljning och utfört arbete samt övriga momspliktiga intäkter
7401,3496,NONE,Momsfria intäkter
7400,3497,NONE,Försäljning och utfört arbete samt övriga momspliktiga intäkter
7401,3497,NONE,Momsfria intäkter
7400,3498,NONE,Försäljning och utfört arbete samt övriga momspliktiga intäkter
7401,3498,NONE,Momsfria intäkter
7400,3499,NONE,Försäljning och utfört arbete samt övriga momspliktiga intäkter
7401,3499,NONE,Momsfria intäkter
7400,3500,NONE,Försäljning och utfört arbete samt övriga momspliktiga intäkter
7401,3500,NONE,Momsfria intäkter
7400,3501,NONE,Försäljning och utfört arbete samt övriga momspliktiga intäkter
7401,3501,NONE,Momsfria intäkter
7400,3502,NONE,Försäljning och utfört arbete samt övriga momspliktiga intäkter
7401,3502,NONE,Momsfria intäkter
7400,3503,NONE,Försäljning och utfört arbete samt övriga momspliktiga intäkter
7401,3503,NONE,Momsfria intäkter
7400,3504,NONE,Försäljning och utfört arbete samt övriga momspliktiga intäkter
7401,3504,NONE,Momsfria intäkter
7400,3505,NONE,Försäljning och utfört arbete samt övriga momspliktiga intäkter
7401,3505,NONE,Momsfria intäkter
7400,3506,NONE,Försäljning och utfört arbete samt övriga momspliktiga intäkter
7401,3506,NONE,Momsfria intäkter
7400,3507,NONE,Försäljning och utfört arbete samt övriga momspliktiga intäkter
7401,3507,NONE,Momsfria intäkter
7400,3508,NONE,Försäljning och utfört arbete samt övriga momspliktiga intäkter
7401,3508,NONE,Momsfria intäkter
7400,3509,NONE,Försäljning och utfört arbete samt övriga momspliktiga intäkter
7401,3509,NONE,Momsfria intäkter
7400,3510,NONE,Försäljning och utfört arbete samt övriga momspliktiga intäkter
7401,3510,NONE,Momsfria intäkter
7400,3511,NONE,Försäljning och utfört arbete samt övriga momspliktiga intäkter
7401,3511,NONE,Momsfria intäkter
7400,3512,NONE,Försäljning och utfört arbete samt övriga momspliktiga intäkter
7401,3512,NONE,Momsfria intäkter
7400,3513,NONE,Försäljning och utfört arbete samt övriga momspliktiga intäkter
7401,3513,NONE,Momsfria intäkter
7400,3514,NONE,Försäljning och utfört arbete samt övriga momspliktiga intäkter
7401,3514,NONE,Momsfria intäkter
7400,3515,NONE,Försäljning och utfört arbete samt övriga momspliktiga intäkter
7401,3515,NONE,Momsfria intäkter
7400,3516,NONE,Försäljning och utfört arbete samt övriga momspliktiga intäkter
7401,3516,NONE,Momsfria intäkter
7400,3517,NONE,Försäljning och utfört arbete samt övriga momspliktiga intäkter
7401,3517,NONE,Momsfria intäkter
7400,3518,NONE,Försäljning och utfört arbete samt övriga momspliktiga intäkter
7401,3518,NONE,Momsfria intäkter
7400,3519,NONE,Försäljning och utfört arbete samt övriga momspliktiga intäkter
7401,3519,NONE,Momsfria intäkter
7400,3520,NONE,Försäljning och utfört arbete samt övriga momspliktiga intäkter
7401,3520,NONE,Momsfria intäkter
7400,3521,NONE,Försäljning och utfört arbete samt övriga momspliktiga intäkter
7401,3521,NONE,Momsfria intäkter
7400,3522,NONE,Försäljning och utfört arbete samt övriga momspliktiga intäkter
7401,3522,NONE,Momsfria intäkter
7400,3523,NONE,Försäljning och utfört arbete samt övriga momspliktiga intäkter
7401,3523,NONE,Momsfria intäkter
7400,3524,NONE,Försäljning och utfört arbete samt övriga momspliktiga intäkter
7401,3524,NONE,Momsfria intäkter
7400,3525,NONE,Försäljning och utfört arbete samt övriga momspliktiga intäkter
7401,3525,NONE,Momsfria intäkter
7400,3526,NONE,Försäljning och utfört arbete samt övriga momspliktiga intäkter
7401,3526,NONE,Momsfria intäkter
7400,3527,NONE,Försäljning och utfört arbete samt övriga momspliktiga intäkter
7401,3527,NONE,Momsfria intäkter
7400,3528,NONE,Försäljning och utfört arbete samt övriga momspliktiga intäkter
7401,3528,NONE,Momsfria intäkter
7400,3529,NONE,Försäljning och utfört arbete samt övriga momspliktiga intäkter
7401,3529,NONE,Momsfria intäkter
7400,3530,NONE,Försäljning och utfört arbete samt övriga momspliktiga intäkter
7401,3530,NONE,Momsfria intäkter
7400,3531,NONE,Försäljning och utfört arbete samt övriga momspliktiga intäkter
7401,3531,NONE,Momsfria intäkter
7400,3532,NONE,Försäljning och utfört arbete samt övriga momspliktiga intäkter
7401,3532,NONE,Momsfria intäkter
7400,3533,NONE,Försäljning och utfört arbete samt övriga momspliktiga intäkter
7401,3533,NONE,Momsfria intäkter
7400,3534,NONE,Försäljning och utfört arbete samt övriga momspliktiga intäkter
7401,3534,NONE,Momsfria intäkter
7400,3535,NONE,Försäljning och utfört arbete samt övriga momspliktiga intäkter
7401,3535,NONE,Momsfria intäkter
7400,3536,NONE,Försäljning och utfört arbete samt övriga momspliktiga intäkter
7401,3536,NONE,Momsfria intäkter
7400,3537,NONE,Försäljning och utfört arbete samt övriga momspliktiga intäkter
7401,3537,NONE,Momsfria intäkter
7400,3538,NONE,Försäljning och utfört arbete samt övriga momspliktiga intäkter
7401,3538,NONE,Momsfria intäkter
7400,3539,NONE,Försäljning och utfört arbete samt övriga momspliktiga intäkter
7401,3539,NONE,Momsfria intäkter
7400,3540,NONE,Försäljning och utfört arbete samt övriga momspliktiga intäkter
7401,3540,NONE,Momsfria intäkter
7400,3541,NONE,Försäljning och utfört arbete samt övriga momspliktiga intäkter
7401,3541,NONE,Momsfria intäkter
7400,3542,NONE,Försäljning och utfört arbete samt övriga momspliktiga intäkter
7401,3542,NONE,Momsfria intäkter
7400,3543,NONE,Försäljning och utfört arbete samt övriga momspliktiga intäkter
7401,3543,NONE,Momsfria intäkter
7400,3544,NONE,Försäljning och utfört arbete samt övriga momspliktiga intäkter
7401,3544,NONE,Momsfria intäkter
7400,3545,NONE,Försäljning och utfört arbete samt övriga momspliktiga intäkter
7401,3545,NONE,Momsfria intäkter
7400,3546,NONE,Försäljning och utfört arbete samt övriga momspliktiga intäkter
7401,3546,NONE,Momsfria intäkter
7400,3547,NONE,Försäljning och utfört arbete samt övriga momspliktiga intäkter
7401,3547,NONE,Momsfria intäkter
7400,3548,NONE,Försäljning och utfört arbete samt övriga momspliktiga intäkter
7401,3548,NONE,Momsfria intäkter
7400,3549,NONE,Försäljning och utfört arbete samt övriga momspliktiga intäkter
7401,3549,NONE,Momsfria intäkter
7400,3550,NONE,Försäljning och utfört arbete samt övriga momspliktiga intäkter
7401,3550,NONE,Momsfria intäkter
7400,3551,NONE,Försäljning och utfört arbete samt övriga momspliktiga intäkter
7401,3551,NONE,Momsfria intäkter
7400,3552,NONE,Försäljning och utfört arbete samt övriga momspliktiga intäkter
7401,3552,NONE,Momsfria intäkter
7400,3553,NONE,Försäljning och utfört arbete samt övriga momspliktiga intäkter
7401,3553,NONE,Momsfria intäkter
7400,3554,NONE,Försäljning och utfört arbete samt övriga momspliktiga intäkter
7401,3554,NONE,Momsfria intäkter
7400,3555,NONE,Försäljning och utfört arbete samt övriga momspliktiga intäkter
7401,3555,NONE,Momsfria intäkter
7400,3556,NONE,Försäljning och utfört arbete samt övriga momspliktiga intäkter
7401,3556,NONE,Momsfria intäkter
7400,3557,NONE,Försäljning och utfört arbete samt övriga momspliktiga intäkter
7401,3557,NONE,Momsfria intäkter
7400,3558,NONE,Försäljning och utfört arbete samt övriga momspliktiga intäkter
7401,3558,NONE,Momsfria intäkter
7400,3559,NONE,Försäljning och utfört arbete samt övriga momspliktiga intäkter
7401,3559,NONE,Momsfria intäkter
7400,3560,NONE,Försäljning och utfört arbete samt övriga momspliktiga intäkter
7401,3560,NONE,Momsfria intäkter
7400,3561,NONE,Försäljning och utfört arbete samt övriga momspliktiga intäkter
7401,3561,NONE,Momsfria intäkter
7400,3562,NONE,Försäljning och utfört arbete samt övriga momspliktiga intäkter
7401,3562,NONE,Momsfria intäkter
7400,3563,NONE,Försäljning och utfört arbete samt övriga momspliktiga intäkter
7401,3563,NONE,Momsfria intäkter
7400,3564,NONE,Försäljning och utfört arbete samt övriga momspliktiga intäkter
7401,3564,NONE,Momsfria intäkter
7400,3565,NONE,Försäljning och utfört arbete samt övriga momspliktiga intäkter
7401,3565,NONE,Momsfria intäkter
7400,3566,NONE,Försäljning och utfört arbete samt övriga momspliktiga intäkter
7401,3566,NONE,Momsfria intäkter
7400,3567,NONE,Försäljning och utfört arbete samt övriga momspliktiga intäkter
7401,3567,NONE,Momsfria intäkter
7400,3568,NONE,Försäljning och utfört arbete samt övriga momspliktiga intäkter
7401,3568,NONE,Momsfria intäkter
7400,3569,NONE,Försäljning och utfört arbete samt övriga momspliktiga intäkter
7401,3569,NONE,Momsfria intäkter
7400,3570,NONE,Försäljning och utfört arbete samt övriga momspliktiga intäkter
7401,3570,NONE,Momsfria intäkter
7400,3571,NONE,Försäljning och utfört arbete samt övriga momspliktiga intäkter
7401,3571,NONE,Momsfria intäkter
7400,3572,NONE,Försäljning och utfört arbete samt övriga momspliktiga intäkter
7401,3572,NONE,Momsfria intäkter
7400,3573,NONE,Försäljning och utfört arbete samt övriga momspliktiga intäkter
7401,3573,NONE,Momsfria intäkter
7400,3574,NONE,Försäljning och utfört arbete samt övriga momspliktiga intäkter
7401,3574,NONE,Momsfria intäkter
7400,3575,NONE,Försäljning och utfört arbete samt övriga momspliktiga intäkter
7401,3575,NONE,Momsfria intäkter
7400,3576,NONE,Försäljning och utfört arbete samt övriga momspliktiga intäkter
7401,3576,NONE,Momsfria intäkter
7400,3577,NONE,Försäljning och utfört arbete samt övriga momspliktiga intäkter
7401,3577,NONE,Momsfria intäkter
7400,3578,NONE,Försäljning och utfört arbete samt övriga momspliktiga intäkter
7401,3578,NONE,Momsfria intäkter
7400,3579,NONE,Försäljning och utfört arbete samt övriga momspliktiga intäkter
7401,3579,NONE,Momsfria intäkter
7400,3580,NONE,Försäljning och utfört arbete samt övriga momspliktiga intäkter
7401,3580,NONE,Momsfria intäkter
7400,3581,NONE,Försäljning och utfört arbete samt övriga momspliktiga intäkter
7401,3581,NONE,Momsfria intäkter
7400,3582,NONE,Försäljning och utfört arbete samt övriga momspliktiga intäkter
7401,3582,NONE,Momsfria intäkter
7400,3583,NONE,Försäljning och utfört arbete samt övriga momspliktiga intäkter
7401,3583,NONE,Momsfria intäkter
7400,3584,NONE,Försäljning och utfört arbete samt övriga momspliktiga intäkter
7401,3584,NONE,Momsfria intäkter
7400,3585,NONE,Försäljning och utfört arbete samt övriga momspliktiga intäkter
7401,3585,NONE,Momsfria intäkter
7400,3586,NONE,Försäljning och utfört arbete samt övriga momspliktiga intäkter
7401,3586,NONE,Momsfria intäkter
7400,3587,NONE,Försäljning och utfört arbete samt övriga momspliktiga intäkter
7401,3587,NONE,Momsfria intäkter
7400,3588,NONE,Försäljning och utfört arbete samt övriga momspliktiga intäkter
7401,3588,NONE,Momsfria intäkter
7400,3589,NONE,Försäljning och utfört arbete samt övriga momspliktiga intäkter
7401,3589,NONE,Momsfria intäkter
7400,3590,NONE,Försäljning och utfört arbete samt övriga momspliktiga intäkter
7401,3590,NONE,Momsfria intäkter
7400,3591,NONE,Försäljning och utfört arbete samt övriga momspliktiga intäkter
7401,3591,NONE,Momsfria intäkter
7400,3592,NONE,Försäljning och utfört arbete samt övriga momspliktiga intäkter
7401,3592,NONE,Momsfria intäkter
7400,3593,NONE,Försäljning och utfört arbete samt övriga momspliktiga intäkter
7401,3593,NONE,Momsfria intäkter
7400,3594,NONE,Försäljning och utfört arbete samt övriga momspliktiga intäkter
7401,3594,NONE,Momsfria intäkter
7400,3595,NONE,Försäljning och utfört arbete samt övriga momspliktiga intäkter
7401,3595,NONE,Momsfria intäkter
7400,3596,NONE,Försäljning och utfört arbete samt övriga momspliktiga intäkter
7401,3596,NONE,Momsfria intäkter
7400,3597,NONE,Försäljning och utfört arbete samt övriga momspliktiga intäkter
7401,3597,NONE,Momsfria intäkter
7400,3598,NONE,Försäljning och utfört arbete samt övriga momspliktiga intäkter
7401,3598,NONE,Momsfria intäkter
7400,3599,NONE,Försäljning och utfört arbete samt övriga momspliktiga intäkter
7401,3599,NONE,Momsfria intäkter
7400,3600,NONE,Försäljning och utfört arbete samt övriga momspliktiga intäkter
7401,3600,NONE,Momsfria intäkter
7400,3601,NONE,Försäljning och utfört arbete samt övriga momspliktiga intäkter
7401,3601,NONE,Momsfria intäkter
7400,3602,NONE,Försäljning och utfört arbete samt övriga momspliktiga intäkter
7401,3602,NONE,Momsfria intäkter
7400,3603,NONE,Försäljning och utfört arbete samt övriga momspliktiga intäkter
7401,3603,NONE,Momsfria intäkter
7400,3604,NONE,Försäljning och utfört arbete samt övriga momspliktiga intäkter
7401,3604,NONE,Momsfria intäkter
7400,3605,NONE,Försäljning och utfört arbete samt övriga momspliktiga intäkter
7401,3605,NONE,Momsfria intäkter
7400,3606,NONE,Försäljning och utfört arbete samt övriga momspliktiga intäkter
7401,3606,NONE,Momsfria intäkter
7400,3607,NONE,Försäljning och utfört arbete samt övriga momspliktiga intäkter
7401,3607,NONE,Momsfria intäkter
7400,3608,NONE,Försäljning och utfört arbete samt övriga momspliktiga intäkter
7401,3608,NONE,Momsfria intäkter
7400,3609,NONE,Försäljning och utfört arbete samt övriga momspliktiga intäkter
7401,3609,NONE,Momsfria intäkter
7400,3610,NONE,Försäljning och utfört arbete samt övriga momspliktiga intäkter
7401,3610,NONE,Momsfria intäkter
7400,3611,NONE,Försäljning och utfört arbete samt övriga momspliktiga intäkter
7401,3611,NONE,Momsfria intäkter
7400,3612,NONE,Försäljning och utfört arbete samt övriga momspliktiga intäkter
7401,3612,NONE,Momsfria intäkter
7400,3613,NONE,Försäljning och utfört arbete samt övriga momspliktiga intäkter
7401,3613,NONE,Momsfria intäkter
7400,3614,NONE,Försäljning och utfört arbete samt övriga momspliktiga intäkter
7401,3614,NONE,Momsfria intäkter
7400,3615,NONE,Försäljning och utfört arbete samt övriga momspliktiga intäkter
7401,3615,NONE,Momsfria intäkter
7400,3616,NONE,Försäljning och utfört arbete samt övriga momspliktiga intäkter
7401,3616,NONE,Momsfria intäkter
7400,3617,NONE,Försäljning och utfört arbete samt övriga momspliktiga intäkter
7401,3617,NONE,Momsfria intäkter
7400,3618,NONE,Försäljning och utfört arbete samt övriga momspliktiga intäkter
7401,3618,NONE,Momsfria intäkter
7400,3619,NONE,Försäljning och utfört arbete samt övriga momspliktiga intäkter
7401,3619,NONE,Momsfria intäkter
7400,3620,NONE,Försäljning och utfört arbete samt övriga momspliktiga intäkter
7401,3620,NONE,Momsfria intäkter
7400,3621,NONE,Försäljning och utfört arbete samt övriga momspliktiga intäkter
7401,3621,NONE,Momsfria intäkter
7400,3622,NONE,Försäljning och utfört arbete samt övriga momspliktiga intäkter
7401,3622,NONE,Momsfria intäkter
7400,3623,NONE,Försäljning och utfört arbete samt övriga momspliktiga intäkter
7401,3623,NONE,Momsfria intäkter
7400,3624,NONE,Försäljning och utfört arbete samt övriga momspliktiga intäkter
7401,3624,NONE,Momsfria intäkter
7400,3625,NONE,Försäljning och utfört arbete samt övriga momspliktiga intäkter
7401,3625,NONE,Momsfria intäkter
7400,3626,NONE,Försäljning och utfört arbete samt övriga momspliktiga intäkter
7401,3626,NONE,Momsfria intäkter
7400,3627,NONE,Försäljning och utfört arbete samt övriga momspliktiga intäkter
7401,3627,NONE,Momsfria intäkter
7400,3628,NONE,Försäljning och utfört arbete samt övriga momspliktiga intäkter
7401,3628,NONE,Momsfria intäkter
7400,3629,NONE,Försäljning och utfört arbete samt övriga momspliktiga intäkter
7401,3629,NONE,Momsfria intäkter
7400,3630,NONE,Försäljning och utfört arbete samt övriga momspliktiga intäkter
7401,3630,NONE,Momsfria intäkter
7400,3631,NONE,Försäljning och utfört arbete samt övriga momspliktiga intäkter
7401,3631,NONE,Momsfria intäkter
7400,3632,NONE,Försäljning och utfört arbete samt övriga momspliktiga intäkter
7401,3632,NONE,Momsfria intäkter
7400,3633,NONE,Försäljning och utfört arbete samt övriga momspliktiga intäkter
7401,3633,NONE,Momsfria intäkter
7400,3634,NONE,Försäljning och utfört arbete samt övriga momspliktiga intäkter
7401,3634,NONE,Momsfria intäkter
7400,3635,NONE,Försäljning och utfört arbete samt övriga momspliktiga intäkter
7401,3635,NONE,Momsfria intäkter
7400,3636,NONE,Försäljning och utfört arbete samt övriga momspliktiga intäkter
7401,3636,NONE,Momsfria intäkter
7400,3637,NONE,Försäljning och utfört arbete samt övriga momspliktiga intäkter
7401,3637,NONE,Momsfria intäkter
7400,3638,NONE,Försäljning och utfört arbete samt övriga momspliktiga intäkter
7401,3638,NONE,Momsfria intäkter
7400,3639,NONE,Försäljning och utfört arbete samt övriga momspliktiga intäkter
7401,3639,NONE,Momsfria intäkter
7400,3640,NONE,Försäljning och utfört arbete samt övriga momspliktiga intäkter
7401,3640,NONE,Momsfria intäkter
7400,3641,NONE,Försäljning och utfört arbete samt övriga momspliktiga intäkter
7401,3641,NONE,Momsfria intäkter
7400,3642,NONE,Försäljning och utfört arbete samt övriga momspliktiga intäkter
7401,3642,NONE,Momsfria intäkter
7400,3643,NONE,Försäljning och utfört arbete samt övriga momspliktiga intäkter
7401,3643,NONE,Momsfria intäkter
7400,3644,NONE,Försäljning och utfört arbete samt övriga momspliktiga intäkter
7401,3644,NONE,Momsfria intäkter
7400,3645,NONE,Försäljning och utfört arbete samt övriga momspliktiga intäkter
7401,3645,NONE,Momsfria intäkter
7400,3646,NONE,Försäljning och utfört arbete samt övriga momspliktiga intäkter
7401,3646,NONE,Momsfria intäkter
7400,3647,NONE,Försäljning och utfört arbete samt övriga momspliktiga intäkter
7401,3647,NONE,Momsfria intäkter
7400,3648,NONE,Försäljning och utfört arbete samt övriga momspliktiga intäkter
7401,3648,NONE,Momsfria intäkter
7400,3649,NONE,Försäljning och utfört arbete samt övriga momspliktiga intäkter
7401,3649,NONE,Momsfria intäkter
7400,3650,NONE,Försäljning och utfört arbete samt övriga momspliktiga intäkter
7401,3650,NONE,Momsfria intäkter
7400,3651,NONE,Försäljning och utfört arbete samt övriga momspliktiga intäkter
7401,3651,NONE,Momsfria intäkter
7400,3652,NONE,Försäljning och utfört arbete samt övriga momspliktiga intäkter
7401,3652,NONE,Momsfria intäkter
7400,3653,NONE,Försäljning och utfört arbete samt övriga momspliktiga intäkter
7401,3653,NONE,Momsfria intäkter
7400,3654,NONE,Försäljning och utfört arbete samt övriga momspliktiga intäkter
7401,3654,NONE,Momsfria intäkter
7400,3655,NONE,Försäljning och utfört arbete samt övriga momspliktiga intäkter
7401,3655,NONE,Momsfria intäkter
7400,3656,NONE,Försäljning och utfört arbete samt övriga momspliktiga intäkter
7401,3656,NONE,Momsfria intäkter
7400,3657,NONE,Försäljning och utfört arbete samt övriga momspliktiga intäkter
7401,3657,NONE,Momsfria intäkter
7400,3658,NONE,Försäljning och utfört arbete samt övriga momspliktiga intäkter
7401,3658,NONE,Momsfria intäkter
7400,3659,NONE,Försäljning och utfört arbete samt övriga momspliktiga intäkter
7401,3659,NONE,Momsfria intäkter
7400,3660,NONE,Försäljning och utfört arbete samt övriga momspliktiga intäkter
7401,3660,NONE,Momsfria intäkter
7400,3661,NONE,Försäljning och utfört arbete samt övriga momspliktiga intäkter
7401,3661,NONE,Momsfria intäkter
7400,3662,NONE,Försäljning och utfört arbete samt övriga momspliktiga intäkter
7401,3662,NONE,Momsfria intäkter
7400,3663,NONE,Försäljning och utfört arbete samt övriga momspliktiga intäkter
7401,3663,NONE,Momsfria intäkter
7400,3664,NONE,Försäljning och utfört arbete samt övriga momspliktiga intäkter
7401,3664,NONE,Momsfria intäkter
7400,3665,NONE,Försäljning och utfört arbete samt övriga momspliktiga intäkter
7401,3665,NONE,Momsfria intäkter
7400,3666,NONE,Försäljning och utfört arbete samt övriga momspliktiga intäkter
7401,3666,NONE,Momsfria intäkter
7400,3667,NONE,Försäljning och utfört arbete samt övriga momspliktiga intäkter
7401,3667,NONE,Momsfria intäkter
7400,3668,NONE,Försäljning och utfört arbete samt övriga momspliktiga intäkter
7401,3668,NONE,Momsfria intäkter
7400,3669,NONE,Försäljning och utfört arbete samt övriga momspliktiga intäkter
7401,3669,NONE,Momsfria intäkter
7400,3670,NONE,Försäljning och utfört arbete samt övriga momspliktiga intäkter
7401,3670,NONE,Momsfria intäkter
7400,3671,NONE,Försäljning och utfört arbete samt övriga momspliktiga intäkter
7401,3671,NONE,Momsfria intäkter
7400,3672,NONE,Försäljning och utfört arbete samt övriga momspliktiga intäkter
7401,3672,NONE,Momsfria intäkter
7400,3673,NONE,Försäljning och utfört arbete samt övriga momspliktiga intäkter
7401,3673,NONE,Momsfria intäkter
7400,3674,NONE,Försäljning och utfört arbete samt övriga momspliktiga intäkter
7401,3674,NONE,Momsfria intäkter
7400,3675,NONE,Försäljning och utfört arbete samt övriga momspliktiga intäkter
7401,3675,NONE,Momsfria intäkter
7400,3676,NONE,Försäljning och utfört arbete samt övriga momspliktiga intäkter
7401,3676,NONE,Momsfria intäkter
7400,3677,NONE,Försäljning och utfört arbete samt övriga momspliktiga intäkter
7401,3677,NONE,Momsfria intäkter
7400,3678,NONE,Försäljning och utfört arbete samt övriga momspliktiga intäkter
7401,3678,NONE,Momsfria intäkter
7400,3679,NONE,Försäljning och utfört arbete samt övriga momspliktiga intäkter
7401,3679,NONE,Momsfria intäkter
7400,3680,NONE,Försäljning och utfört arbete samt övriga momspliktiga intäkter
7401,3680,NONE,Momsfria intäkter
7400,3681,NONE,Försäljning och utfört arbete samt övriga momspliktiga intäkter
7401,3681,NONE,Momsfria intäkter
7400,3682,NONE,Försäljning och utfört arbete samt övriga momspliktiga intäkter
7401,3682,NONE,Momsfria intäkter
7400,3683,NONE,Försäljning och utfört arbete samt övriga momspliktiga intäkter
7401,3683,NONE,Momsfria intäkter
7400,3684,NONE,Försäljning och utfört arbete samt övriga momspliktiga intäkter
7401,3684,NONE,Momsfria intäkter
7400,3685,NONE,Försäljning och utfört arbete samt övriga momspliktiga intäkter
7401,3685,NONE,Momsfria intäkter
7400,3686,NONE,Försäljning och utfört arbete samt övriga momspliktiga intäkter
7401,3686,NONE,Momsfria intäkter
7400,3687,NONE,Försäljning och utfört arbete samt övriga momspliktiga intäkter
7401,3687,NONE,Momsfria intäkter
7400,3688,NONE,Försäljning och utfört arbete samt övriga momspliktiga intäkter
7401,3688,NONE,Momsfria intäkter
7400,3689,NONE,Försäljning och utfört arbete samt övriga momspliktiga intäkter
7401,3689,NONE,Momsfria intäkter
7400,3690,NONE,Försäljning och utfört arbete samt övriga momspliktiga intäkter
7401,3690,NONE,Momsfria intäkter
7400,3691,NONE,Försäljning och utfört arbete samt övriga momspliktiga intäkter
7401,3691,NONE,Momsfria intäkter
7400,3692,NONE,Försäljning och utfört arbete samt övriga momspliktiga intäkter
7401,3692,NONE,Momsfria intäkter
7400,3693,NONE,Försäljning och utfört arbete samt övriga momspliktiga intäkter
7401,3693,NONE,Momsfria intäkter
7400,3694,NONE,Försäljning och utfört arbete samt övriga momspliktiga intäkter
7401,3694,NONE,Momsfria intäkter
7400,3695,NONE,Försäljning och utfört arbete samt övriga momspliktiga intäkter
7401,3695,NONE,Momsfria intäkter
7400,3696,NONE,Försäljning och utfört arbete samt övriga momspliktiga intäkter
7401,3696,NONE,Momsfria intäkter
7400,3697,NONE,Försäljning och utfört arbete samt övriga momspliktiga intäkter
7401,3697,NONE,Momsfria intäkter
7400,3698,NONE,Försäljning och utfört arbete samt övriga momspliktiga intäkter
7401,3698,NONE,Momsfria intäkter
7400,3699,NONE,Försäljning och utfört arbete samt övriga momspliktiga intäkter
7401,3699,NONE,Momsfria intäkter
7400,3700,NONE,Försäljning och utfört arbete samt övriga momspliktiga intäkter
7401,3700,NONE,Momsfria intäkter
7400,3701,NONE,Försäljning och utfört arbete samt övriga momspliktiga intäkter
7401,3701,NONE,Momsfria intäkter
7400,3702,NONE,Försäljning och utfört arbete samt övriga momspliktiga intäkter
7401,3702,NONE,Momsfria intäkter
7400,3703,NONE,Försäljning och utfört arbete samt övriga momspliktiga intäkter
7401,3703,NONE,Momsfria intäkter
7400,3704,NONE,Försäljning och utfört arbete samt övriga momspliktiga intäkter
7401,3704,NONE,Momsfria intäkter
7400,3705,NONE,Försäljning och utfört arbete samt övriga momspliktiga intäkter
7401,3705,NONE,Momsfria intäkter
7400,3706,NONE,Försäljning och utfört arbete samt övriga momspliktiga intäkter
7401,3706,NONE,Momsfria intäkter
7400,3707,NONE,Försäljning och utfört arbete samt övriga momspliktiga intäkter
7401,3707,NONE,Momsfria intäkter
7400,3708,NONE,Försäljning och utfört arbete samt övriga momspliktiga intäkter
7401,3708,NONE,Momsfria intäkter
7400,3709,NONE,Försäljning och utfört arbete samt övriga momspliktiga intäkter
7401,3709,NONE,Momsfria intäkter
7400,3710,NONE,Försäljning och utfört arbete samt övriga momspliktiga intäkter
7401,3710,NONE,Momsfria intäkter
7400,3711,NONE,Försäljning och utfört arbete samt övriga momspliktiga intäkter
7401,3711,NONE,Momsfria intäkter
7400,3712,NONE,Försäljning och utfört arbete samt övriga momspliktiga intäkter
7401,3712,NONE,Momsfria intäkter
7400,3713,NONE,Försäljning och utfört arbete samt övriga momspliktiga intäkter
7401,3713,NONE,Momsfria intäkter
7400,3714,NONE,Försäljning och utfört arbete samt övriga momspliktiga intäkter
7401,3714,NONE,Momsfria intäkter
7400,3715,NONE,Försäljning och utfört arbete samt övriga momspliktiga intäkter
7401,3715,NONE,Momsfria intäkter
7400,3716,NONE,Försäljning och utfört arbete samt övriga momspliktiga intäkter
7401,3716,NONE,Momsfria intäkter
7400,3717,NONE,Försäljning och utfört arbete samt övriga momspliktiga intäkter
7401,3717,NONE,Momsfria intäkter
7400,3718,NONE,Försäljning och utfört arbete samt övriga momspliktiga intäkter
7401,3718,NONE,Momsfria intäkter
7400,3719,NONE,Försäljning och utfört arbete samt övriga momspliktiga intäkter
7401,3719,NONE,Momsfria intäkter
7400,3720,NONE,Försäljning och utfört arbete samt övriga momspliktiga intäkter
7401,3720,NONE,Momsfria intäkter
7400,3721,NONE,Försäljning och utfört arbete samt övriga momspliktiga intäkter
7401,3721,NONE,Momsfria intäkter
7400,3722,NONE,Försäljning och utfört arbete samt övriga momspliktiga intäkter
7401,3722,NONE,Momsfria intäkter
7400,3723,NONE,Försäljning och utfört arbete samt övriga momspliktiga intäkter
7401,3723,NONE,Momsfria intäkter
7400,3724,NONE,Försäljning och utfört arbete samt övriga momspliktiga intäkter
7401,3724,NONE,Momsfria intäkter
7400,3725,NONE,Försäljning och utfört arbete samt övriga momspliktiga intäkter
7401,3725,NONE,Momsfria intäkter
7400,3726,NONE,Försäljning och utfört arbete samt övriga momspliktiga intäkter
7401,3726,NONE,Momsfria intäkter
7400,3727,NONE,Försäljning och utfört arbete samt övriga momspliktiga intäkter
7401,3727,NONE,Momsfria intäkter
7400,3728,NONE,Försäljning och utfört arbete samt övriga momspliktiga intäkter
7401,3728,NONE,Momsfria intäkter
7400,3729,NONE,Försäljning och utfört arbete samt övriga momspliktiga intäkter
7401,3729,NONE,Momsfria intäkter
7400,3730,NONE,Försäljning och utfört arbete samt övriga momspliktiga intäkter
7401,3730,NONE,Momsfria intäkter
7400,3731,NONE,Försäljning och utfört arbete samt övriga momspliktiga intäkter
7401,3731,NONE,Momsfria intäkter
7400,3732,NONE,Försäljning och utfört arbete samt övriga momspliktiga intäkter
7401,3732,NONE,Momsfria intäkter
7400,3733,NONE,Försäljning och utfört arbete samt övriga momspliktiga intäkter
7401,3733,NONE,Momsfria intäkter
7400,3734,NONE,Försäljning och utfört arbete samt övriga momspliktiga intäkter
7401,3734,NONE,Momsfria intäkter
7400,3735,NONE,Försäljning och utfört arbete samt övriga momspliktiga intäkter
7401,3735,NONE,Momsfria intäkter
7400,3736,NONE,Försäljning och utfört arbete samt övriga momspliktiga intäkter
7401,3736,NONE,Momsfria intäkter
7400,3737,NONE,Försäljning och utfört arbete samt övriga momspliktiga intäkter
7401,3737,NONE,Momsfria intäkter
7400,3738,NONE,Försäljning och utfört arbete samt övriga momspliktiga intäkter
7401,3738,NONE,Momsfria intäkter
7400,3739,NONE,Försäljning och utfört arbete samt övriga momspliktiga intäkter
7401,3739,NONE,Momsfria intäkter
7400,3740,NONE,Försäljning och utfört arbete samt övriga momspliktiga intäkter
7401,3740,NONE,Momsfria intäkter
7400,3741,NONE,Försäljning och utfört arbete samt övriga momspliktiga intäkter
7401,3741,NONE,Momsfria intäkter
7400,3742,NONE,Försäljning och utfört arbete samt övriga momspliktiga intäkter
7401,3742,NONE,Momsfria intäkter
7400,3743,NONE,Försäljning och utfört arbete samt övriga momspliktiga intäkter
7401,3743,NONE,Momsfria intäkter
7400,3744,NONE,Försäljning och utfört arbete samt övriga momspliktiga intäkter
7401,3744,NONE,Momsfria intäkter
7400,3745,NONE,Försäljning och utfört arbete samt övriga momspliktiga intäkter
7401,3745,NONE,Momsfria intäkter
7400,3746,NONE,Försäljning och utfört arbete samt övriga momspliktiga intäkter
7401,3746,NONE,Momsfria intäkter
7400,3747,NONE,Försäljning och utfört arbete samt övriga momspliktiga intäkter
7401,3747,NONE,Momsfria intäkter
7400,3748,NONE,Försäljning och utfört arbete samt övriga momspliktiga intäkter
7401,3748,NONE,Momsfria intäkter
7400,3749,NONE,Försäljning och utfört arbete samt övriga momspliktiga intäkter
7401,3749,NONE,Momsfria intäkter
7400,3750,NONE,Försäljning och utfört arbete samt övriga momspliktiga intäkter
7401,3750,NONE,Momsfria intäkter
7400,3751,NONE,Försäljning och utfört arbete samt övriga momspliktiga intäkter
7401,3751,NONE,Momsfria intäkter
7400,3752,NONE,Försäljning och utfört arbete samt övriga momspliktiga intäkter
7401,3752,NONE,Momsfria intäkter
7400,3753,NONE,Försäljning och utfört arbete samt övriga momspliktiga intäkter
7401,3753,NONE,Momsfria intäkter
7400,3754,NONE,Försäljning och utfört arbete samt övriga momspliktiga intäkter
7401,3754,NONE,Momsfria intäkter
7400,3755,NONE,Försäljning och utfört arbete samt övriga momspliktiga intäkter
7401,3755,NONE,Momsfria intäkter
7400,3756,NONE,Försäljning och utfört arbete samt övriga momspliktiga intäkter
7401,3756,NONE,Momsfria intäkter
7400,3757,NONE,Försäljning och utfört arbete samt övriga momspliktiga intäkter
7401,3757,NONE,Momsfria intäkter
7400,3758,NONE,Försäljning och utfört arbete samt övriga momspliktiga intäkter
7401,3758,NONE,Momsfria intäkter
7400,3759,NONE,Försäljning och utfört arbete samt övriga momspliktiga intäkter
7401,3759,NONE,Momsfria intäkter
7400,3760,NONE,Försäljning och utfört arbete samt övriga momspliktiga intäkter
7401,3760,NONE,Momsfria intäkter
7400,3761,NONE,Försäljning och utfört arbete samt övriga momspliktiga intäkter
7401,3761,NONE,Momsfria intäkter
7400,3762,NONE,Försäljning och utfört arbete samt övriga momspliktiga intäkter
7401,3762,NONE,Momsfria intäkter
7400,3763,NONE,Försäljning och utfört arbete samt övriga momspliktiga intäkter
7401,3763,NONE,Momsfria intäkter
7400,3764,NONE,Försäljning och utfört arbete samt övriga momspliktiga intäkter
7401,3764,NONE,Momsfria intäkter
7400,3765,NONE,Försäljning och utfört arbete samt övriga momspliktiga intäkter
7401,3765,NONE,Momsfria intäkter
7400,3766,NONE,Försäljning och utfört arbete samt övriga momspliktiga intäkter
7401,3766,NONE,Momsfria intäkter
7400,3767,NONE,Försäljning och utfört arbete samt övriga momspliktiga intäkter
7401,3767,NONE,Momsfria intäkter
7400,3768,NONE,Försäljning och utfört arbete samt övriga momspliktiga intäkter
7401,3768,NONE,Momsfria intäkter
7400,3769,NONE,Försäljning och utfört arbete samt övriga momspliktiga intäkter
7401,3769,NONE,Momsfria intäkter
7400,3770,NONE,Försäljning och utfört arbete samt övriga momspliktiga intäkter
7401,3770,NONE,Momsfria intäkter
7400,3771,NONE,Försäljning och utfört arbete samt övriga momspliktiga intäkter
7401,3771,NONE,Momsfria intäkter
7400,3772,NONE,Försäljning och utfört arbete samt övriga momspliktiga intäkter
7401,3772,NONE,Momsfria intäkter
7400,3773,NONE,Försäljning och utfört arbete samt övriga momspliktiga intäkter
7401,3773,NONE,Momsfria intäkter
7400,3774,NONE,Försäljning och utfört arbete samt övriga momspliktiga intäkter
7401,3774,NONE,Momsfria intäkter
7400,3775,NONE,Försäljning och utfört arbete samt övriga momspliktiga intäkter
7401,3775,NONE,Momsfria intäkter
7400,3776,NONE,Försäljning och utfört arbete samt övriga momspliktiga intäkter
7401,3776,NONE,Momsfria intäkter
7400,3777,NONE,Försäljning och utfört arbete samt övriga momspliktiga intäkter
7401,3777,NONE,Momsfria intäkter
7400,3778,NONE,Försäljning och utfört arbete samt övriga momspliktiga intäkter
7401,3778,NONE,Momsfria intäkter
7400,3779,NONE,Försäljning och utfört arbete samt övriga momspliktiga intäkter
7401,3779,NONE,Momsfria intäkter
7400,3780,NONE,Försäljning och utfört arbete samt övriga momspliktiga intäkter
7401,3780,NONE,Momsfria intäkter
7400,3781,NONE,Försäljning och utfört arbete samt övriga momspliktiga intäkter
7401,3781,NONE,Momsfria intäkter
7400,3782,NONE,Försäljning och utfört arbete samt övriga momspliktiga intäkter
7401,3782,NONE,Momsfria intäkter
7400,3783,NONE,Försäljning och utfört arbete samt övriga momspliktiga intäkter
7401,3783,NONE,Momsfria intäkter
7400,3784,NONE,Försäljning och utfört arbete samt övriga momspliktiga intäkter
7401,3784,NONE,Momsfria intäkter
7400,3785,NONE,Försäljning och utfört arbete samt övriga momspliktiga intäkter
7401,3785,NONE,Momsfria intäkter
7400,3786,NONE,Försäljning och utfört arbete samt övriga momspliktiga intäkter
7401,3786,NONE,Momsfria intäkter
7400,3787,NONE,Försäljning och utfört arbete samt övriga momspliktiga intäkter
7401,3787,NONE,Momsfria intäkter
7400,3788,NONE,Försäljning och utfört arbete samt övriga momspliktiga intäkter
7401,3788,NONE,Momsfria intäkter
7400,3789,NONE,Försäljning och utfört arbete samt övriga momspliktiga intäkter
7401,3789,NONE,Momsfria intäkter
7400,3790,NONE,Försäljning och utfört arbete samt övriga momspliktiga intäkter
7401,3790,NONE,Momsfria intäkter
7400,3791,NONE,Försäljning och utfört arbete samt övriga momspliktiga intäkter
7401,3791,NONE,Momsfria intäkter
7400,3792,NONE,Försäljning och utfört arbete samt övriga momspliktiga intäkter
7401,3792,NONE,Momsfria intäkter
7400,3793,NONE,Försäljning och utfört arbete samt övriga momspliktiga intäkter
7401,3793,NONE,Momsfria intäkter
7400,3794,NONE,Försäljning och utfört arbete samt övriga momspliktiga intäkter
7401,3794,NONE,Momsfria intäkter
7400,3795,NONE,Försäljning och utfört arbete samt övriga momspliktiga intäkter
7401,3795,NONE,Momsfria intäkter
7400,3796,NONE,Försäljning och utfört arbete samt övriga momspliktiga intäkter
7401,3796,NONE,Momsfria intäkter
7400,3797,NONE,Försäljning och utfört arbete samt övriga momspliktiga intäkter
7401,3797,NONE,Momsfria intäkter
7400,3798,NONE,Försäljning och utfört arbete samt övriga momspliktiga intäkter
7401,3798,NONE,Momsfria intäkter
7400,3799,NONE,Försäljning och utfört arbete samt övriga momspliktiga intäkter
7401,3799,NONE,Momsfria intäkter
7400,3900,NONE,Försäljning och utfört arbete samt övriga momspliktiga intäkter
7401,3900,NONE,Momsfria intäkter
7400,3901,NONE,Försäljning och utfört arbete samt övriga momspliktiga intäkter
7401,3901,NONE,Momsfria intäkter
7400,3902,NONE,Försäljning och utfört arbete samt övriga momspliktiga intäkter
7401,3902,NONE,Momsfria intäkter
7400,3903,NONE,Försäljning och utfört arbete samt övriga momspliktiga intäkter
7401,3903,NONE,Momsfria intäkter
7400,3904,NONE,Försäljning och utfört arbete samt övriga momspliktiga intäkter
7401,3904,NONE,Momsfria intäkter
7400,3905,NONE,Försäljning och utfört arbete samt övriga momspliktiga intäkter
7401,3905,NONE,Momsfria intäkter
7400,3906,NONE,Försäljning och utfört arbete samt övriga momspliktiga intäkter
7401,3906,NONE,Momsfria intäkter
7400,3907,NONE,Försäljning och utfört arbete samt övriga momspliktiga intäkter
7401,3907,NONE,Momsfria intäkter
7400,3908,NONE,Försäljning och utfört arbete samt övriga momspliktiga intäkter
7401,3908,NONE,Momsfria intäkter
7400,3909,NONE,Försäljning och utfört arbete samt övriga momspliktiga intäkter
7401,3909,NONE,Momsfria intäkter
7400,3910,NONE,Försäljning och utfört arbete samt övriga momspliktiga intäkter
7401,3910,NONE,Momsfria intäkter
7400,3911,NONE,Försäljning och utfört arbete samt övriga momspliktiga intäkter
7401,3911,NONE,Momsfria intäkter
7400,3912,NONE,Försäljning och utfört arbete samt övriga momspliktiga intäkter
7401,3912,NONE,Momsfria intäkter
7400,3913,NONE,Försäljning och utfört arbete samt övriga momspliktiga intäkter
7401,3913,NONE,Momsfria intäkter
7400,3914,NONE,Försäljning och utfört arbete samt övriga momspliktiga intäkter
7401,3914,NONE,Momsfria intäkter
7400,3915,NONE,Försäljning och utfört arbete samt övriga momspliktiga intäkter
7401,3915,NONE,Momsfria intäkter
7400,3916,NONE,Försäljning och utfört arbete samt övriga momspliktiga intäkter
7401,3916,NONE,Momsfria intäkter
7400,3917,NONE,Försäljning och utfört arbete samt övriga momspliktiga intäkter
7401,3917,NONE,Momsfria intäkter
7400,3918,NONE,Försäljning och utfört arbete samt övriga momspliktiga intäkter
7401,3918,NONE,Momsfria intäkter
7400,3919,NONE,Försäljning och utfört arbete samt övriga momspliktiga intäkter
7401,3919,NONE,Momsfria intäkter
7400,3920,NONE,Försäljning och utfört arbete samt övriga momspliktiga intäkter
7401,3920,NONE,Momsfria intäkter
7400,3921,NONE,Försäljning och utfört arbete samt övriga momspliktiga intäkter
7401,3921,NONE,Momsfria intäkter
7400,3922,NONE,Försäljning och utfört arbete samt övriga momspliktiga intäkter
7401,3922,NONE,Momsfria intäkter
7400,3923,NONE,Försäljning och utfört arbete samt övriga momspliktiga intäkter
7401,3923,NONE,Momsfria intäkter
7400,3924,NONE,Försäljning och utfört arbete samt övriga momspliktiga intäkter
7401,3924,NONE,Momsfria intäkter
7400,3925,NONE,Försäljning och utfört arbete samt övriga momspliktiga intäkter
7401,3925,NONE,Momsfria intäkter
7400,3926,NONE,Försäljning och utfört arbete samt övriga momspliktiga intäkter
7401,3926,NONE,Momsfria intäkter
7400,3927,NONE,Försäljning och utfört arbete samt övriga momspliktiga intäkter
7401,3927,NONE,Momsfria intäkter
7400,3928,NONE,Försäljning och utfört arbete samt övriga momspliktiga intäkter
7401,3928,NONE,Momsfria intäkter
7400,3929,NONE,Försäljning och utfört arbete samt övriga momspliktiga intäkter
7401,3929,NONE,Momsfria intäkter
7400,3930,NONE,Försäljning och utfört arbete samt övriga momspliktiga intäkter
7401,3930,NONE,Momsfria intäkter
7400,3931,NONE,Försäljning och utfört arbete samt övriga momspliktiga intäkter
7401,3931,NONE,Momsfria intäkter
7400,3932,NONE,Försäljning och utfört arbete samt övriga momspliktiga intäkter
7401,3932,NONE,Momsfria intäkter
7400,3933,NONE,Försäljning och utfört arbete samt övriga momspliktiga intäkter
7401,3933,NONE,Momsfria intäkter
7400,3934,NONE,Försäljning och utfört arbete samt övriga momspliktiga intäkter
7401,3934,NONE,Momsfria intäkter
7400,3935,NONE,Försäljning och utfört arbete samt övriga momspliktiga intäkter
7401,3935,NONE,Momsfria intäkter
7400,3936,NONE,Försäljning och utfört arbete samt övriga momspliktiga intäkter
7401,3936,NONE,Momsfria intäkter
7400,3937,NONE,Försäljning och utfört arbete samt övriga momspliktiga intäkter
7401,3937,NONE,Momsfria intäkter
7400,3938,NONE,Försäljning och utfört arbete samt övriga momspliktiga intäkter
7401,3938,NONE,Momsfria intäkter
7400,3939,NONE,Försäljning och utfört arbete samt övriga momspliktiga intäkter
7401,3939,NONE,Momsfria intäkter
7400,3940,NONE,Försäljning och utfört arbete samt övriga momspliktiga intäkter
7401,3940,NONE,Momsfria intäkter
7400,3941,NONE,Försäljning och utfört arbete samt övriga momspliktiga intäkter
7401,3941,NONE,Momsfria intäkter
7400,3942,NONE,Försäljning och utfört arbete samt övriga momspliktiga intäkter
7401,3942,NONE,Momsfria intäkter
7400,3943,NONE,Försäljning och utfört arbete samt övriga momspliktiga intäkter
7401,3943,NONE,Momsfria intäkter
7400,3944,NONE,Försäljning och utfört arbete samt övriga momspliktiga intäkter
7401,3944,NONE,Momsfria intäkter
7400,3945,NONE,Försäljning och utfört arbete samt övriga momspliktiga intäkter
7401,3945,NONE,Momsfria intäkter
7400,3946,NONE,Försäljning och utfört arbete samt övriga momspliktiga intäkter
7401,3946,NONE,Momsfria intäkter
7400,3947,NONE,Försäljning och utfört arbete samt övriga momspliktiga intäkter
7401,3947,NONE,Momsfria intäkter
7400,3948,NONE,Försäljning och utfört arbete samt övriga momspliktiga intäkter
7401,3948,NONE,Momsfria intäkter
7400,3949,NONE,Försäljning och utfört arbete samt övriga momspliktiga intäkter
7401,3949,NONE,Momsfria intäkter
7400,3950,NONE,Försäljning och utfört arbete samt övriga momspliktiga intäkter
7401,3950,NONE,Momsfria intäkter
7400,3951,NONE,Försäljning och utfört arbete samt övriga momspliktiga intäkter
7401,3951,NONE,Momsfria intäkter
7400,3952,NONE,Försäljning och utfört arbete samt övriga momspliktiga intäkter
7401,3952,NONE,Momsfria intäkter
7400,3953,NONE,Försäljning och utfört arbete samt övriga momspliktiga intäkter
7401,3953,NONE,Momsfria intäkter
7400,3954,NONE,Försäljning och utfört arbete samt övriga momspliktiga intäkter
7401,3954,NONE,Momsfria intäkter
7400,3955,NONE,Försäljning och utfört arbete samt övriga momspliktiga intäkter
7401,3955,NONE,Momsfria intäkter
7400,3956,NONE,Försäljning och utfört arbete samt övriga momspliktiga intäkter
7401,3956,NONE,Momsfria intäkter
7400,3957,NONE,Försäljning och utfört arbete samt övriga momspliktiga intäkter
7401,3957,NONE,Momsfria intäkter
7400,3958,NONE,Försäljning och utfört arbete samt övriga momspliktiga intäkter
7401,3958,NONE,Momsfria intäkter
7400,3959,NONE,Försäljning och utfört arbete samt övriga momspliktiga intäkter
7401,3959,NONE,Momsfria intäkter
7400,3960,NONE,Försäljning och utfört arbete samt övriga momspliktiga intäkter
7401,3960,NONE,Momsfria intäkter
7400,3961,NONE,Försäljning och utfört arbete samt övriga momspliktiga intäkter
7401,3961,NONE,Momsfria intäkter
7400,3962,NONE,Försäljning och utfört arbete samt övriga momspliktiga intäkter
7401,3962,NONE,Momsfria intäkter
7400,3963,NONE,Försäljning och utfört arbete samt övriga momspliktiga intäkter
7401,3963,NONE,Momsfria intäkter
7400,3964,NONE,Försäljning och utfört arbete samt övriga momspliktiga intäkter
7401,3964,NONE,Momsfria intäkter
7400,3965,NONE,Försäljning och utfört arbete samt övriga momspliktiga intäkter
7401,3965,NONE,Momsfria intäkter
7400,3966,NONE,Försäljning och utfört arbete samt övriga momspliktiga intäkter
7401,3966,NONE,Momsfria intäkter
7400,3967,NONE,Försäljning och utfört arbete samt övriga momspliktiga intäkter
7401,3967,NONE,Momsfria intäkter
7400,3968,NONE,Försäljning och utfört arbete samt övriga momspliktiga intäkter
7401,3968,NONE,Momsfria intäkter
7400,3969,NONE,Försäljning och utfört arbete samt övriga momspliktiga intäkter
7401,3969,NONE,Momsfria intäkter
7400,3970,NONE,Försäljning och utfört arbete samt övriga momspliktiga intäkter
7401,3970,NONE,Momsfria intäkter
7400,3971,NONE,Försäljning och utfört arbete samt övriga momspliktiga intäkter
7401,3971,NONE,Momsfria intäkter
7400,3972,NONE,Försäljning och utfört arbete samt övriga momspliktiga intäkter
7401,3972,NONE,Momsfria intäkter
7400,3973,NONE,Försäljning och utfört arbete samt övriga momspliktiga intäkter
7401,3973,NONE,Momsfria intäkter
7400,3974,NONE,Försäljning och utfört arbete samt övriga momspliktiga intäkter
7401,3974,NONE,Momsfria intäkter
7400,3975,NONE,Försäljning och utfört arbete samt övriga momspliktiga intäkter
7401,3975,NONE,Momsfria intäkter
7400,3976,NONE,Försäljning och utfört arbete samt övriga momspliktiga intäkter
7401,3976,NONE,Momsfria intäkter
7400,3977,NONE,Försäljning och utfört arbete samt övriga momspliktiga intäkter
7401,3977,NONE,Momsfria intäkter
7400,3978,NONE,Försäljning och utfört arbete samt övriga momspliktiga intäkter
7401,3978,NONE,Momsfria intäkter
7400,3979,NONE,Försäljning och utfört arbete samt övriga momspliktiga intäkter
7401,3979,NONE,Momsfria intäkter
7400,3980,NONE,Försäljning och utfört arbete samt övriga momspliktiga intäkter
7401,3980,NONE,Momsfria intäkter
7400,3981,NONE,Försäljning och utfört arbete samt övriga momspliktiga intäkter
7401,3981,NONE,Momsfria intäkter
7400,3982,NONE,Försäljning och utfört arbete samt övriga momspliktiga intäkter
7401,3982,NONE,Momsfria intäkter
7400,3983,NONE,Försäljning och utfört arbete samt övriga momspliktiga intäkter
7401,3983,NONE,Momsfria intäkter
7400,3984,NONE,Försäljning och utfört arbete samt övriga momspliktiga intäkter
7401,3984,NONE,Momsfria intäkter
7400,3985,NONE,Försäljning och utfört arbete samt övriga momspliktiga intäkter
7401,3985,NONE,Momsfria intäkter
7400,3986,NONE,Försäljning och utfört arbete samt övriga momspliktiga intäkter
7401,3986,NONE,Momsfria intäkter
7400,3987,NONE,Försäljning och utfört arbete samt övriga momspliktiga intäkter
7401,3987,NONE,Momsfria intäkter
7400,3988,NONE,Försäljning och utfört arbete samt övriga momspliktiga intäkter
7401,3988,NONE,Momsfria intäkter
7400,3989,NONE,Försäljning och utfört arbete samt övriga momspliktiga intäkter
7401,3989,NONE,Momsfria intäkter
7400,3990,NONE,Försäljning och utfört arbete samt övriga momspliktiga intäkter
7401,3990,NONE,Momsfria intäkter
7400,3991,NONE,Försäljning och utfört arbete samt övriga momspliktiga intäkter
7401,3991,NONE,Momsfria intäkter
7400,3992,NONE,Försäljning och utfört arbete samt övriga momspliktiga intäkter
7401,3992,NONE,Momsfria intäkter
7400,3993,NONE,Försäljning och utfört arbete samt övriga momspliktiga intäkter
7401,3993,NONE,Momsfria intäkter
7400,3994,NONE,Försäljning och utfört arbete samt övriga momspliktiga intäkter
7401,3994,NONE,Momsfria intäkter
7400,3995,NONE,Försäljning och utfört arbete samt övriga momspliktiga intäkter
7401,3995,NONE,Momsfria intäkter
7400,3996,NONE,Försäljning och utfört arbete samt övriga momspliktiga intäkter
7401,3996,NONE,Momsfria intäkter
7400,3997,NONE,Försäljning och utfört arbete samt övriga momspliktiga intäkter
7401,3997,NONE,Momsfria intäkter
7400,3998,NONE,Försäljning och utfört arbete samt övriga momspliktiga intäkter
7401,3998,NONE,Momsfria intäkter
7400,3999,NONE,Försäljning och utfört arbete samt övriga momspliktiga intäkter
7401,3999,NONE,Momsfria intäkter
7500,4000,NONE,Varor och legoarbeten
7500,4001,NONE,Varor och legoarbeten
7500,4002,NONE,Varor och legoarbeten
7500,4003,NONE,Varor och legoarbeten
7500,4004,NONE,Varor och legoarbeten
7500,4005,NONE,Varor och legoarbeten
7500,4006,NONE,Varor och legoarbeten
7500,4007,NONE,Varor och legoarbeten
7500,4008,NONE,Varor och legoarbeten
7500,4009,NONE,Varor och legoarbeten
7500,4010,NONE,Varor och legoarbeten
7500,4011,NONE,Varor och legoarbeten
7500,4012,NONE,Varor och legoarbeten
7500,4013,NONE,Varor och legoarbeten
7500,4014,NONE,Varor och legoarbeten
7500,4015,NONE,Varor och legoarbeten
7500,4016,NONE,Varor och legoarbeten
7500,4017,NONE,Varor och legoarbeten
7500,4018,NONE,Varor och legoarbeten
7500,4019,NONE,Varor och legoarbeten
7500,4020,NONE,Varor och legoarbeten
7500,4021,NONE,Varor och legoarbeten
7500,4022,NONE,Varor och legoarbeten
7500,4023,NONE,Varor och legoarbeten
7500,4024,NONE,Varor och legoarbeten
7500,4025,NONE,Varor och legoarbeten
7500,4026,NONE,Varor och legoarbeten
7500,4027,NONE,Varor och legoarbeten
7500,4028,NONE,Varor och legoarbeten
7500,4029,NONE,Varor och legoarbeten
7500,4030,NONE,Varor och legoarbeten
7500,4031,NONE,Varor och legoarbeten
7500,4032,NONE,Varor och legoarbeten
7500,4033,NONE,Varor och legoarbeten
7500,4034,NONE,Varor och legoarbeten
7500,4035,NONE,Varor och legoarbeten
7500,4036,NONE,Varor och legoarbeten
7500,4037,NONE,Varor och legoarbeten
7500,4038,NONE,Varor och legoarbeten
7500,4039,NONE,Varor och legoarbeten
7500,4040,NONE,Varor och legoarbeten
7500,4041,NONE,Varor och legoarbeten
7500,4042,NONE,Varor och legoarbeten
7500,4043,NONE,Varor och legoarbeten
7500,4044,NONE,Varor och legoarbeten
7500,4045,NONE,Varor och legoarbeten
7500,4046,NONE,Varor och legoarbeten
7500,4047,NONE,Varor och legoarbeten
7500,4048,NONE,Varor och legoarbeten
7500,4049,NONE,Varor och legoarbeten
7500,4050,NONE,Varor och legoarbeten
7500,4051,NONE,Varor och legoarbeten
7500,4052,NONE,Varor och legoarbeten
7500,4053,NONE,Varor och legoarbeten
7500,4054,NONE,Varor och legoarbeten
7500,4055,NONE,Varor och legoarbeten
7500,4056,NONE,Varor och legoarbeten
7500,4057,NONE,Varor och legoarbeten
7500,4058,NONE,Varor och legoarbeten
7500,4059,NONE,Varor och legoarbeten
7500,4060,NONE,Varor och legoarbeten
7500,4061,NONE,Varor och legoarbeten
7500,4062,NONE,Varor och legoarbeten
7500,4063,NONE,Varor och legoarbeten
7500,4064,NONE,Varor och legoarbeten
7500,4065,NONE,Varor och legoarbeten
7500,4066,NONE,Varor och legoarbeten
7500,4067,NONE,Varor och legoarbeten
7500,4068,NONE,Varor och legoarbeten
7500,4069,NONE,Varor och legoarbeten
7500,4070,NONE,Varor och legoarbeten
7500,4071,NONE,Varor och legoarbeten
7500,4072,NONE,Varor och legoarbeten
7500,4073,NONE,Varor och legoarbeten
7500,4074,NONE,Varor och legoarbeten
7500,4075,NONE,Varor och legoarbeten
7500,4076,NONE,Varor och legoarbeten
7500,4077,NONE,Varor och legoarbeten
7500,4078,NONE,Varor och legoarbeten
7500,4079,NONE,Varor och legoarbeten
7500,4080,NONE,Varor och legoarbeten
7500,4081,NONE,Varor och legoarbeten
7500,4082,NONE,Varor och legoarbeten
7500,4083,NONE,Varor och legoarbeten
7500,4084,NONE,Varor och legoarbeten
7500,4085,NONE,Varor och legoarbeten
7500,4086,NONE,Varor och legoarbeten
7500,4087,NONE,Varor och legoarbeten
7500,4088,NONE,Varor och legoarbeten
7500,4089,NONE,Varor och legoarbeten
7500,4090,NONE,Varor och legoarbeten
7500,4091,NONE,Varor och legoarbeten
7500,4092,NONE,Varor och legoarbeten
7500,4093,NONE,Varor och legoarbeten
7500,4094,NONE,Varor och legoarbeten
7500,4095,NONE,Varor och legoarbeten
7500,4096,NONE,Varor och legoarbeten
7500,4097,NONE,Varor och legoarbeten
7500,4098,NONE,Varor och legoarbeten
7500,4099,NONE,Varor och legoarbeten
7500,4100,NONE,Varor och legoarbeten
7500,4101,NONE,Varor och legoarbeten
7500,4102,NONE,Varor och legoarbeten
7500,4103,NONE,Varor och legoarbeten
7500,4104,NONE,Varor och legoarbeten
7500,4105,NONE,Varor och legoarbeten
7500,4106,NONE,Varor och legoarbeten
7500,4107,NONE,Varor och legoarbeten
7500,4108,NONE,Varor och legoarbeten
7500,4109,NONE,Varor och legoarbeten
7500,4110,NONE,Varor och legoarbeten
7500,4111,NONE,Varor och legoarbeten
7500,4112,NONE,Varor och legoarbeten
7500,4113,NONE,Varor och legoarbeten
7500,4114,NONE,Varor och legoarbeten
7500,4115,NONE,Varor och legoarbeten
7500,4116,NONE,Varor och legoarbeten
7500,4117,NONE,Varor och legoarbeten
7500,4118,NONE,Varor och legoarbeten
7500,4119,NONE,Varor och legoarbeten
7500,4120,NONE,Varor och legoarbeten
7500,4121,NONE,Varor och legoarbeten
7500,4122,NONE,Varor och legoarbeten
7500,4123,NONE,Varor och legoarbeten
7500,4124,NONE,Varor och legoarbeten
7500,4125,NONE,Varor och legoarbeten
7500,4126,NONE,Varor och legoarbeten
7500,4127,NONE,Varor och legoarbeten
7500,4128,NONE,Varor och legoarbeten
7500,4129,NONE,Varor och legoarbeten
7500,4130,NONE,Varor och legoarbeten
7500,4131,NONE,Varor och legoarbeten
7500,4132,NONE,Varor och legoarbeten
7500,4133,NONE,Varor och legoarbeten
7500,4134,NONE,Varor och legoarbeten
7500,4135,NONE,Varor och legoarbeten
7500,4136,NONE,Varor och legoarbeten
7500,4137,NONE,Varor och legoarbeten
7500,4138,NONE,Varor och legoarbeten
7500,4139,NONE,Varor och legoarbeten
7500,4140,NONE,Varor och legoarbeten
7500,4141,NONE,Varor och legoarbeten
7500,4142,NONE,Varor och legoarbeten
7500,4143,NONE,Varor och legoarbeten
7500,4144,NONE,Varor och legoarbeten
7500,4145,NONE,Varor och legoarbeten
7500,4146,NONE,Varor och legoarbeten
7500,4147,NONE,Varor och legoarbeten
7500,4148,NONE,Varor och legoarbeten
7500,4149,NONE,Varor och legoarbeten
7500,4150,NONE,Varor och legoarbeten
7500,4151,NONE,Varor och legoarbeten
7500,4152,NONE,Varor och legoarbeten
7500,4153,NONE,Varor och legoarbeten
7500,4154,NONE,Varor och legoarbeten
7500,4155,NONE,Varor och legoarbeten
7500,4156,NONE,Varor och legoarbeten
7500,4157,NONE,Varor och legoarbeten
7500,4158,NONE,Varor och legoarbeten
7500,4159,NONE,Varor och legoarbeten
7500,4160,NONE,Varor och legoarbeten
7500,4161,NONE,Varor och legoarbeten
7500,4162,NONE,Varor och legoarbeten
7500,4163,NONE,Varor och legoarbeten
7500,4164,NONE,Varor och legoarbeten
7500,4165,NONE,Varor och legoarbeten
7500,4166,NONE,Varor och legoarbeten
7500,4167,NONE,Varor och legoarbeten
7500,4168,NONE,Varor och legoarbeten
7500,4169,NONE,Varor och legoarbeten
7500,4170,NONE,Varor och legoarbeten
7500,4171,NONE,Varor och legoarbeten
7500,4172,NONE,Varor och legoarbeten
7500,4173,NONE,Varor och legoarbeten
7500,4174,NONE,Varor och legoarbeten
7500,4175,NONE,Varor och legoarbeten
7500,4176,NONE,Varor och legoarbeten
7500,4177,NONE,Varor och legoarbeten
7500,4178,NONE,Varor och legoarbeten
7500,4179,NONE,Varor och legoarbeten
7500,4180,NONE,Varor och legoarbeten
7500,4181,NONE,Varor och legoarbeten
7500,4182,NONE,Varor och legoarbeten
7500,4183,NONE,Varor och legoarbeten
7500,4184,NONE,Varor och legoarbeten
7500,4185,NONE,Varor och legoarbeten
7500,4186,NONE,Varor och legoarbeten
7500,4187,NONE,Varor och legoarbeten
7500,4188,NONE,Varor och legoarbeten
7500,4189,NONE,Varor och legoarbeten
7500,4190,NONE,Varor och legoarbeten
7500,4191,NONE,Varor och legoarbeten
7500,4192,NONE,Varor och legoarbeten
7500,4193,NONE,Varor och legoarbeten
7500,4194,NONE,Varor och legoarbeten
7500,4195,NONE,Varor och legoarbeten
7500,4196,NONE,Varor och legoarbeten
7500,4197,NONE,Varor och legoarbeten
7500,4198,NONE,Varor och legoarbeten
7500,4199,NONE,Varor och legoarbeten
7500,4200,NONE,Varor och legoarbeten
7500,4201,NONE,Varor och legoarbeten
7500,4202,NONE,Varor och legoarbeten
7500,4203,NONE,Varor och legoarbeten
7500,4204,NONE,Varor och legoarbeten
7500,4205,NONE,Varor och legoarbeten
7500,4206,NONE,Varor och legoarbeten
7500,4207,NONE,Varor och legoarbeten
7500,4208,NONE,Varor och legoarbeten
7500,4209,NONE,Varor och legoarbeten
7500,4210,NONE,Varor och legoarbeten
7500,4211,NONE,Varor och legoarbeten
7500,4212,NONE,Varor och legoarbeten
7500,4213,NONE,Varor och legoarbeten
7500,4214,NONE,Varor och legoarbeten
7500,4215,NONE,Varor och legoarbeten
7500,4216,NONE,Varor och legoarbeten
7500,4217,NONE,Varor och legoarbeten
7500,4218,NONE,Varor och legoarbeten
7500,4219,NONE,Varor och legoarbeten
7500,4220,NONE,Varor och legoarbeten
7500,4221,NONE,Varor och legoarbeten
7500,4222,NONE,Varor och legoarbeten
7500,4223,NONE,Varor och legoarbeten
7500,4224,NONE,Varor och legoarbeten
7500,4225,NONE,Varor och legoarbeten
7500,4226,NONE,Varor och legoarbeten
7500,4227,NONE,Varor och legoarbeten
7500,4228,NONE,Varor och legoarbeten
7500,4229,NONE,Varor och legoarbeten
7500,4230,NONE,Varor och legoarbeten
7500,4231,NONE,Varor och legoarbeten
7500,4232,NONE,Varor och legoarbeten
7500,4233,NONE,Varor och legoarbeten
7500,4234,NONE,Varor och legoarbeten
7500,4235,NONE,Varor och legoarbeten
7500,4236,NONE,Varor och legoarbeten
7500,4237,NONE,Varor och legoarbeten
7500,4238,NONE,Varor och legoarbeten
7500,4239,NONE,Varor och legoarbeten
7500,4240,NONE,Varor och legoarbeten
7500,4241,NONE,Varor och legoarbeten
7500,4242,NONE,Varor och legoarbeten
7500,4243,NONE,Varor och legoarbeten
7500,4244,NONE,Varor och legoarbeten
7500,4245,NONE,Varor och legoarbeten
7500,4246,NONE,Varor och legoarbeten
7500,4247,NONE,Varor och legoarbeten
7500,4248,NONE,Varor och legoarbeten
7500,4249,NONE,Varor och legoarbeten
7500,4250,NONE,Varor och legoarbeten
7500,4251,NONE,Varor och legoarbeten
7500,4252,NONE,Varor och legoarbeten
7500,4253,NONE,Varor och legoarbeten
7500,4254,NONE,Varor och legoarbeten
7500,4255,NONE,Varor och legoarbeten
7500,4256,NONE,Varor och legoarbeten
7500,4257,NONE,Varor och legoarbeten
7500,4258,NONE,Varor och legoarbeten
7500,4259,NONE,Varor och legoarbeten
7500,4260,NONE,Varor och legoarbeten
7500,4261,NONE,Varor och legoarbeten
7500,4262,NONE,Varor och legoarbeten
7500,4263,NONE,Varor och legoarbeten
7500,4264,NONE,Varor och legoarbeten
7500,4265,NONE,Varor och legoarbeten
7500,4266,NONE,Varor och legoarbeten
7500,4267,NONE,Varor och legoarbeten
7500,4268,NONE,Varor och legoarbeten
7500,4269,NONE,Varor och legoarbeten
7500,4270,NONE,Varor och legoarbeten
7500,4271,NONE,Varor och legoarbeten
7500,4272,NONE,Varor och legoarbeten
7500,4273,NONE,Varor och legoarbeten
7500,4274,NONE,Varor och legoarbeten
7500,4275,NONE,Varor och legoarbeten
7500,4276,NONE,Varor och legoarbeten
7500,4277,NONE,Varor och legoarbeten
7500,4278,NONE,Varor och legoarbeten
7500,4279,NONE,Varor och legoarbeten
7500,4280,NONE,Varor och legoarbeten
7500,4281,NONE,Varor och legoarbeten
7500,4282,NONE,Varor och legoarbeten
7500,4283,NONE,Varor och legoarbeten
7500,4284,NONE,Varor och legoarbeten
7500,4285,NONE,Varor och legoarbeten
7500,4286,NONE,Varor och legoarbeten
7500,4287,NONE,Varor och legoarbeten
7500,4288,NONE,Varor och legoarbeten
7500,4289,NONE,Varor och legoarbeten
7500,4290,NONE,Varor och legoarbeten
7500,4291,NONE,Varor och legoarbeten
7500,4292,NONE,Varor och legoarbeten
7500,4293,NONE,Varor och legoarbeten
7500,4294,NONE,Varor och legoarbeten
7500,4295,NONE,Varor och legoarbeten
7500,4296,NONE,Varor och legoarbeten
7500,4297,NONE,Varor och legoarbeten
7500,4298,NONE,Varor och legoarbeten
7500,4299,NONE,Varor och legoarbeten
7500,4300,NONE,Varor och legoarbeten
7500,4301,NONE,Varor och legoarbeten
7500,4302,NONE,Varor och legoarbeten
7500,4303,NONE,Varor och legoarbeten
7500,4304,NONE,Varor och legoarbeten
7500,4305,NONE,Varor och legoarbeten
7500,4306,NONE,Varor och legoarbeten
7500,4307,NONE,Varor och legoarbeten
7500,4308,NONE,Varor och legoarbeten
7500,4309,NONE,Varor och legoarbeten
7500,4310,NONE,Varor och legoarbeten
7500,4311,NONE,Varor och legoarbeten
7500,4312,NONE,Varor och legoarbeten
7500,4313,NONE,Varor och legoarbeten
7500,4314,NONE,Varor och legoarbeten
7500,4315,NONE,Varor och legoarbeten
7500,4316,NONE,Varor och legoarbeten
7500,4317,NONE,Varor och legoarbeten
7500,4318,NONE,Varor och legoarbeten
7500,4319,NONE,Varor och legoarbeten
7500,4320,NONE,Varor och legoarbeten
7500,4321,NONE,Varor och legoarbeten
7500,4322,NONE,Varor och legoarbeten
7500,4323,NONE,Varor och legoarbeten
7500,4324,NONE,Varor och legoarbeten
7500,4325,NONE,Varor och legoarbeten
7500,4326,NONE,Varor och legoarbeten
7500,4327,NONE,Varor och legoarbeten
7500,4328,NONE,Varor och legoarbeten
7500,4329,NONE,Varor och legoarbeten
7500,4330,NONE,Varor och legoarbeten
7500,4331,NONE,Varor och legoarbeten
7500,4332,NONE,Varor och legoarbeten
7500,4333,NONE,Varor och legoarbeten
7500,4334,NONE,Varor och legoarbeten
7500,4335,NONE,Varor och legoarbeten
7500,4336,NONE,Varor och legoarbeten
7500,4337,NONE,Varor och legoarbeten
7500,4338,NONE,Varor och legoarbeten
7500,4339,NONE,Varor och legoarbeten
7500,4340,NONE,Varor och legoarbeten
7500,4341,NONE,Varor och legoarbeten
7500,4342,NONE,Varor och legoarbeten
7500,4343,NONE,Varor och legoarbeten
7500,4344,NONE,Varor och legoarbeten
7500,4345,NONE,Varor och legoarbeten
7500,4346,NONE,Varor och legoarbeten
7500,4347,NONE,Varor och legoarbeten
7500,4348,NONE,Varor och legoarbeten
7500,4349,NONE,Varor och legoarbeten
7500,4350,NONE,Varor och legoarbeten
7500,4351,NONE,Varor och legoarbeten
7500,4352,NONE,Varor och legoarbeten
7500,4353,NONE,Varor och legoarbeten
7500,4354,NONE,Varor och legoarbeten
7500,4355,NONE,Varor och legoarbeten
7500,4356,NONE,Varor och legoarbeten
7500,4357,NONE,Varor och legoarbeten
7500,4358,NONE,Varor och legoarbeten
7500,4359,NONE,Varor och legoarbeten
7500,4360,NONE,Varor och legoarbeten
7500,4361,NONE,Varor och legoarbeten
7500,4362,NONE,Varor och legoarbeten
7500,4363,NONE,Varor och legoarbeten
7500,4364,NONE,Varor och legoarbeten
7500,4365,NONE,Varor och legoarbeten
7500,4366,NONE,Varor och legoarbeten
7500,4367,NONE,Varor och legoarbeten
7500,4368,NONE,Varor och legoarbeten
7500,4369,NONE,Varor och legoarbeten
7500,4370,NONE,Varor och legoarbeten
7500,4371,NONE,Varor och legoarbeten
7500,4372,NONE,Varor och legoarbeten
7500,4373,NONE,Varor och legoarbeten
7500,4374,NONE,Varor och legoarbeten
7500,4375,NONE,Varor och legoarbeten
7500,4376,NONE,Varor och legoarbeten
7500,4377,NONE,Varor och legoarbeten
7500,4378,NONE,Varor och legoarbeten
7500,4379,NONE,Varor och legoarbeten
7500,4380,NONE,Varor och legoarbeten
7500,4381,NONE,Varor och legoarbeten
7500,4382,NONE,Varor och legoarbeten
7500,4383,NONE,Varor och legoarbeten
7500,4384,NONE,Varor och legoarbeten
7500,4385,NONE,Varor och legoarbeten
7500,4386,NONE,Varor och legoarbeten
7500,4387,NONE,Varor och legoarbeten
7500,4388,NONE,Varor och legoarbeten
7500,4389,NONE,Varor och legoarbeten
7500,4390,NONE,Varor och legoarbeten
7500,4391,NONE,Varor och legoarbeten
7500,4392,NONE,Varor och legoarbeten
7500,4393,NONE,Varor och legoarbeten
7500,4394,NONE,Varor och legoarbeten
7500,4395,NONE,Varor och legoarbeten
7500,4396,NONE,Varor och legoarbeten
7500,4397,NONE,Varor och legoarbeten
7500,4398,NONE,Varor och legoarbeten
7500,4399,NONE,Varor och legoarbeten
7500,4400,NONE,Varor och legoarbeten
7500,4401,NONE,Varor och legoarbeten
7500,4402,NONE,Varor och legoarbeten
7500,4403,NONE,Varor och legoarbeten
7500,4404,NONE,Varor och legoarbeten
7500,4405,NONE,Varor och legoarbeten
7500,4406,NONE,Varor och legoarbeten
7500,4407,NONE,Varor och legoarbeten
7500,4408,NONE,Varor och legoarbeten
7500,4409,NONE,Varor och legoarbeten
7500,4410,NONE,Varor och legoarbeten
7500,4411,NONE,Varor och legoarbeten
7500,4412,NONE,Varor och legoarbeten
7500,4413,NONE,Varor och legoarbeten
7500,4414,NONE,Varor och legoarbeten
7500,4415,NONE,Varor och legoarbeten
7500,4416,NONE,Varor och legoarbeten
7500,4417,NONE,Varor och legoarbeten
7500,4418,NONE,Varor och legoarbeten
7500,4419,NONE,Varor och legoarbeten
7500,4420,NONE,Varor och legoarbeten
7500,4421,NONE,Varor och legoarbeten
7500,4422,NONE,Varor och legoarbeten
7500,4423,NONE,Varor och legoarbeten
7500,4424,NONE,Varor och legoarbeten
7500,4425,NONE,Varor och legoarbeten
7500,4426,NONE,Varor och legoarbeten
7500,4427,NONE,Varor och legoarbeten
7500,4428,NONE,Varor och legoarbeten
7500,4429,NONE,Varor och legoarbeten
7500,4430,NONE,Varor och legoarbeten
7500,4431,NONE,Varor och legoarbeten
7500,4432,NONE,Varor och legoarbeten
7500,4433,NONE,Varor och legoarbeten
7500,4434,NONE,Varor och legoarbeten
7500,4435,NONE,Varor och legoarbeten
7500,4436,NONE,Varor och legoarbeten
7500,4437,NONE,Varor och legoarbeten
7500,4438,NONE,Varor och legoarbeten
7500,4439,NONE,Varor och legoarbeten
7500,4440,NONE,Varor och legoarbeten
7500,4441,NONE,Varor och legoarbeten
7500,4442,NONE,Varor och legoarbeten
7500,4443,NONE,Varor och legoarbeten
7500,4444,NONE,Varor och legoarbeten
7500,4445,NONE,Varor och legoarbeten
7500,4446,NONE,Varor och legoarbeten
7500,4447,NONE,Varor och legoarbeten
7500,4448,NONE,Varor och legoarbeten
7500,4449,NONE,Varor och legoarbeten
7500,4450,NONE,Varor och legoarbeten
7500,4451,NONE,Varor och legoarbeten
7500,4452,NONE,Varor och legoarbeten
7500,4453,NONE,Varor och legoarbeten
7500,4454,NONE,Varor och legoarbeten
7500,4455,NONE,Varor och legoarbeten
7500,4456,NONE,Varor och legoarbeten
7500,4457,NONE,Varor och legoarbeten
7500,4458,NONE,Varor och legoarbeten
7500,4459,NONE,Varor och legoarbeten
7500,4460,NONE,Varor och legoarbeten
7500,4461,NONE,Varor och legoarbeten
7500,4462,NONE,Varor och legoarbeten
7500,4463,NONE,Varor och legoarbeten
7500,4464,NONE,Varor och legoarbeten
7500,4465,NONE,Varor och legoarbeten
7500,4466,NONE,Varor och legoarbeten
7500,4467,NONE,Varor och legoarbeten
7500,4468,NONE,Varor och legoarbeten
7500,4469,NONE,Varor och legoarbeten
7500,4470,NONE,Varor och legoarbeten
7500,4471,NONE,Varor och legoarbeten
7500,4472,NONE,Varor och legoarbeten
7500,4473,NONE,Varor och legoarbeten
7500,4474,NONE,Varor och legoarbeten
7500,4475,NONE,Varor och legoarbeten
7500,4476,NONE,Varor och legoarbeten
7500,4477,NONE,Varor och legoarbeten
7500,4478,NONE,Varor och legoarbeten
7500,4479,NONE,Varor och legoarbeten
7500,4480,NONE,Varor och legoarbeten
7500,4481,NONE,Varor och legoarbeten
7500,4482,NONE,Varor och legoarbeten
7500,4483,NONE,Varor och legoarbeten
7500,4484,NONE,Varor och legoarbeten
7500,4485,NONE,Varor och legoarbeten
7500,4486,NONE,Varor och legoarbeten
7500,4487,NONE,Varor och legoarbeten
7500,4488,NONE,Varor och legoarbeten
7500,4489,NONE,Varor och legoarbeten
7500,4490,NONE,Varor och legoarbeten
7500,4491,NONE,Varor och legoarbeten
7500,4492,NONE,Varor och legoarbeten
7500,4493,NONE,Varor och legoarbeten
7500,4494,NONE,Varor och legoarbeten
7500,4495,NONE,Varor och legoarbeten
7500,4496,NONE,Varor och legoarbeten
7500,4497,NONE,Varor och legoarbeten
7500,4498,NONE,Varor och legoarbeten
7500,4499,NONE,Varor och legoarbeten
7500,4500,NONE,Varor och legoarbeten
7500,4501,NONE,Varor och legoarbeten
7500,4502,NONE,Varor och legoarbeten
7500,4503,NONE,Varor och legoarbeten
7500,4504,NONE,Varor och legoarbeten
7500,4505,NONE,Varor och legoarbeten
7500,4506,NONE,Varor och legoarbeten
7500,4507,NONE,Varor och legoarbeten
7500,4508,NONE,Varor och legoarbeten
7500,4509,NONE,Varor och legoarbeten
7500,4510,NONE,Varor och legoarbeten
7500,4511,NONE,Varor och legoarbeten
7500,4512,NONE,Varor och legoarbeten
7500,4513,NONE,Varor och legoarbeten
7500,4514,NONE,Varor och legoarbeten
7500,4515,NONE,Varor och legoarbeten
7500,4516,NONE,Varor och legoarbeten
7500,4517,NONE,Varor och legoarbeten
7500,4518,NONE,Varor och legoarbeten
7500,4519,NONE,Varor och legoarbeten
7500,4520,NONE,Varor och legoarbeten
7500,4521,NONE,Varor och legoarbeten
7500,4522,NONE,Varor och legoarbeten
7500,4523,NONE,Varor och legoarbeten
7500,4524,NONE,Varor och legoarbeten
7500,4525,NONE,Varor och legoarbeten
7500,4526,NONE,Varor och legoarbeten
7500,4527,NONE,Varor och legoarbeten
7500,4528,NONE,Varor och legoarbeten
7500,4529,NONE,Varor och legoarbeten
7500,4530,NONE,Varor och legoarbeten
7500,4531,NONE,Varor och legoarbeten
7500,4532,NONE,Varor och legoarbeten
7500,4533,NONE,Varor och legoarbeten
7500,4534,NONE,Varor och legoarbeten
7500,4535,NONE,Varor och legoarbeten
7500,4536,NONE,Varor och legoarbeten
7500,4537,NONE,Varor och legoarbeten
7500,4538,NONE,Varor och legoarbeten
7500,4539,NONE,Varor och legoarbeten
7500,4540,NONE,Varor och legoarbeten
7500,4541,NONE,Varor och legoarbeten
7500,4542,NONE,Varor och legoarbeten
7500,4543,NONE,Varor och legoarbeten
7500,4544,NONE,Varor och legoarbeten
7500,4545,NONE,Varor och legoarbeten
7500,4546,NONE,Varor och legoarbeten
7500,4547,NONE,Varor och legoarbeten
7500,4548,NONE,Varor och legoarbeten
7500,4549,NONE,Varor och legoarbeten
7500,4550,NONE,Varor och legoarbeten
7500,4551,NONE,Varor och legoarbeten
7500,4552,NONE,Varor och legoarbeten
7500,4553,NONE,Varor och legoarbeten
7500,4554,NONE,Varor och legoarbeten
7500,4555,NONE,Varor och legoarbeten
7500,4556,NONE,Varor och legoarbeten
7500,4557,NONE,Varor och legoarbeten
7500,4558,NONE,Varor och legoarbeten
7500,4559,NONE,Varor och legoarbeten
7500,4560,NONE,Varor och legoarbeten
7500,4561,NONE,Varor och legoarbeten
7500,4562,NONE,Varor och legoarbeten
7500,4563,NONE,Varor och legoarbeten
7500,4564,NONE,Varor och legoarbeten
7500,4565,NONE,Varor och legoarbeten
7500,4566,NONE,Varor och legoarbeten
7500,4567,NONE,Varor och legoarbeten
7500,4568,NONE,Varor och legoarbeten
7500,4569,NONE,Varor och legoarbeten
7500,4570,NONE,Varor och legoarbeten
7500,4571,NONE,Varor och legoarbeten
7500,4572,NONE,Varor och legoarbeten
7500,4573,NONE,Varor och legoarbeten
7500,4574,NONE,Varor och legoarbeten
7500,4575,NONE,Varor och legoarbeten
7500,4576,NONE,Varor och legoarbeten
7500,4577,NONE,Varor och legoarbeten
7500,4578,NONE,Varor och legoarbeten
7500,4579,NONE,Varor och legoarbeten
7500,4580,NONE,Varor och legoarbeten
7500,4581,NONE,Varor och legoarbeten
7500,4582,NONE,Varor och legoarbeten
7500,4583,NONE,Varor och legoarbeten
7500,4584,NONE,Varor och legoarbeten
7500,4585,NONE,Varor och legoarbeten
7500,4586,NONE,Varor och legoarbeten
7500,4587,NONE,Varor och legoarbeten
7500,4588,NONE,Varor och legoarbeten
7500,4589,NONE,Varor och legoarbeten
7500,4590,NONE,Varor och legoarbeten
7500,4591,NONE,Varor och legoarbeten
7500,4592,NONE,Varor och legoarbeten
7500,4593,NONE,Varor och legoarbeten
7500,4594,NONE,Varor och legoarbeten
7500,4595,NONE,Varor och legoarbeten
7500,4596,NONE,Varor och legoarbeten
7500,4597,NONE,Varor och legoarbeten
7500,4598,NONE,Varor och legoarbeten
7500,4599,NONE,Varor och legoarbeten
7500,4600,NONE,Varor och legoarbeten
7500,4601,NONE,Varor och legoarbeten
7500,4602,NONE,Varor och legoarbeten
7500,4603,NONE,Varor och legoarbeten
7500,4604,NONE,Varor och legoarbeten
7500,4605,NONE,Varor och legoarbeten
7500,4606,NONE,Varor och legoarbeten
7500,4607,NONE,Varor och legoarbeten
7500,4608,NONE,Varor och legoarbeten
7500,4609,NONE,Varor och legoarbeten
7500,4610,NONE,Varor och legoarbeten
7500,4611,NONE,Varor och legoarbeten
7500,4612,NONE,Varor och legoarbeten
7500,4613,NONE,Varor och legoarbeten
7500,4614,NONE,Varor och legoarbeten
7500,4615,NONE,Varor och legoarbeten
7500,4616,NONE,Varor och legoarbeten
7500,4617,NONE,Varor och legoarbeten
7500,4618,NONE,Varor och legoarbeten
7500,4619,NONE,Varor och legoarbeten
7500,4620,NONE,Varor och legoarbeten
7500,4621,NONE,Varor och legoarbeten
7500,4622,NONE,Varor och legoarbeten
7500,4623,NONE,Varor och legoarbeten
7500,4624,NONE,Varor och legoarbeten
7500,4625,NONE,Varor och legoarbeten
7500,4626,NONE,Varor och legoarbeten
7500,4627,NONE,Varor och legoarbeten
7500,4628,NONE,Varor och legoarbeten
7500,4629,NONE,Varor och legoarbeten
7500,4630,NONE,Varor och legoarbeten
7500,4631,NONE,Varor och legoarbeten
7500,4632,NONE,Varor och legoarbeten
7500,4633,NONE,Varor och legoarbeten
7500,4634,NONE,Varor och legoarbeten
7500,4635,NONE,Varor och legoarbeten
7500,4636,NONE,Varor och legoarbeten
7500,4637,NONE,Varor och legoarbeten
7500,4638,NONE,Varor och legoarbeten
7500,4639,NONE,Varor och legoarbeten
7500,4640,NONE,Varor och legoarbeten
7500,4641,NONE,Varor och legoarbeten
7500,4642,NONE,Varor och legoarbeten
7500,4643,NONE,Varor och legoarbeten
7500,4644,NONE,Varor och legoarbeten
7500,4645,NONE,Varor och legoarbeten
7500,4646,NONE,Varor och legoarbeten
7500,4647,NONE,Varor och legoarbeten
7500,4648,NONE,Varor och legoarbeten
7500,4649,NONE,Varor och legoarbeten
7500,4650,NONE,Varor och legoarbeten
7500,4651,NONE,Varor och legoarbeten
7500,4652,NONE,Varor och legoarbeten
7500,4653,NONE,Varor och legoarbeten
7500,4654,NONE,Varor och legoarbeten
7500,4655,NONE,Varor och legoarbeten
7500,4656,NONE,Varor och legoarbeten
7500,4657,NONE,Varor och legoarbeten
7500,4658,NONE,Varor och legoarbeten
7500,4659,NONE,Varor och legoarbeten
7500,4660,NONE,Varor och legoarbeten
7500,4661,NONE,Varor och legoarbeten
7500,4662,NONE,Varor och legoarbeten
7500,4663,NONE,Varor och legoarbeten
7500,4664,NONE,Varor och legoarbeten
7500,4665,NONE,Varor och legoarbeten
7500,4666,NONE,Varor och legoarbeten
7500,4667,NONE,Varor och legoarbeten
7500,4668,NONE,Varor och legoarbeten
7500,4669,NONE,Varor och legoarbeten
7500,4670,NONE,Varor och legoarbeten
7500,4671,NONE,Varor och legoarbeten
7500,4672,NONE,Varor och legoarbeten
7500,4673,NONE,Varor och legoarbeten
7500,4674,NONE,Varor och legoarbeten
7500,4675,NONE,Varor och legoarbeten
7500,4676,NONE,Varor och legoarbeten
7500,4677,NONE,Varor och legoarbeten
7500,4678,NONE,Varor och legoarbeten
7500,4679,NONE,Varor och legoarbeten
7500,4680,NONE,Varor och legoarbeten
7500,4681,NONE,Varor och legoarbeten
7500,4682,NONE,Varor och legoarbeten
7500,4683,NONE,Varor och legoarbeten
7500,4684,NONE,Varor och legoarbeten
7500,4685,NONE,Varor och legoarbeten
7500,4686,NONE,Varor och legoarbeten
7500,4687,NONE,Varor och legoarbeten
7500,4688,NONE,Varor och legoarbeten
7500,4689,NONE,Varor och legoarbeten
7500,4690,NONE,Varor och legoarbeten
7500,4691,NONE,Varor och legoarbeten
7500,4692,NONE,Varor och legoarbeten
7500,4693,NONE,Varor och legoarbeten
7500,4694,NONE,Varor och legoarbeten
7500,4695,NONE,Varor och legoarbeten
7500,4696,NONE,Varor och legoarbeten
7500,4697,NONE,Varor och legoarbeten
7500,4698,NONE,Varor och legoarbeten
7500,4699,NONE,Varor och legoarbeten
7500,4700,NONE,Varor och legoarbeten
7500,4701,NONE,Varor och legoarbeten
7500,4702,NONE,Varor och legoarbeten
7500,4703,NONE,Varor och legoarbeten
7500,4704,NONE,Varor och legoarbeten
7500,4705,NONE,Varor och legoarbeten
7500,4706,NONE,Varor och legoarbeten
7500,4707,NONE,Varor och legoarbeten
7500,4708,NONE,Varor och legoarbeten
7500,4709,NONE,Varor och legoarbeten
7500,4710,NONE,Varor och legoarbeten
7500,4711,NONE,Varor och legoarbeten
7500,4712,NONE,Varor och legoarbeten
7500,4713,NONE,Varor och legoarbeten
7500,4714,NONE,Varor och legoarbeten
7500,4715,NONE,Varor och legoarbeten
7500,4716,NONE,Varor och legoarbeten
7500,4717,NONE,Varor och legoarbeten
7500,4718,NONE,Varor och legoarbeten
7500,4719,NONE,Varor och legoarbeten
7500,4720,NONE,Varor och legoarbeten
7500,4721,NONE,Varor och legoarbeten
7500,4722,NONE,Varor och legoarbeten
7500,4723,NONE,Varor och legoarbeten
7500,4724,NONE,Varor och legoarbeten
7500,4725,NONE,Varor och legoarbeten
7500,4726,NONE,Varor och legoarbeten
7500,4727,NONE,Varor och legoarbeten
7500,4728,NONE,Varor och legoarbeten
7500,4729,NONE,Varor och legoarbeten
7500,4730,NONE,Varor och legoarbeten
7500,4731,NONE,Varor och legoarbeten
7500,4732,NONE,Varor och legoarbeten
7500,4733,NONE,Varor och legoarbeten
7500,4734,NONE,Varor och legoarbeten
7500,4735,NONE,Varor och legoarbeten
7500,4736,NONE,Varor och legoarbeten
7500,4737,NONE,Varor och legoarbeten
7500,4738,NONE,Varor och legoarbeten
7500,4739,NONE,Varor och legoarbeten
7500,4740,NONE,Varor och legoarbeten
7500,4741,NONE,Varor och legoarbeten
7500,4742,NONE,Varor och legoarbeten
7500,4743,NONE,Varor och legoarbeten
7500,4744,NONE,Varor och legoarbeten
7500,4745,NONE,Varor och legoarbeten
7500,4746,NONE,Varor och legoarbeten
7500,4747,NONE,Varor och legoarbeten
7500,4748,NONE,Varor och legoarbeten
7500,4749,NONE,Varor och legoarbeten
7500,4750,NONE,Varor och legoarbeten
7500,4751,NONE,Varor och legoarbeten
7500,4752,NONE,Varor och legoarbeten
7500,4753,NONE,Varor och legoarbeten
7500,4754,NONE,Varor och legoarbeten
7500,4755,NONE,Varor och legoarbeten
7500,4756,NONE,Varor och legoarbeten
7500,4757,NONE,Varor och legoarbeten
7500,4758,NONE,Varor och legoarbeten
7500,4759,NONE,Varor och legoarbeten
7500,4760,NONE,Varor och legoarbeten
7500,4761,NONE,Varor och legoarbeten
7500,4762,NONE,Varor och legoarbeten
7500,4763,NONE,Varor och legoarbeten
7500,4764,NONE,Varor och legoarbeten
7500,4765,NONE,Varor och legoarbeten
7500,4766,NONE,Varor och legoarbeten
7500,4767,NONE,Varor och legoarbeten
7500,4768,NONE,Varor och legoarbeten
7500,4769,NONE,Varor och legoarbeten
7500,4770,NONE,Varor och legoarbeten
7500,4771,NONE,Varor och legoarbeten
7500,4772,NONE,Varor och legoarbeten
7500,4773,NONE,Varor och legoarbeten
7500,4774,NONE,Varor och legoarbeten
7500,4775,NONE,Varor och legoarbeten
7500,4776,NONE,Varor och legoarbeten
7500,4777,NONE,Varor och legoarbeten
7500,4778,NONE,Varor och legoarbeten
7500,4779,NONE,Varor och legoarbeten
7500,4780,NONE,Varor och legoarbeten
7500,4781,NONE,Varor och legoarbeten
7500,4782,NONE,Varor och legoarbeten
7500,4783,NONE,Varor och legoarbeten
7500,4784,NONE,Varor och legoarbeten
7500,4785,NONE,Varor och legoarbeten
7500,4786,NONE,Varor och legoarbeten
7500,4787,NONE,Varor och legoarbeten
7500,4788,NONE,Varor och legoarbeten
7500,4789,NONE,Varor och legoarbeten
7500,4790,NONE,Varor och legoarbeten
7500,4791,NONE,Varor och legoarbeten
7500,4792,NONE,Varor och legoarbeten
7500,4793,NONE,Varor och legoarbeten
7500,4794,NONE,Varor och legoarbeten
7500,4795,NONE,Varor och legoarbeten
7500,4796,NONE,Varor och legoarbeten
7500,4797,NONE,Varor och legoarbeten
7500,4798,NONE,Varor och legoarbeten
7500,4799,NONE,Varor och legoarbeten
7500,4800,NONE,Varor och legoarbeten
7500,4801,NONE,Varor och legoarbeten
7500,4802,NONE,Varor och legoarbeten
7500,4803,NONE,Varor och legoarbeten
7500,4804,NONE,Varor och legoarbeten
7500,4805,NONE,Varor och legoarbeten
7500,4806,NONE,Varor och legoarbeten
7500,4807,NONE,Varor och legoarbeten
7500,4808,NONE,Varor och legoarbeten
7500,4809,NONE,Varor och legoarbeten
7500,4810,NONE,Varor och legoarbeten
7500,4811,NONE,Varor och legoarbeten
7500,4812,NONE,Varor och legoarbeten
7500,4813,NONE,Varor och legoarbeten
7500,4814,NONE,Varor och legoarbeten
7500,4815,NONE,Varor och legoarbeten
7500,4816,NONE,Varor och legoarbeten
7500,4817,NONE,Varor och legoarbeten
7500,4818,NONE,Varor och legoarbeten
7500,4819,NONE,Varor och legoarbeten
7500,4820,NONE,Varor och legoarbeten
7500,4821,NONE,Varor och legoarbeten
7500,4822,NONE,Varor och legoarbeten
7500,4823,NONE,Varor och legoarbeten
7500,4824,NONE,Varor och legoarbeten
7500,4825,NONE,Varor och legoarbeten
7500,4826,NONE,Varor och legoarbeten
7500,4827,NONE,Varor och legoarbeten
7500,4828,NONE,Varor och legoarbeten
7500,4829,NONE,Varor och legoarbeten
7500,4830,NONE,Varor och legoarbeten
7500,4831,NONE,Varor och legoarbeten
7500,4832,NONE,Varor och legoarbeten
7500,4833,NONE,Varor och legoarbeten
7500,4834,NONE,Varor och legoarbeten
7500,4835,NONE,Varor och legoarbeten
7500,4836,NONE,Varor och legoarbeten
7500,4837,NONE,Varor och legoarbeten
7500,4838,NONE,Varor och legoarbeten
7500,4839,NONE,Varor och legoarbeten
7500,4840,NONE,Varor och legoarbeten
7500,4841,NONE,Varor och legoarbeten
7500,4842,NONE,Varor och legoarbeten
7500,4843,NONE,Varor och legoarbeten
7500,4844,NONE,Varor och legoarbeten
7500,4845,NONE,Varor och legoarbeten
7500,4846,NONE,Varor och legoarbeten
7500,4847,NONE,Varor och legoarbeten
7500,4848,NONE,Varor och legoarbeten
7500,4849,NONE,Varor och legoarbeten
7500,4850,NONE,Varor och legoarbeten
7500,4851,NONE,Varor och legoarbeten
7500,4852,NONE,Varor och legoarbeten
7500,4853,NONE,Varor och legoarbeten
7500,4854,NONE,Varor och legoarbeten
7500,4855,NONE,Varor och legoarbeten
7500,4856,NONE,Varor och legoarbeten
7500,4857,NONE,Varor och legoarbeten
7500,4858,NONE,Varor och legoarbeten
7500,4859,NONE,Varor och legoarbeten
7500,4860,NONE,Varor och legoarbeten
7500,4861,NONE,Varor och legoarbeten
7500,4862,NONE,Varor och legoarbeten
7500,4863,NONE,Varor och legoarbeten
7500,4864,NONE,Varor och legoarbeten
7500,4865,NONE,Varor och legoarbeten
7500,4866,NONE,Varor och legoarbeten
7500,4867,NONE,Varor och legoarbeten
7500,4868,NONE,Varor och legoarbeten
7500,4869,NONE,Varor och legoarbeten
7500,4870,NONE,Varor och legoarbeten
7500,4871,NONE,Varor och legoarbeten
7500,4872,NONE,Varor och legoarbeten
7500,4873,NONE,Varor och legoarbeten
7500,4874,NONE,Varor och legoarbeten
7500,4875,NONE,Varor och legoarbeten
7500,4876,NONE,Varor och legoarbeten
7500,4877,NONE,Varor och legoarbeten
7500,4878,NONE,Varor och legoarbeten
7500,4879,NONE,Varor och legoarbeten
7500,4880,NONE,Varor och legoarbeten
7500,4881,NONE,Varor och legoarbeten
7500,4882,NONE,Varor och legoarbeten
7500,4883,NONE,Varor och legoarbeten
7500,4884,NONE,Varor och legoarbeten
7500,4885,NONE,Varor och legoarbeten
7500,4886,NONE,Varor och legoarbeten
7500,4887,NONE,Varor och legoarbeten
7500,4888,NONE,Varor och legoarbeten
7500,4889,NONE,Varor och legoarbeten
7500,4890,NONE,Varor och legoarbeten
7500,4891,NONE,Varor och legoarbeten
7500,4892,NONE,Varor och legoarbeten
7500,4893,NONE,Varor och legoarbeten
7500,4894,NONE,Varor och legoarbeten
7500,4895,NONE,Varor och legoarbeten
7500,4896,NONE,Varor och legoarbeten
7500,4897,NONE,Varor och legoarbeten
7500,4898,NONE,Varor och legoarbeten
7500,4899,NONE,Varor och legoarbeten
7500,4900,NONE,Varor och legoarbeten
7500,4901,NONE,Varor och legoarbeten
7500,4902,NONE,Varor och legoarbeten
7500,4903,NONE,Varor och legoarbeten
7500,4904,NONE,Varor och legoarbeten
7500,4905,NONE,Varor och legoarbeten
7500,4906,NONE,Varor och legoarbeten
7500,4907,NONE,Varor och legoarbeten
7500,4908,NONE,Varor och legoarbeten
7500,4909,NONE,Varor och legoarbeten
7500,4910,NONE,Varor och legoarbeten
7500,4911,NONE,Varor och legoarbeten
7500,4912,NONE,Varor och legoarbeten
7500,4913,NONE,Varor och legoarbeten
7500,4914,NONE,Varor och legoarbeten
7500,4915,NONE,Varor och legoarbeten
7500,4916,NONE,Varor och legoarbeten
7500,4917,NONE,Varor och legoarbeten
7500,4918,NONE,Varor och legoarbeten
7500,4919,NONE,Varor och legoarbeten
7500,4920,NONE,Varor och legoarbeten
7500,4921,NONE,Varor och legoarbeten
7500,4922,NONE,Varor och legoarbeten
7500,4923,NONE,Varor och legoarbeten
7500,4924,NONE,Varor och legoarbeten
7500,4925,NONE,Varor och legoarbeten
7500,4926,NONE,Varor och legoarbeten
7500,4927,NONE,Varor och legoarbeten
7500,4928,NONE,Varor och legoarbeten
7500,4929,NONE,Varor och legoarbeten
7500,4930,NONE,Varor och legoarbeten
7500,4931,NONE,Varor och legoarbeten
7500,4932,NONE,Varor och legoarbeten
7500,4933,NONE,Varor och legoarbeten
7500,4934,NONE,Varor och legoarbeten
7500,4935,NONE,Varor och legoarbeten
7500,4936,NONE,Varor och legoarbeten
7500,4937,NONE,Varor och legoarbeten
7500,4938,NONE,Varor och legoarbeten
7500,4939,NONE,Varor och legoarbeten
7500,4940,NONE,Varor och legoarbeten
7500,4941,NONE,Varor och legoarbeten
7500,4942,NONE,Varor och legoarbeten
7500,4943,NONE,Varor och legoarbeten
7500,4944,NONE,Varor och legoarbeten
7500,4945,NONE,Varor och legoarbeten
7500,4946,NONE,Varor och legoarbeten
7500,4947,NONE,Varor och legoarbeten
7500,4948,NONE,Varor och legoarbeten
7500,4949,NONE,Varor och legoarbeten
7500,4950,NONE,Varor och legoarbeten
7500,4951,NONE,Varor och legoarbeten
7500,4952,NONE,Varor och legoarbeten
7500,4953,NONE,Varor och legoarbeten
7500,4954,NONE,Varor och legoarbeten
7500,4955,NONE,Varor och legoarbeten
7500,4956,NONE,Varor och legoarbeten
7500,4957,NONE,Varor och legoarbeten
7500,4958,NONE,Varor och legoarbeten
7500,4959,NONE,Varor och legoarbeten
7500,4960,NONE,Varor och legoarbeten
7500,4961,NONE,Varor och legoarbeten
7500,4962,NONE,Varor och legoarbeten
7500,4963,NONE,Varor och legoarbeten
7500,4964,NONE,Varor och legoarbeten
7500,4965,NONE,Varor och legoarbeten
7500,4966,NONE,Varor och legoarbeten
7500,4967,NONE,Varor och legoarbeten
7500,4968,NONE,Varor och legoarbeten
7500,4969,NONE,Varor och legoarbeten
7500,4970,NONE,Varor och legoarbeten
7500,4971,NONE,Varor och legoarbeten
7500,4972,NONE,Varor och legoarbeten
7500,4973,NONE,Varor och legoarbeten
7500,4974,NONE,Varor och legoarbeten
7500,4975,NONE,Varor och legoarbeten
7500,4976,NONE,Varor och legoarbeten
7500,4977,NONE,Varor och legoarbeten
7500,4978,NONE,Varor och legoarbeten
7500,4979,NONE,Varor och legoarbeten
7500,4980,NONE,Varor och legoarbeten
7500,4981,NONE,Varor och legoarbeten
7500,4982,NONE,Varor och legoarbeten
7500,4983,NONE,Varor och legoarbeten
7500,4984,NONE,Varor och legoarbeten
7500,4985,NONE,Varor och legoarbeten
7500,4986,NONE,Varor och legoarbeten
7500,4987,NONE,Varor och legoarbeten
7500,4988,NONE,Varor och legoarbeten
7500,4989,NONE,Varor och legoarbeten
7500,4990,NONE,Varor och legoarbeten
7500,4991,NONE,Varor och legoarbeten
7500,4992,NONE,Varor och legoarbeten
7500,4993,NONE,Varor och legoarbeten
7500,4994,NONE,Varor och legoarbeten
7500,4995,NONE,Varor och legoarbeten
7500,4996,NONE,Varor och legoarbeten
7500,4997,NONE,Varor och legoarbeten
7500,4998,NONE,Varor och legoarbeten
7500,4999,NONE,Varor och legoarbeten
7501,5000,NONE,Övriga externa kostnader
7501,5001,NONE,Övriga externa kostnader
7501,5002,NONE,Övriga externa kostnader
7501,5003,NONE,Övriga externa kostnader
7501,5004,NONE,Övriga externa kostnader
7501,5005,NONE,Övriga externa kostnader
7501,5006,NONE,Övriga externa kostnader
7501,5007,NONE,Övriga externa kostnader
7501,5008,NONE,Övriga externa kostnader
7501,5009,NONE,Övriga externa kostnader
7501,5010,NONE,Övriga externa kostnader
7501,5011,NONE,Övriga externa kostnader
7501,5012,NONE,Övriga externa kostnader
7501,5013,NONE,Övriga externa kostnader
7501,5014,NONE,Övriga externa kostnader
7501,5015,NONE,Övriga externa kostnader
7501,5016,NONE,Övriga externa kostnader
7501,5017,NONE,Övriga externa kostnader
7501,5018,NONE,Övriga externa kostnader
7501,5019,NONE,Övriga externa kostnader
7501,5020,NONE,Övriga externa kostnader
7501,5021,NONE,Övriga externa kostnader
7501,5022,NONE,Övriga externa kostnader
7501,5023,NONE,Övriga externa kostnader
7501,5024,NONE,Övriga externa kostnader
7501,5025,NONE,Övriga externa kostnader
7501,5026,NONE,Övriga externa kostnader
7501,5027,NONE,Övriga externa kostnader
7501,5028,NONE,Övriga externa kostnader
7501,5029,NONE,Övriga externa kostnader
7501,5030,NONE,Övriga externa kostnader
7501,5031,NONE,Övriga externa kostnader
7501,5032,NONE,Övriga externa kostnader
7501,5033,NONE,Övriga externa kostnader
7501,5034,NONE,Övriga externa kostnader
7501,5035,NONE,Övriga externa kostnader
7501,5036,NONE,Övriga externa kostnader
7501,5037,NONE,Övriga externa kostnader
7501,5038,NONE,Övriga externa kostnader
7501,5039,NONE,Övriga externa kostnader
7501,5040,NONE,Övriga externa kostnader
7501,5041,NONE,Övriga externa kostnader
7501,5042,NONE,Övriga externa kostnader
7501,5043,NONE,Övriga externa kostnader
7501,5044,NONE,Övriga externa kostnader
7501,5045,NONE,Övriga externa kostnader
7501,5046,NONE,Övriga externa kostnader
7501,5047,NONE,Övriga externa kostnader
7501,5048,NONE,Övriga externa kostnader
7501,5049,NONE,Övriga externa kostnader
7501,5050,NONE,Övriga externa kostnader
7501,5051,NONE,Övriga externa kostnader
7501,5052,NONE,Övriga externa kostnader
7501,5053,NONE,Övriga externa kostnader
7501,5054,NONE,Övriga externa kostnader
7501,5055,NONE,Övriga externa kostnader
7501,5056,NONE,Övriga externa kostnader
7501,5057,NONE,Övriga externa kostnader
7501,5058,NONE,Övriga externa kostnader
7501,5059,NONE,Övriga externa kostnader
7501,5060,NONE,Övriga externa kostnader
7501,5061,NONE,Övriga externa kostnader
7501,5062,NONE,Övriga externa kostnader
7501,5063,NONE,Övriga externa kostnader
7501,5064,NONE,Övriga externa kostnader
7501,5065,NONE,Övriga externa kostnader
7501,5066,NONE,Övriga externa kostnader
7501,5067,NONE,Övriga externa kostnader
7501,5068,NONE,Övriga externa kostnader
7501,5069,NONE,Övriga externa kostnader
7501,5070,NONE,Övriga externa kostnader
7501,5071,NONE,Övriga externa kostnader
7501,5072,NONE,Övriga externa kostnader
7501,5073,NONE,Övriga externa kostnader
7501,5074,NONE,Övriga externa kostnader
7501,5075,NONE,Övriga externa kostnader
7501,5076,NONE,Övriga externa kostnader
7501,5077,NONE,Övriga externa kostnader
7501,5078,NONE,Övriga externa kostnader
7501,5079,NONE,Övriga externa kostnader
7501,5080,NONE,Övriga externa kostnader
7501,5081,NONE,Övriga externa kostnader
7501,5082,NONE,Övriga externa kostnader
7501,5083,NONE,Övriga externa kostnader
7501,5084,NONE,Övriga externa kostnader
7501,5085,NONE,Övriga externa kostnader
7501,5086,NONE,Övriga externa kostnader
7501,5087,NONE,Övriga externa kostnader
7501,5088,NONE,Övriga externa kostnader
7501,5089,NONE,Övriga externa kostnader
7501,5090,NONE,Övriga externa kostnader
7501,5091,NONE,Övriga externa kostnader
7501,5092,NONE,Övriga externa kostnader
7501,5093,NONE,Övriga externa kostnader
7501,5094,NONE,Övriga externa kostnader
7501,5095,NONE,Övriga externa kostnader
7501,5096,NONE,Övriga externa kostnader
7501,5097,NONE,Övriga externa kostnader
7501,5098,NONE,Övriga externa kostnader
7501,5099,NONE,Övriga externa kostnader
7501,5100,NONE,Övriga externa kostnader
7501,5101,NONE,Övriga externa kostnader
7501,5102,NONE,Övriga externa kostnader
7501,5103,NONE,Övriga externa kostnader
7501,5104,NONE,Övriga externa kostnader
7501,5105,NONE,Övriga externa kostnader
7501,5106,NONE,Övriga externa kostnader
7501,5107,NONE,Övriga externa kostnader
7501,5108,NONE,Övriga externa kostnader
7501,5109,NONE,Övriga externa kostnader
7501,5110,NONE,Övriga externa kostnader
7501,5111,NONE,Övriga externa kostnader
7501,5112,NONE,Övriga externa kostnader
7501,5113,NONE,Övriga externa kostnader
7501,5114,NONE,Övriga externa kostnader
7501,5115,NONE,Övriga externa kostnader
7501,5116,NONE,Övriga externa kostnader
7501,5117,NONE,Övriga externa kostnader
7501,5118,NONE,Övriga externa kostnader
7501,5119,NONE,Övriga externa kostnader
7501,5120,NONE,Övriga externa kostnader
7501,5121,NONE,Övriga externa kostnader
7501,5122,NONE,Övriga externa kostnader
7501,5123,NONE,Övriga externa kostnader
7501,5124,NONE,Övriga externa kostnader
7501,5125,NONE,Övriga externa kostnader
7501,5126,NONE,Övriga externa kostnader
7501,5127,NONE,Övriga externa kostnader
7501,5128,NONE,Övriga externa kostnader
7501,5129,NONE,Övriga externa kostnader
7501,5130,NONE,Övriga externa kostnader
7501,5131,NONE,Övriga externa kostnader
7501,5132,NONE,Övriga externa kostnader
7501,5133,NONE,Övriga externa kostnader
7501,5134,NONE,Övriga externa kostnader
7501,5135,NONE,Övriga externa kostnader
7501,5136,NONE,Övriga externa kostnader
7501,5137,NONE,Övriga externa kostnader
7501,5138,NONE,Övriga externa kostnader
7501,5139,NONE,Övriga externa kostnader
7501,5140,NONE,Övriga externa kostnader
7501,5141,NONE,Övriga externa kostnader
7501,5142,NONE,Övriga externa kostnader
7501,5143,NONE,Övriga externa kostnader
7501,5144,NONE,Övriga externa kostnader
7501,5145,NONE,Övriga externa kostnader
7501,5146,NONE,Övriga externa kostnader
7501,5147,NONE,Övriga externa kostnader
7501,5148,NONE,Övriga externa kostnader
7501,5149,NONE,Övriga externa kostnader
7501,5150,NONE,Övriga externa kostnader
7501,5151,NONE,Övriga externa kostnader
7501,5152,NONE,Övriga externa kostnader
7501,5153,NONE,Övriga externa kostnader
7501,5154,NONE,Övriga externa kostnader
7501,5155,NONE,Övriga externa kostnader
7501,5156,NONE,Övriga externa kostnader
7501,5157,NONE,Övriga externa kostnader
7501,5158,NONE,Övriga externa kostnader
7501,5159,NONE,Övriga externa kostnader
7501,5160,NONE,Övriga externa kostnader
7501,5161,NONE,Övriga externa kostnader
7501,5162,NONE,Övriga externa kostnader
7501,5163,NONE,Övriga externa kostnader
7501,5164,NONE,Övriga externa kostnader
7501,5165,NONE,Övriga externa kostnader
7501,5166,NONE,Övriga externa kostnader
7501,5167,NONE,Övriga externa kostnader
7501,5168,NONE,Övriga externa kostnader
7501,5169,NONE,Övriga externa kostnader
7501,5170,NONE,Övriga externa kostnader
7501,5171,NONE,Övriga externa kostnader
7501,5172,NONE,Övriga externa kostnader
7501,5173,NONE,Övriga externa kostnader
7501,5174,NONE,Övriga externa kostnader
7501,5175,NONE,Övriga externa kostnader
7501,5176,NONE,Övriga externa kostnader
7501,5177,NONE,Övriga externa kostnader
7501,5178,NONE,Övriga externa kostnader
7501,5179,NONE,Övriga externa kostnader
7501,5180,NONE,Övriga externa kostnader
7501,5181,NONE,Övriga externa kostnader
7501,5182,NONE,Övriga externa kostnader
7501,5183,NONE,Övriga externa kostnader
7501,5184,NONE,Övriga externa kostnader
7501,5185,NONE,Övriga externa kostnader
7501,5186,NONE,Övriga externa kostnader
7501,5187,NONE,Övriga externa kostnader
7501,5188,NONE,Övriga externa kostnader
7501,5189,NONE,Övriga externa kostnader
7501,5190,NONE,Övriga externa kostnader
7501,5191,NONE,Övriga externa kostnader
7501,5192,NONE,Övriga externa kostnader
7501,5193,NONE,Övriga externa kostnader
7501,5194,NONE,Övriga externa kostnader
7501,5195,NONE,Övriga externa kostnader
7501,5196,NONE,Övriga externa kostnader
7501,5197,NONE,Övriga externa kostnader
7501,5198,NONE,Övriga externa kostnader
7501,5199,NONE,Övriga externa kostnader
7501,5200,NONE,Övriga externa kostnader
7501,5201,NONE,Övriga externa kostnader
7501,5202,NONE,Övriga externa kostnader
7501,5203,NONE,Övriga externa kostnader
7501,5204,NONE,Övriga externa kostnader
7501,5205,NONE,Övriga externa kostnader
7501,5206,NONE,Övriga externa kostnader
7501,5207,NONE,Övriga externa kostnader
7501,5208,NONE,Övriga externa kostnader
7501,5209,NONE,Övriga externa kostnader
7501,5210,NONE,Övriga externa kostnader
7501,5211,NONE,Övriga externa kostnader
7501,5212,NONE,Övriga externa kostnader
7501,5213,NONE,Övriga externa kostnader
7501,5214,NONE,Övriga externa kostnader
7501,5215,NONE,Övriga externa kostnader
7501,5216,NONE,Övriga externa kostnader
7501,5217,NONE,Övriga externa kostnader
7501,5218,NONE,Övriga externa kostnader
7501,5219,NONE,Övriga externa kostnader
7501,5220,NONE,Övriga externa kostnader
7501,5221,NONE,Övriga externa kostnader
7501,5222,NONE,Övriga externa kostnader
7501,5223,NONE,Övriga externa kostnader
7501,5224,NONE,Övriga externa kostnader
7501,5225,NONE,Övriga externa kostnader
7501,5226,NONE,Övriga externa kostnader
7501,5227,NONE,Övriga externa kostnader
7501,5228,NONE,Övriga externa kostnader
7501,5229,NONE,Övriga externa kostnader
7501,5230,NONE,Övriga externa kostnader
7501,5231,NONE,Övriga externa kostnader
7501,5232,NONE,Övriga externa kostnader
7501,5233,NONE,Övriga externa kostnader
7501,5234,NONE,Övriga externa kostnader
7501,5235,NONE,Övriga externa kostnader
7501,5236,NONE,Övriga externa kostnader
7501,5237,NONE,Övriga externa kostnader
7501,5238,NONE,Övriga externa kostnader
7501,5239,NONE,Övriga externa kostnader
7501,5240,NONE,Övriga externa kostnader
7501,5241,NONE,Övriga externa kostnader
7501,5242,NONE,Övriga externa kostnader
7501,5243,NONE,Övriga externa kostnader
7501,5244,NONE,Övriga externa kostnader
7501,5245,NONE,Övriga externa kostnader
7501,5246,NONE,Övriga externa kostnader
7501,5247,NONE,Övriga externa kostnader
7501,5248,NONE,Övriga externa kostnader
7501,5249,NONE,Övriga externa kostnader
7501,5250,NONE,Övriga externa kostnader
7501,5251,NONE,Övriga externa kostnader
7501,5252,NONE,Övriga externa kostnader
7501,5253,NONE,Övriga externa kostnader
7501,5254,NONE,Övriga externa kostnader
7501,5255,NONE,Övriga externa kostnader
7501,5256,NONE,Övriga externa kostnader
7501,5257,NONE,Övriga externa kostnader
7501,5258,NONE,Övriga externa kostnader
7501,5259,NONE,Övriga externa kostnader
7501,5260,NONE,Övriga externa kostnader
7501,5261,NONE,Övriga externa kostnader
7501,5262,NONE,Övriga externa kostnader
7501,5263,NONE,Övriga externa kostnader
7501,5264,NONE,Övriga externa kostnader
7501,5265,NONE,Övriga externa kostnader
7501,5266,NONE,Övriga externa kostnader
7501,5267,NONE,Övriga externa kostnader
7501,5268,NONE,Övriga externa kostnader
7501,5269,NONE,Övriga externa kostnader
7501,5270,NONE,Övriga externa kostnader
7501,5271,NONE,Övriga externa kostnader
7501,5272,NONE,Övriga externa kostnader
7501,5273,NONE,Övriga externa kostnader
7501,5274,NONE,Övriga externa kostnader
7501,5275,NONE,Övriga externa kostnader
7501,5276,NONE,Övriga externa kostnader
7501,5277,NONE,Övriga externa kostnader
7501,5278,NONE,Övriga externa kostnader
7501,5279,NONE,Övriga externa kostnader
7501,5280,NONE,Övriga externa kostnader
7501,5281,NONE,Övriga externa kostnader
7501,5282,NONE,Övriga externa kostnader
7501,5283,NONE,Övriga externa kostnader
7501,5284,NONE,Övriga externa kostnader
7501,5285,NONE,Övriga externa kostnader
7501,5286,NONE,Övriga externa kostnader
7501,5287,NONE,Övriga externa kostnader
7501,5288,NONE,Övriga externa kostnader
7501,5289,NONE,Övriga externa kostnader
7501,5290,NONE,Övriga externa kostnader
7501,5291,NONE,Övriga externa kostnader
7501,5292,NONE,Övriga externa kostnader
7501,5293,NONE,Övriga externa kostnader
7501,5294,NONE,Övriga externa kostnader
7501,5295,NONE,Övriga externa kostnader
7501,5296,NONE,Övriga externa kostnader
7501,5297,NONE,Övriga externa kostnader
7501,5298,NONE,Övriga externa kostnader
7501,5299,NONE,Övriga externa kostnader
7501,5300,NONE,Övriga externa kostnader
7501,5301,NONE,Övriga externa kostnader
7501,5302,NONE,Övriga externa kostnader
7501,5303,NONE,Övriga externa kostnader
7501,5304,NONE,Övriga externa kostnader
7501,5305,NONE,Övriga externa kostnader
7501,5306,NONE,Övriga externa kostnader
7501,5307,NONE,Övriga externa kostnader
7501,5308,NONE,Övriga externa kostnader
7501,5309,NONE,Övriga externa kostnader
7501,5310,NONE,Övriga externa kostnader
7501,5311,NONE,Övriga externa kostnader
7501,5312,NONE,Övriga externa kostnader
7501,5313,NONE,Övriga externa kostnader
7501,5314,NONE,Övriga externa kostnader
7501,5315,NONE,Övriga externa kostnader
7501,5316,NONE,Övriga externa kostnader
7501,5317,NONE,Övriga externa kostnader
7501,5318,NONE,Övriga externa kostnader
7501,5319,NONE,Övriga externa kostnader
7501,5320,NONE,Övriga externa kostnader
7501,5321,NONE,Övriga externa kostnader
7501,5322,NONE,Övriga externa kostnader
7501,5323,NONE,Övriga externa kostnader
7501,5324,NONE,Övriga externa kostnader
7501,5325,NONE,Övriga externa kostnader
7501,5326,NONE,Övriga externa kostnader
7501,5327,NONE,Övriga externa kostnader
7501,5328,NONE,Övriga externa kostnader
7501,5329,NONE,Övriga externa kostnader
7501,5330,NONE,Övriga externa kostnader
7501,5331,NONE,Övriga externa kostnader
7501,5332,NONE,Övriga externa kostnader
7501,5333,NONE,Övriga externa kostnader
7501,5334,NONE,Övriga externa kostnader
7501,5335,NONE,Övriga externa kostnader
7501,5336,NONE,Övriga externa kostnader
7501,5337,NONE,Övriga externa kostnader
7501,5338,NONE,Övriga externa kostnader
7501,5339,NONE,Övriga externa kostnader
7501,5340,NONE,Övriga externa kostnader
7501,5341,NONE,Övriga externa kostnader
7501,5342,NONE,Övriga externa kostnader
7501,5343,NONE,Övriga externa kostnader
7501,5344,NONE,Övriga externa kostnader
7501,5345,NONE,Övriga externa kostnader
7501,5346,NONE,Övriga externa kostnader
7501,5347,NONE,Övriga externa kostnader
7501,5348,NONE,Övriga externa kostnader
7501,5349,NONE,Övriga externa kostnader
7501,5350,NONE,Övriga externa kostnader
7501,5351,NONE,Övriga externa kostnader
7501,5352,NONE,Övriga externa kostnader
7501,5353,NONE,Övriga externa kostnader
7501,5354,NONE,Övriga externa kostnader
7501,5355,NONE,Övriga externa kostnader
7501,5356,NONE,Övriga externa kostnader
7501,5357,NONE,Övriga externa kostnader
7501,5358,NONE,Övriga externa kostnader
7501,5359,NONE,Övriga externa kostnader
7501,5360,NONE,Övriga externa kostnader
7501,5361,NONE,Övriga externa kostnader
7501,5362,NONE,Övriga externa kostnader
7501,5363,NONE,Övriga externa kostnader
7501,5364,NONE,Övriga externa kostnader
7501,5365,NONE,Övriga externa kostnader
7501,5366,NONE,Övriga externa kostnader
7501,5367,NONE,Övriga externa kostnader
7501,5368,NONE,Övriga externa kostnader
7501,5369,NONE,Övriga externa kostnader
7501,5370,NONE,Övriga externa kostnader
7501,5371,NONE,Övriga externa kostnader
7501,5372,NONE,Övriga externa kostnader
7501,5373,NONE,Övriga externa kostnader
7501,5374,NONE,Övriga externa kostnader
7501,5375,NONE,Övriga externa kostnader
7501,5376,NONE,Övriga externa kostnader
7501,5377,NONE,Övriga externa kostnader
7501,5378,NONE,Övriga externa kostnader
7501,5379,NONE,Övriga externa kostnader
7501,5380,NONE,Övriga externa kostnader
7501,5381,NONE,Övriga externa kostnader
7501,5382,NONE,Övriga externa kostnader
7501,5383,NONE,Övriga externa kostnader
7501,5384,NONE,Övriga externa kostnader
7501,5385,NONE,Övriga externa kostnader
7501,5386,NONE,Övriga externa kostnader
7501,5387,NONE,Övriga externa kostnader
7501,5388,NONE,Övriga externa kostnader
7501,5389,NONE,Övriga externa kostnader
7501,5390,NONE,Övriga externa kostnader
7501,5391,NONE,Övriga externa kostnader
7501,5392,NONE,Övriga externa kostnader
7501,5393,NONE,Övriga externa kostnader
7501,5394,NONE,Övriga externa kostnader
7501,5395,NONE,Övriga externa kostnader
7501,5396,NONE,Övriga externa kostnader
7501,5397,NONE,Övriga externa kostnader
7501,5398,NONE,Övriga externa kostnader
7501,5399,NONE,Övriga externa kostnader
7501,5400,NONE,Övriga externa kostnader
7501,5401,NONE,Övriga externa kostnader
7501,5402,NONE,Övriga externa kostnader
7501,5403,NONE,Övriga externa kostnader
7501,5404,NONE,Övriga externa kostnader
7501,5405,NONE,Övriga externa kostnader
7501,5406,NONE,Övriga externa kostnader
7501,5407,NONE,Övriga externa kostnader
7501,5408,NONE,Övriga externa kostnader
7501,5409,NONE,Övriga externa kostnader
7501,5410,NONE,Övriga externa kostnader
7501,5411,NONE,Övriga externa kostnader
7501,5412,NONE,Övriga externa kostnader
7501,5413,NONE,Övriga externa kostnader
7501,5414,NONE,Övriga externa kostnader
7501,5415,NONE,Övriga externa kostnader
7501,5416,NONE,Övriga externa kostnader
7501,5417,NONE,Övriga externa kostnader
7501,5418,NONE,Övriga externa kostnader
7501,5419,NONE,Övriga externa kostnader
7501,5420,NONE,Övriga externa kostnader
7501,5421,NONE,Övriga externa kostnader
7501,5422,NONE,Övriga externa kostnader
7501,5423,NONE,Övriga externa kostnader
7501,5424,NONE,Övriga externa kostnader
7501,5425,NONE,Övriga externa kostnader
7501,5426,NONE,Övriga externa kostnader
7501,5427,NONE,Övriga externa kostnader
7501,5428,NONE,Övriga externa kostnader
7501,5429,NONE,Övriga externa kostnader
7501,5430,NONE,Övriga externa kostnader
7501,5431,NONE,Övriga externa kostnader
7501,5432,NONE,Övriga externa kostnader
7501,5433,NONE,Övriga externa kostnader
7501,5434,NONE,Övriga externa kostnader
7501,5435,NONE,Övriga externa kostnader
7501,5436,NONE,Övriga externa kostnader
7501,5437,NONE,Övriga externa kostnader
7501,5438,NONE,Övriga externa kostnader
7501,5439,NONE,Övriga externa kostnader
7501,5440,NONE,Övriga externa kostnader
7501,5441,NONE,Övriga externa kostnader
7501,5442,NONE,Övriga externa kostnader
7501,5443,NONE,Övriga externa kostnader
7501,5444,NONE,Övriga externa kostnader
7501,5445,NONE,Övriga externa kostnader
7501,5446,NONE,Övriga externa kostnader
7501,5447,NONE,Övriga externa kostnader
7501,5448,NONE,Övriga externa kostnader
7501,5449,NONE,Övriga externa kostnader
7501,5450,NONE,Övriga externa kostnader
7501,5451,NONE,Övriga externa kostnader
7501,5452,NONE,Övriga externa kostnader
7501,5453,NONE,Övriga externa kostnader
7501,5454,NONE,Övriga externa kostnader
7501,5455,NONE,Övriga externa kostnader
7501,5456,NONE,Övriga externa kostnader
7501,5457,NONE,Övriga externa kostnader
7501,5458,NONE,Övriga externa kostnader
7501,5459,NONE,Övriga externa kostnader
7501,5460,NONE,Övriga externa kostnader
7501,5461,NONE,Övriga externa kostnader
7501,5462,NONE,Övriga externa kostnader
7501,5463,NONE,Övriga externa kostnader
7501,5464,NONE,Övriga externa kostnader
7501,5465,NONE,Övriga externa kostnader
7501,5466,NONE,Övriga externa kostnader
7501,5467,NONE,Övriga externa kostnader
7501,5468,NONE,Övriga externa kostnader
7501,5469,NONE,Övriga externa kostnader
7501,5470,NONE,Övriga externa kostnader
7501,5471,NONE,Övriga externa kostnader
7501,5472,NONE,Övriga externa kostnader
7501,5473,NONE,Övriga externa kostnader
7501,5474,NONE,Övriga externa kostnader
7501,5475,NONE,Övriga externa kostnader
7501,5476,NONE,Övriga externa kostnader
7501,5477,NONE,Övriga externa kostnader
7501,5478,NONE,Övriga externa kostnader
7501,5479,NONE,Övriga externa kostnader
7501,5480,NONE,Övriga externa kostnader
7501,5481,NONE,Övriga externa kostnader
7501,5482,NONE,Övriga externa kostnader
7501,5483,NONE,Övriga externa kostnader
7501,5484,NONE,Övriga externa kostnader
7501,5485,NONE,Övriga externa kostnader
7501,5486,NONE,Övriga externa kostnader
7501,5487,NONE,Övriga externa kostnader
7501,5488,NONE,Övriga externa kostnader
7501,5489,NONE,Övriga externa kostnader
7501,5490,NONE,Övriga externa kostnader
7501,5491,NONE,Övriga externa kostnader
7501,5492,NONE,Övriga externa kostnader
7501,5493,NONE,Övriga externa kostnader
7501,5494,NONE,Övriga externa kostnader
7501,5495,NONE,Övriga externa kostnader
7501,5496,NONE,Övriga externa kostnader
7501,5497,NONE,Övriga externa kostnader
7501,5498,NONE,Övriga externa kostnader
7501,5499,NONE,Övriga externa kostnader
7501,5500,NONE,Övriga externa kostnader
7501,5501,NONE,Övriga externa kostnader
7501,5502,NONE,Övriga externa kostnader
7501,5503,NONE,Övriga externa kostnader
7501,5504,NONE,Övriga externa kostnader
7501,5505,NONE,Övriga externa kostnader
7501,5506,NONE,Övriga externa kostnader
7501,5507,NONE,Övriga externa kostnader
7501,5508,NONE,Övriga externa kostnader
7501,5509,NONE,Övriga externa kostnader
7501,5510,NONE,Övriga externa kostnader
7501,5511,NONE,Övriga externa kostnader
7501,5512,NONE,Övriga externa kostnader
7501,5513,NONE,Övriga externa kostnader
7501,5514,NONE,Övriga externa kostnader
7501,5515,NONE,Övriga externa kostnader
7501,5516,NONE,Övriga externa kostnader
7501,5517,NONE,Övriga externa kostnader
7501,5518,NONE,Övriga externa kostnader
7501,5519,NONE,Övriga externa kostnader
7501,5520,NONE,Övriga externa kostnader
7501,5521,NONE,Övriga externa kostnader
7501,5522,NONE,Övriga externa kostnader
7501,5523,NONE,Övriga externa kostnader
7501,5524,NONE,Övriga externa kostnader
7501,5525,NONE,Övriga externa kostnader
7501,5526,NONE,Övriga externa kostnader
7501,5527,NONE,Övriga externa kostnader
7501,5528,NONE,Övriga externa kostnader
7501,5529,NONE,Övriga externa kostnader
7501,5530,NONE,Övriga externa kostnader
7501,5531,NONE,Övriga externa kostnader
7501,5532,NONE,Övriga externa kostnader
7501,5533,NONE,Övriga externa kostnader
7501,5534,NONE,Övriga externa kostnader
7501,5535,NONE,Övriga externa kostnader
7501,5536,NONE,Övriga externa kostnader
7501,5537,NONE,Övriga externa kostnader
7501,5538,NONE,Övriga externa kostnader
7501,5539,NONE,Övriga externa kostnader
7501,5540,NONE,Övriga externa kostnader
7501,5541,NONE,Övriga externa kostnader
7501,5542,NONE,Övriga externa kostnader
7501,5543,NONE,Övriga externa kostnader
7501,5544,NONE,Övriga externa kostnader
7501,5545,NONE,Övriga externa kostnader
7501,5546,NONE,Övriga externa kostnader
7501,5547,NONE,Övriga externa kostnader
7501,5548,NONE,Övriga externa kostnader
7501,5549,NONE,Övriga externa kostnader
7501,5550,NONE,Övriga externa kostnader
7501,5551,NONE,Övriga externa kostnader
7501,5552,NONE,Övriga externa kostnader
7501,5553,NONE,Övriga externa kostnader
7501,5554,NONE,Övriga externa kostnader
7501,5555,NONE,Övriga externa kostnader
7501,5556,NONE,Övriga externa kostnader
7501,5557,NONE,Övriga externa kostnader
7501,5558,NONE,Övriga externa kostnader
7501,5559,NONE,Övriga externa kostnader
7501,5560,NONE,Övriga externa kostnader
7501,5561,NONE,Övriga externa kostnader
7501,5562,NONE,Övriga externa kostnader
7501,5563,NONE,Övriga externa kostnader
7501,5564,NONE,Övriga externa kostnader
7501,5565,NONE,Övriga externa kostnader
7501,5566,NONE,Övriga externa kostnader
7501,5567,NONE,Övriga externa kostnader
7501,5568,NONE,Övriga externa kostnader
7501,5569,NONE,Övriga externa kostnader
7501,5570,NONE,Övriga externa kostnader
7501,5571,NONE,Övriga externa kostnader
7501,5572,NONE,Övriga externa kostnader
7501,5573,NONE,Övriga externa kostnader
7501,5574,NONE,Övriga externa kostnader
7501,5575,NONE,Övriga externa kostnader
7501,5576,NONE,Övriga externa kostnader
7501,5577,NONE,Övriga externa kostnader
7501,5578,NONE,Övriga externa kostnader
7501,5579,NONE,Övriga externa kostnader
7501,5580,NONE,Övriga externa kostnader
7501,5581,NONE,Övriga externa kostnader
7501,5582,NONE,Övriga externa kostnader
7501,5583,NONE,Övriga externa kostnader
7501,5584,NONE,Övriga externa kostnader
7501,5585,NONE,Övriga externa kostnader
7501,5586,NONE,Övriga externa kostnader
7501,5587,NONE,Övriga externa kostnader
7501,5588,NONE,Övriga externa kostnader
7501,5589,NONE,Övriga externa kostnader
7501,5590,NONE,Övriga externa kostnader
7501,5591,NONE,Övriga externa kostnader
7501,5592,NONE,Övriga externa kostnader
7501,5593,NONE,Övriga externa kostnader
7501,5594,NONE,Övriga externa kostnader
7501,5595,NONE,Övriga externa kostnader
7501,5596,NONE,Övriga externa kostnader
7501,5597,NONE,Övriga externa kostnader
7501,5598,NONE,Övriga externa kostnader
7501,5599,NONE,Övriga externa kostnader
7501,5600,NONE,Övriga externa kostnader
7501,5601,NONE,Övriga externa kostnader
7501,5602,NONE,Övriga externa kostnader
7501,5603,NONE,Övriga externa kostnader
7501,5604,NONE,Övriga externa kostnader
7501,5605,NONE,Övriga externa kostnader
7501,5606,NONE,Övriga externa kostnader
7501,5607,NONE,Övriga externa kostnader
7501,5608,NONE,Övriga externa kostnader
7501,5609,NONE,Övriga externa kostnader
7501,5610,NONE,Övriga externa kostnader
7501,5611,NONE,Övriga externa kostnader
7501,5612,NONE,Övriga externa kostnader
7501,5613,NONE,Övriga externa kostnader
7501,5614,NONE,Övriga externa kostnader
7501,5615,NONE,Övriga externa kostnader
7501,5616,NONE,Övriga externa kostnader
7501,5617,NONE,Övriga externa kostnader
7501,5618,NONE,Övriga externa kostnader
7501,5619,NONE,Övriga externa kostnader
7501,5620,NONE,Övriga externa kostnader
7501,5621,NONE,Övriga externa kostnader
7501,5622,NONE,Övriga externa kostnader
7501,5623,NONE,Övriga externa kostnader
7501,5624,NONE,Övriga externa kostnader
7501,5625,NONE,Övriga externa kostnader
7501,5626,NONE,Övriga externa kostnader
7501,5627,NONE,Övriga externa kostnader
7501,5628,NONE,Övriga externa kostnader
7501,5629,NONE,Övriga externa kostnader
7501,5630,NONE,Övriga externa kostnader
7501,5631,NONE,Övriga externa kostnader
7501,5632,NONE,Övriga externa kostnader
7501,5633,NONE,Övriga externa kostnader
7501,5634,NONE,Övriga externa kostnader
7501,5635,NONE,Övriga externa kostnader
7501,5636,NONE,Övriga externa kostnader
7501,5637,NONE,Övriga externa kostnader
7501,5638,NONE,Övriga externa kostnader
7501,5639,NONE,Övriga externa kostnader
7501,5640,NONE,Övriga externa kostnader
7501,5641,NONE,Övriga externa kostnader
7501,5642,NONE,Övriga externa kostnader
7501,5643,NONE,Övriga externa kostnader
7501,5644,NONE,Övriga externa kostnader
7501,5645,NONE,Övriga externa kostnader
7501,5646,NONE,Övriga externa kostnader
7501,5647,NONE,Övriga externa kostnader
7501,5648,NONE,Övriga externa kostnader
7501,5649,NONE,Övriga externa kostnader
7501,5650,NONE,Övriga externa kostnader
7501,5651,NONE,Övriga externa kostnader
7501,5652,NONE,Övriga externa kostnader
7501,5653,NONE,Övriga externa kostnader
7501,5654,NONE,Övriga externa kostnader
7501,5655,NONE,Övriga externa kostnader
7501,5656,NONE,Övriga externa kostnader
7501,5657,NONE,Övriga externa kostnader
7501,5658,NONE,Övriga externa kostnader
7501,5659,NONE,Övriga externa kostnader
7501,5660,NONE,Övriga externa kostnader
7501,5661,NONE,Övriga externa kostnader
7501,5662,NONE,Övriga externa kostnader
7501,5663,NONE,Övriga externa kostnader
7501,5664,NONE,Övriga externa kostnader
7501,5665,NONE,Övriga externa kostnader
7501,5666,NONE,Övriga externa kostnader
7501,5667,NONE,Övriga externa kostnader
7501,5668,NONE,Övriga externa kostnader
7501,5669,NONE,Övriga externa kostnader
7501,5670,NONE,Övriga externa kostnader
7501,5671,NONE,Övriga externa kostnader
7501,5672,NONE,Övriga externa kostnader
7501,5673,NONE,Övriga externa kostnader
7501,5674,NONE,Övriga externa kostnader
7501,5675,NONE,Övriga externa kostnader
7501,5676,NONE,Övriga externa kostnader
7501,5677,NONE,Övriga externa kostnader
7501,5678,NONE,Övriga externa kostnader
7501,5679,NONE,Övriga externa kostnader
7501,5680,NONE,Övriga externa kostnader
7501,5681,NONE,Övriga externa kostnader
7501,5682,NONE,Övriga externa kostnader
7501,5683,NONE,Övriga externa kostnader
7501,5684,NONE,Övriga externa kostnader
7501,5685,NONE,Övriga externa kostnader
7501,5686,NONE,Övriga externa kostnader
7501,5687,NONE,Övriga externa kostnader
7501,5688,NONE,Övriga externa kostnader
7501,5689,NONE,Övriga externa kostnader
7501,5690,NONE,Övriga externa kostnader
7501,5691,NONE,Övriga externa kostnader
7501,5692,NONE,Övriga externa kostnader
7501,5693,NONE,Övriga externa kostnader
7501,5694,NONE,Övriga externa kostnader
7501,5695,NONE,Övriga externa kostnader
7501,5696,NONE,Övriga externa kostnader
7501,5697,NONE,Övriga externa kostnader
7501,5698,NONE,Övriga externa kostnader
7501,5699,NONE,Övriga externa kostnader
7501,5700,NONE,Övriga externa kostnader
7501,5701,NONE,Övriga externa kostnader
7501,5702,NONE,Övriga externa kostnader
7501,5703,NONE,Övriga externa kostnader
7501,5704,NONE,Övriga externa kostnader
7501,5705,NONE,Övriga externa kostnader
7501,5706,NONE,Övriga externa kostnader
7501,5707,NONE,Övriga externa kostnader
7501,5708,NONE,Övriga externa kostnader
7501,5709,NONE,Övriga externa kostnader
7501,5710,NONE,Övriga externa kostnader
7501,5711,NONE,Övriga externa kostnader
7501,5712,NONE,Övriga externa kostnader
7501,5713,NONE,Övriga externa kostnader
7501,5714,NONE,Övriga externa kostnader
7501,5715,NONE,Övriga externa kostnader
7501,5716,NONE,Övriga externa kostnader
7501,5717,NONE,Övriga externa kostnader
7501,5718,NONE,Övriga externa kostnader
7501,5719,NONE,Övriga externa kostnader
7501,5720,NONE,Övriga externa kostnader
7501,5721,NONE,Övriga externa kostnader
7501,5722,NONE,Övriga externa kostnader
7501,5723,NONE,Övriga externa kostnader
7501,5724,NONE,Övriga externa kostnader
7501,5725,NONE,Övriga externa kostnader
7501,5726,NONE,Övriga externa kostnader
7501,5727,NONE,Övriga externa kostnader
7501,5728,NONE,Övriga externa kostnader
7501,5729,NONE,Övriga externa kostnader
7501,5730,NONE,Övriga externa kostnader
7501,5731,NONE,Övriga externa kostnader
7501,5732,NONE,Övriga externa kostnader
7501,5733,NONE,Övriga externa kostnader
7501,5734,NONE,Övriga externa kostnader
7501,5735,NONE,Övriga externa kostnader
7501,5736,NONE,Övriga externa kostnader
7501,5737,NONE,Övriga externa kostnader
7501,5738,NONE,Övriga externa kostnader
7501,5739,NONE,Övriga externa kostnader
7501,5740,NONE,Övriga externa kostnader
7501,5741,NONE,Övriga externa kostnader
7501,5742,NONE,Övriga externa kostnader
7501,5743,NONE,Övriga externa kostnader
7501,5744,NONE,Övriga externa kostnader
7501,5745,NONE,Övriga externa kostnader
7501,5746,NONE,Övriga externa kostnader
7501,5747,NONE,Övriga externa kostnader
7501,5748,NONE,Övriga externa kostnader
7501,5749,NONE,Övriga externa kostnader
7501,5750,NONE,Övriga externa kostnader
7501,5751,NONE,Övriga externa kostnader
7501,5752,NONE,Övriga externa kostnader
7501,5753,NONE,Övriga externa kostnader
7501,5754,NONE,Övriga externa kostnader
7501,5755,NONE,Övriga externa kostnader
7501,5756,NONE,Övriga externa kostnader
7501,5757,NONE,Övriga externa kostnader
7501,5758,NONE,Övriga externa kostnader
7501,5759,NONE,Övriga externa kostnader
7501,5760,NONE,Övriga externa kostnader
7501,5761,NONE,Övriga externa kostnader
7501,5762,NONE,Övriga externa kostnader
7501,5763,NONE,Övriga externa kostnader
7501,5764,NONE,Övriga externa kostnader
7501,5765,NONE,Övriga externa kostnader
7501,5766,NONE,Övriga externa kostnader
7501,5767,NONE,Övriga externa kostnader
7501,5768,NONE,Övriga externa kostnader
7501,5769,NONE,Övriga externa kostnader
7501,5770,NONE,Övriga externa kostnader
7501,5771,NONE,Övriga externa kostnader
7501,5772,NONE,Övriga externa kostnader
7501,5773,NONE,Övriga externa kostnader
7501,5774,NONE,Övriga externa kostnader
7501,5775,NONE,Övriga externa kostnader
7501,5776,NONE,Övriga externa kostnader
7501,5777,NONE,Övriga externa kostnader
7501,5778,NONE,Övriga externa kostnader
7501,5779,NONE,Övriga externa kostnader
7501,5780,NONE,Övriga externa kostnader
7501,5781,NONE,Övriga externa kostnader
7501,5782,NONE,Övriga externa kostnader
7501,5783,NONE,Övriga externa kostnader
7501,5784,NONE,Övriga externa kostnader
7501,5785,NONE,Övriga externa kostnader
7501,5786,NONE,Övriga externa kostnader
7501,5787,NONE,Övriga externa kostnader
7501,5788,NONE,Övriga externa kostnader
7501,5789,NONE,Övriga externa kostnader
7501,5790,NONE,Övriga externa kostnader
7501,5791,NONE,Övriga externa kostnader
7501,5792,NONE,Övriga externa kostnader
7501,5793,NONE,Övriga externa kostnader
7501,5794,NONE,Övriga externa kostnader
7501,5795,NONE,Övriga externa kostnader
7501,5796,NONE,Övriga externa kostnader
7501,5797,NONE,Övriga externa kostnader
7501,5798,NONE,Övriga externa kostnader
7501,5799,NONE,Övriga externa kostnader
7501,5800,NONE,Övriga externa kostnader
7501,5801,NONE,Övriga externa kostnader
7501,5802,NONE,Övriga externa kostnader
7501,5803,NONE,Övriga externa kostnader
7501,5804,NONE,Övriga externa kostnader
7501,5805,NONE,Övriga externa kostnader
7501,5806,NONE,Övriga externa kostnader
7501,5807,NONE,Övriga externa kostnader
7501,5808,NONE,Övriga externa kostnader
7501,5809,NONE,Övriga externa kostnader
7501,5810,NONE,Övriga externa kostnader
7501,5811,NONE,Övriga externa kostnader
7501,5812,NONE,Övriga externa kostnader
7501,5813,NONE,Övriga externa kostnader
7501,5814,NONE,Övriga externa kostnader
7501,5815,NONE,Övriga externa kostnader
7501,5816,NONE,Övriga externa kostnader
7501,5817,NONE,Övriga externa kostnader
7501,5818,NONE,Övriga externa kostnader
7501,5819,NONE,Övriga externa kostnader
7501,5820,NONE,Övriga externa kostnader
7501,5821,NONE,Övriga externa kostnader
7501,5822,NONE,Övriga externa kostnader
7501,5823,NONE,Övriga externa kostnader
7501,5824,NONE,Övriga externa kostnader
7501,5825,NONE,Övriga externa kostnader
7501,5826,NONE,Övriga externa kostnader
7501,5827,NONE,Övriga externa kostnader
7501,5828,NONE,Övriga externa kostnader
7501,5829,NONE,Övriga externa kostnader
7501,5830,NONE,Övriga externa kostnader
7501,5831,NONE,Övriga externa kostnader
7501,5832,NONE,Övriga externa kostnader
7501,5833,NONE,Övriga externa kostnader
7501,5834,NONE,Övriga externa kostnader
7501,5835,NONE,Övriga externa kostnader
7501,5836,NONE,Övriga externa kostnader
7501,5837,NONE,Övriga externa kostnader
7501,5838,NONE,Övriga externa kostnader
7501,5839,NONE,Övriga externa kostnader
7501,5840,NONE,Övriga externa kostnader
7501,5841,NONE,Övriga externa kostnader
7501,5842,NONE,Övriga externa kostnader
7501,5843,NONE,Övriga externa kostnader
7501,5844,NONE,Övriga externa kostnader
7501,5845,NONE,Övriga externa kostnader
7501,5846,NONE,Övriga externa kostnader
7501,5847,NONE,Övriga externa kostnader
7501,5848,NONE,Övriga externa kostnader
7501,5849,NONE,Övriga externa kostnader
7501,5850,NONE,Övriga externa kostnader
7501,5851,NONE,Övriga externa kostnader
7501,5852,NONE,Övriga externa kostnader
7501,5853,NONE,Övriga externa kostnader
7501,5854,NONE,Övriga externa kostnader
7501,5855,NONE,Övriga externa kostnader
7501,5856,NONE,Övriga externa kostnader
7501,5857,NONE,Övriga externa kostnader
7501,5858,NONE,Övriga externa kostnader
7501,5859,NONE,Övriga externa kostnader
7501,5860,NONE,Övriga externa kostnader
7501,5861,NONE,Övriga externa kostnader
7501,5862,NONE,Övriga externa kostnader
7501,5863,NONE,Övriga externa kostnader
7501,5864,NONE,Övriga externa kostnader
7501,5865,NONE,Övriga externa kostnader
7501,5866,NONE,Övriga externa kostnader
7501,5867,NONE,Övriga externa kostnader
7501,5868,NONE,Övriga externa kostnader
7501,5869,NONE,Övriga externa kostnader
7501,5870,NONE,Övriga externa kostnader
7501,5871,NONE,Övriga externa kostnader
7501,5872,NONE,Övriga externa kostnader
7501,5873,NONE,Övriga externa kostnader
7501,5874,NONE,Övriga externa kostnader
7501,5875,NONE,Övriga externa kostnader
7501,5876,NONE,Övriga externa kostnader
7501,5877,NONE,Övriga externa kostnader
7501,5878,NONE,Övriga externa kostnader
7501,5879,NONE,Övriga externa kostnader
7501,5880,NONE,Övriga externa kostnader
7501,5881,NONE,Övriga externa kostnader
7501,5882,NONE,Övriga externa kostnader
7501,5883,NONE,Övriga externa kostnader
7501,5884,NONE,Övriga externa kostnader
7501,5885,NONE,Övriga externa kostnader
7501,5886,NONE,Övriga externa kostnader
7501,5887,NONE,Övriga externa kostnader
7501,5888,NONE,Övriga externa kostnader
7501,5889,NONE,Övriga externa kostnader
7501,5890,NONE,Övriga externa kostnader
7501,5891,NONE,Övriga externa kostnader
7501,5892,NONE,Övriga externa kostnader
7501,5893,NONE,Övriga externa kostnader
7501,5894,NONE,Övriga externa kostnader
7501,5895,NONE,Övriga externa kostnader
7501,5896,NONE,Övriga externa kostnader
7501,5897,NONE,Övriga externa kostnader
7501,5898,NONE,Övriga externa kostnader
7501,5899,NONE,Övriga externa kostnader
7501,5900,NONE,Övriga externa kostnader
7501,5901,NONE,Övriga externa kostnader
7501,5902,NONE,Övriga externa kostnader
7501,5903,NONE,Övriga externa kostnader
7501,5904,NONE,Övriga externa kostnader
7501,5905,NONE,Övriga externa kostnader
7501,5906,NONE,Övriga externa kostnader
7501,5907,NONE,Övriga externa kostnader
7501,5908,NONE,Övriga externa kostnader
7501,5909,NONE,Övriga externa kostnader
7501,5910,NONE,Övriga externa kostnader
7501,5911,NONE,Övriga externa kostnader
7501,5912,NONE,Övriga externa kostnader
7501,5913,NONE,Övriga externa kostnader
7501,5914,NONE,Övriga externa kostnader
7501,5915,NONE,Övriga externa kostnader
7501,5916,NONE,Övriga externa kostnader
7501,5917,NONE,Övriga externa kostnader
7501,5918,NONE,Övriga externa kostnader
7501,5919,NONE,Övriga externa kostnader
7501,5920,NONE,Övriga externa kostnader
7501,5921,NONE,Övriga externa kostnader
7501,5922,NONE,Övriga externa kostnader
7501,5923,NONE,Övriga externa kostnader
7501,5924,NONE,Övriga externa kostnader
7501,5925,NONE,Övriga externa kostnader
7501,5926,NONE,Övriga externa kostnader
7501,5927,NONE,Övriga externa kostnader
7501,5928,NONE,Övriga externa kostnader
7501,5929,NONE,Övriga externa kostnader
7501,5930,NONE,Övriga externa kostnader
7501,5931,NONE,Övriga externa kostnader
7501,5932,NONE,Övriga externa kostnader
7501,5933,NONE,Övriga externa kostnader
7501,5934,NONE,Övriga externa kostnader
7501,5935,NONE,Övriga externa kostnader
7501,5936,NONE,Övriga externa kostnader
7501,5937,NONE,Övriga externa kostnader
7501,5938,NONE,Övriga externa kostnader
7501,5939,NONE,Övriga externa kostnader
7501,5940,NONE,Övriga externa kostnader
7501,5941,NONE,Övriga externa kostnader
7501,5942,NONE,Övriga externa kostnader
7501,5943,NONE,Övriga externa kostnader
7501,5944,NONE,Övriga externa kostnader
7501,5945,NONE,Övriga externa kostnader
7501,5946,NONE,Övriga externa kostnader
7501,5947,NONE,Övriga externa kostnader
7501,5948,NONE,Övriga externa kostnader
7501,5949,NONE,Övriga externa kostnader
7501,5950,NONE,Övriga externa kostnader
7501,5951,NONE,Övriga externa kostnader
7501,5952,NONE,Övriga externa kostnader
7501,5953,NONE,Övriga externa kostnader
7501,5954,NONE,Övriga externa kostnader
7501,5955,NONE,Övriga externa kostnader
7501,5956,NONE,Övriga externa kostnader
7501,5957,NONE,Övriga externa kostnader
7501,5958,NONE,Övriga externa kostnader
7501,5959,NONE,Övriga externa kostnader
7501,5960,NONE,Övriga externa kostnader
7501,5961,NONE,Övriga externa kostnader
7501,5962,NONE,Övriga externa kostnader
7501,5963,NONE,Övriga externa kostnader
7501,5964,NONE,Övriga externa kostnader
7501,5965,NONE,Övriga externa kostnader
7501,5966,NONE,Övriga externa kostnader
7501,5967,NONE,Övriga externa kostnader
7501,5968,NONE,Övriga externa kostnader
7501,5969,NONE,Övriga externa kostnader
7501,5970,NONE,Övriga externa kostnader
7501,5971,NONE,Övriga externa kostnader
7501,5972,NONE,Övriga externa kostnader
7501,5973,NONE,Övriga externa kostnader
7501,5974,NONE,Övriga externa kostnader
7501,5975,NONE,Övriga externa kostnader
7501,5976,NONE,Övriga externa kostnader
7501,5977,NONE,Övriga externa kostnader
7501,5978,NONE,Övriga externa kostnader
7501,5979,NONE,Övriga externa kostnader
7501,5980,NONE,Övriga externa kostnader
7501,5981,NONE,Övriga externa kostnader
7501,5982,NONE,Övriga externa kostnader
7501,5983,NONE,Övriga externa kostnader
7501,5984,NONE,Övriga externa kostnader
7501,5985,NONE,Övriga externa kostnader
7501,5986,NONE,Övriga externa kostnader
7501,5987,NONE,Övriga externa kostnader
7501,5988,NONE,Övriga externa kostnader
7501,5989,NONE,Övriga externa kostnader
7501,5990,NONE,Övriga externa kostnader
7501,5991,NONE,Övriga externa kostnader
7501,5992,NONE,Övriga externa kostnader
7501,5993,NONE,Övriga externa kostnader
7501,5994,NONE,Övriga externa kostnader
7501,5995,NONE,Övriga externa kostnader
7501,5996,NONE,Övriga externa kostnader
7501,5997,NONE,Övriga externa kostnader
7501,5998,NONE,Övriga externa kostnader
7501,5999,NONE,Övriga externa kostnader
7501,6000,NONE,Övriga externa kostnader
7501,6001,NONE,Övriga externa kostnader
7501,6002,NONE,Övriga externa kostnader
7501,6003,NONE,Övriga externa kostnader
7501,6004,NONE,Övriga externa kostnader
7501,6005,NONE,Övriga externa kostnader
7501,6006,NONE,Övriga externa kostnader
7501,6007,NONE,Övriga externa kostnader
7501,6008,NONE,Övriga externa kostnader
7501,6009,NONE,Övriga externa kostnader
7501,6010,NONE,Övriga externa kostnader
7501,6011,NONE,Övriga externa kostnader
7501,6012,NONE,Övriga externa kostnader
7501,6013,NONE,Övriga externa kostnader
7501,6014,NONE,Övriga externa kostnader
7501,6015,NONE,Övriga externa kostnader
7501,6016,NONE,Övriga externa kostnader
7501,6017,NONE,Övriga externa kostnader
7501,6018,NONE,Övriga externa kostnader
7501,6019,NONE,Övriga externa kostnader
7501,6020,NONE,Övriga externa kostnader
7501,6021,NONE,Övriga externa kostnader
7501,6022,NONE,Övriga externa kostnader
7501,6023,NONE,Övriga externa kostnader
7501,6024,NONE,Övriga externa kostnader
7501,6025,NONE,Övriga externa kostnader
7501,6026,NONE,Övriga externa kostnader
7501,6027,NONE,Övriga externa kostnader
7501,6028,NONE,Övriga externa kostnader
7501,6029,NONE,Övriga externa kostnader
7501,6030,NONE,Övriga externa kostnader
7501,6031,NONE,Övriga externa kostnader
7501,6032,NONE,Övriga externa kostnader
7501,6033,NONE,Övriga externa kostnader
7501,6034,NONE,Övriga externa kostnader
7501,6035,NONE,Övriga externa kostnader
7501,6036,NONE,Övriga externa kostnader
7501,6037,NONE,Övriga externa kostnader
7501,6038,NONE,Övriga externa kostnader
7501,6039,NONE,Övriga externa kostnader
7501,6040,NONE,Övriga externa kostnader
7501,6041,NONE,Övriga externa kostnader
7501,6042,NONE,Övriga externa kostnader
7501,6043,NONE,Övriga externa kostnader
7501,6044,NONE,Övriga externa kostnader
7501,6045,NONE,Övriga externa kostnader
7501,6046,NONE,Övriga externa kostnader
7501,6047,NONE,Övriga externa kostnader
7501,6048,NONE,Övriga externa kostnader
7501,6049,NONE,Övriga externa kostnader
7501,6050,NONE,Övriga externa kostnader
7501,6051,NONE,Övriga externa kostnader
7501,6052,NONE,Övriga externa kostnader
7501,6053,NONE,Övriga externa kostnader
7501,6054,NONE,Övriga externa kostnader
7501,6055,NONE,Övriga externa kostnader
7501,6056,NONE,Övriga externa kostnader
7501,6057,NONE,Övriga externa kostnader
7501,6058,NONE,Övriga externa kostnader
7501,6059,NONE,Övriga externa kostnader
7501,6060,NONE,Övriga externa kostnader
7501,6061,NONE,Övriga externa kostnader
7501,6062,NONE,Övriga externa kostnader
7501,6063,NONE,Övriga externa kostnader
7501,6064,NONE,Övriga externa kostnader
7501,6065,NONE,Övriga externa kostnader
7501,6066,NONE,Övriga externa kostnader
7501,6067,NONE,Övriga externa kostnader
7501,6068,NONE,Övriga externa kostnader
7501,6069,NONE,Övriga externa kostnader
7501,6070,NONE,Övriga externa kostnader
7501,6071,NONE,Övriga externa kostnader
7501,6072,NONE,Övriga externa kostnader
7501,6073,NONE,Övriga externa kostnader
7501,6074,NONE,Övriga externa kostnader
7501,6075,NONE,Övriga externa kostnader
7501,6076,NONE,Övriga externa kostnader
7501,6077,NONE,Övriga externa kostnader
7501,6078,NONE,Övriga externa kostnader
7501,6079,NONE,Övriga externa kostnader
7501,6080,NONE,Övriga externa kostnader
7501,6081,NONE,Övriga externa kostnader
7501,6082,NONE,Övriga externa kostnader
7501,6083,NONE,Övriga externa kostnader
7501,6084,NONE,Övriga externa kostnader
7501,6085,NONE,Övriga externa kostnader
7501,6086,NONE,Övriga externa kostnader
7501,6087,NONE,Övriga externa kostnader
7501,6088,NONE,Övriga externa kostnader
7501,6089,NONE,Övriga externa kostnader
7501,6090,NONE,Övriga externa kostnader
7501,6091,NONE,Övriga externa kostnader
7501,6092,NONE,Övriga externa kostnader
7501,6093,NONE,Övriga externa kostnader
7501,6094,NONE,Övriga externa kostnader
7501,6095,NONE,Övriga externa kostnader
7501,6096,NONE,Övriga externa kostnader
7501,6097,NONE,Övriga externa kostnader
7501,6098,NONE,Övriga externa kostnader
7501,6099,NONE,Övriga externa kostnader
7501,6100,NONE,Övriga externa kostnader
7501,6101,NONE,Övriga externa kostnader
7501,6102,NONE,Övriga externa kostnader
7501,6103,NONE,Övriga externa kostnader
7501,6104,NONE,Övriga externa kostnader
7501,6105,NONE,Övriga externa kostnader
7501,6106,NONE,Övriga externa kostnader
7501,6107,NONE,Övriga externa kostnader
7501,6108,NONE,Övriga externa kostnader
7501,6109,NONE,Övriga externa kostnader
7501,6110,NONE,Övriga externa kostnader
7501,6111,NONE,Övriga externa kostnader
7501,6112,NONE,Övriga externa kostnader
7501,6113,NONE,Övriga externa kostnader
7501,6114,NONE,Övriga externa kostnader
7501,6115,NONE,Övriga externa kostnader
7501,6116,NONE,Övriga externa kostnader
7501,6117,NONE,Övriga externa kostnader
7501,6118,NONE,Övriga externa kostnader
7501,6119,NONE,Övriga externa kostnader
7501,6120,NONE,Övriga externa kostnader
7501,6121,NONE,Övriga externa kostnader
7501,6122,NONE,Övriga externa kostnader
7501,6123,NONE,Övriga externa kostnader
7501,6124,NONE,Övriga externa kostnader
7501,6125,NONE,Övriga externa kostnader
7501,6126,NONE,Övriga externa kostnader
7501,6127,NONE,Övriga externa kostnader
7501,6128,NONE,Övriga externa kostnader
7501,6129,NONE,Övriga externa kostnader
7501,6130,NONE,Övriga externa kostnader
7501,6131,NONE,Övriga externa kostnader
7501,6132,NONE,Övriga externa kostnader
7501,6133,NONE,Övriga externa kostnader
7501,6134,NONE,Övriga externa kostnader
7501,6135,NONE,Övriga externa kostnader
7501,6136,NONE,Övriga externa kostnader
7501,6137,NONE,Övriga externa kostnader
7501,6138,NONE,Övriga externa kostnader
7501,6139,NONE,Övriga externa kostnader
7501,6140,NONE,Övriga externa kostnader
7501,6141,NONE,Övriga externa kostnader
7501,6142,NONE,Övriga externa kostnader
7501,6143,NONE,Övriga externa kostnader
7501,6144,NONE,Övriga externa kostnader
7501,6145,NONE,Övriga externa kostnader
7501,6146,NONE,Övriga externa kostnader
7501,6147,NONE,Övriga externa kostnader
7501,6148,NONE,Övriga externa kostnader
7501,6149,NONE,Övriga externa kostnader
7501,6150,NONE,Övriga externa kostnader
7501,6151,NONE,Övriga externa kostnader
7501,6152,NONE,Övriga externa kostnader
7501,6153,NONE,Övriga externa kostnader
7501,6154,NONE,Övriga externa kostnader
7501,6155,NONE,Övriga externa kostnader
7501,6156,NONE,Övriga externa kostnader
7501,6157,NONE,Övriga externa kostnader
7501,6158,NONE,Övriga externa kostnader
7501,6159,NONE,Övriga externa kostnader
7501,6160,NONE,Övriga externa kostnader
7501,6161,NONE,Övriga externa kostnader
7501,6162,NONE,Övriga externa kostnader
7501,6163,NONE,Övriga externa kostnader
7501,6164,NONE,Övriga externa kostnader
7501,6165,NONE,Övriga externa kostnader
7501,6166,NONE,Övriga externa kostnader
7501,6167,NONE,Övriga externa kostnader
7501,6168,NONE,Övriga externa kostnader
7501,6169,NONE,Övriga externa kostnader
7501,6170,NONE,Övriga externa kostnader
7501,6171,NONE,Övriga externa kostnader
7501,6172,NONE,Övriga externa kostnader
7501,6173,NONE,Övriga externa kostnader
7501,6174,NONE,Övriga externa kostnader
7501,6175,NONE,Övriga externa kostnader
7501,6176,NONE,Övriga externa kostnader
7501,6177,NONE,Övriga externa kostnader
7501,6178,NONE,Övriga externa kostnader
7501,6179,NONE,Övriga externa kostnader
7501,6180,NONE,Övriga externa kostnader
7501,6181,NONE,Övriga externa kostnader
7501,6182,NONE,Övriga externa kostnader
7501,6183,NONE,Övriga externa kostnader
7501,6184,NONE,Övriga externa kostnader
7501,6185,NONE,Övriga externa kostnader
7501,6186,NONE,Övriga externa kostnader
7501,6187,NONE,Övriga externa kostnader
7501,6188,NONE,Övriga externa kostnader
7501,6189,NONE,Övriga externa kostnader
7501,6190,NONE,Övriga externa kostnader
7501,6191,NONE,Övriga externa kostnader
7501,6192,NONE,Övriga externa kostnader
7501,6193,NONE,Övriga externa kostnader
7501,6194,NONE,Övriga externa kostnader
7501,6195,NONE,Övriga externa kostnader
7501,6196,NONE,Övriga externa kostnader
7501,6197,NONE,Övriga externa kostnader
7501,6198,NONE,Övriga externa kostnader
7501,6199,NONE,Övriga externa kostnader
7501,6200,NONE,Övriga externa kostnader
7501,6201,NONE,Övriga externa kostnader
7501,6202,NONE,Övriga externa kostnader
7501,6203,NONE,Övriga externa kostnader
7501,6204,NONE,Övriga externa kostnader
7501,6205,NONE,Övriga externa kostnader
7501,6206,NONE,Övriga externa kostnader
7501,6207,NONE,Övriga externa kostnader
7501,6208,NONE,Övriga externa kostnader
7501,6209,NONE,Övriga externa kostnader
7501,6210,NONE,Övriga externa kostnader
7501,6211,NONE,Övriga externa kostnader
7501,6212,NONE,Övriga externa kostnader
7501,6213,NONE,Övriga externa kostnader
7501,6214,NONE,Övriga externa kostnader
7501,6215,NONE,Övriga externa kostnader
7501,6216,NONE,Övriga externa kostnader
7501,6217,NONE,Övriga externa kostnader
7501,6218,NONE,Övriga externa kostnader
7501,6219,NONE,Övriga externa kostnader
7501,6220,NONE,Övriga externa kostnader
7501,6221,NONE,Övriga externa kostnader
7501,6222,NONE,Övriga externa kostnader
7501,6223,NONE,Övriga externa kostnader
7501,6224,NONE,Övriga externa kostnader
7501,6225,NONE,Övriga externa kostnader
7501,6226,NONE,Övriga externa kostnader
7501,6227,NONE,Övriga externa kostnader
7501,6228,NONE,Övriga externa kostnader
7501,6229,NONE,Övriga externa kostnader
7501,6230,NONE,Övriga externa kostnader
7501,6231,NONE,Övriga externa kostnader
7501,6232,NONE,Övriga externa kostnader
7501,6233,NONE,Övriga externa kostnader
7501,6234,NONE,Övriga externa kostnader
7501,6235,NONE,Övriga externa kostnader
7501,6236,NONE,Övriga externa kostnader
7501,6237,NONE,Övriga externa kostnader
7501,6238,NONE,Övriga externa kostnader
7501,6239,NONE,Övriga externa kostnader
7501,6240,NONE,Övriga externa kostnader
7501,6241,NONE,Övriga externa kostnader
7501,6242,NONE,Övriga externa kostnader
7501,6243,NONE,Övriga externa kostnader
7501,6244,NONE,Övriga externa kostnader
7501,6245,NONE,Övriga externa kostnader
7501,6246,NONE,Övriga externa kostnader
7501,6247,NONE,Övriga externa kostnader
7501,6248,NONE,Övriga externa kostnader
7501,6249,NONE,Övriga externa kostnader
7501,6250,NONE,Övriga externa kostnader
7501,6251,NONE,Övriga externa kostnader
7501,6252,NONE,Övriga externa kostnader
7501,6253,NONE,Övriga externa kostnader
7501,6254,NONE,Övriga externa kostnader
7501,6255,NONE,Övriga externa kostnader
7501,6256,NONE,Övriga externa kostnader
7501,6257,NONE,Övriga externa kostnader
7501,6258,NONE,Övriga externa kostnader
7501,6259,NONE,Övriga externa kostnader
7501,6260,NONE,Övriga externa kostnader
7501,6261,NONE,Övriga externa kostnader
7501,6262,NONE,Övriga externa kostnader
7501,6263,NONE,Övriga externa kostnader
7501,6264,NONE,Övriga externa kostnader
7501,6265,NONE,Övriga externa kostnader
7501,6266,NONE,Övriga externa kostnader
7501,6267,NONE,Övriga externa kostnader
7501,6268,NONE,Övriga externa kostnader
7501,6269,NONE,Övriga externa kostnader
7501,6270,NONE,Övriga externa kostnader
7501,6271,NONE,Övriga externa kostnader
7501,6272,NONE,Övriga externa kostnader
7501,6273,NONE,Övriga externa kostnader
7501,6274,NONE,Övriga externa kostnader
7501,6275,NONE,Övriga externa kostnader
7501,6276,NONE,Övriga externa kostnader
7501,6277,NONE,Övriga externa kostnader
7501,6278,NONE,Övriga externa kostnader
7501,6279,NONE,Övriga externa kostnader
7501,6280,NONE,Övriga externa kostnader
7501,6281,NONE,Övriga externa kostnader
7501,6282,NONE,Övriga externa kostnader
7501,6283,NONE,Övriga externa kostnader
7501,6284,NONE,Övriga externa kostnader
7501,6285,NONE,Övriga externa kostnader
7501,6286,NONE,Övriga externa kostnader
7501,6287,NONE,Övriga externa kostnader
7501,6288,NONE,Övriga externa kostnader
7501,6289,NONE,Övriga externa kostnader
7501,6290,NONE,Övriga externa kostnader
7501,6291,NONE,Övriga externa kostnader
7501,6292,NONE,Övriga externa kostnader
7501,6293,NONE,Övriga externa kostnader
7501,6294,NONE,Övriga externa kostnader
7501,6295,NONE,Övriga externa kostnader
7501,6296,NONE,Övriga externa kostnader
7501,6297,NONE,Övriga externa kostnader
7501,6298,NONE,Övriga externa kostnader
7501,6299,NONE,Övriga externa kostnader
7501,6300,NONE,Övriga externa kostnader
7501,6301,NONE,Övriga externa kostnader
7501,6302,NONE,Övriga externa kostnader
7501,6303,NONE,Övriga externa kostnader
7501,6304,NONE,Övriga externa kostnader
7501,6305,NONE,Övriga externa kostnader
7501,6306,NONE,Övriga externa kostnader
7501,6307,NONE,Övriga externa kostnader
7501,6308,NONE,Övriga externa kostnader
7501,6309,NONE,Övriga externa kostnader
7501,6310,NONE,Övriga externa kostnader
7501,6311,NONE,Övriga externa kostnader
7501,6312,NONE,Övriga externa kostnader
7501,6313,NONE,Övriga externa kostnader
7501,6314,NONE,Övriga externa kostnader
7501,6315,NONE,Övriga externa kostnader
7501,6316,NONE,Övriga externa kostnader
7501,6317,NONE,Övriga externa kostnader
7501,6318,NONE,Övriga externa kostnader
7501,6319,NONE,Övriga externa kostnader
7501,6320,NONE,Övriga externa kostnader
7501,6321,NONE,Övriga externa kostnader
7501,6322,NONE,Övriga externa kostnader
7501,6323,NONE,Övriga externa kostnader
7501,6324,NONE,Övriga externa kostnader
7501,6325,NONE,Övriga externa kostnader
7501,6326,NONE,Övriga externa kostnader
7501,6327,NONE,Övriga externa kostnader
7501,6328,NONE,Övriga externa kostnader
7501,6329,NONE,Övriga externa kostnader
7501,6330,NONE,Övriga externa kostnader
7501,6331,NONE,Övriga externa kostnader
7501,6332,NONE,Övriga externa kostnader
7501,6333,NONE,Övriga externa kostnader
7501,6334,NONE,Övriga externa kostnader
7501,6335,NONE,Övriga externa kostnader
7501,6336,NONE,Övriga externa kostnader
7501,6337,NONE,Övriga externa kostnader
7501,6338,NONE,Övriga externa kostnader
7501,6339,NONE,Övriga externa kostnader
7501,6340,NONE,Övriga externa kostnader
7501,6341,NONE,Övriga externa kostnader
7501,6342,NONE,Övriga externa kostnader
7501,6343,NONE,Övriga externa kostnader
7501,6344,NONE,Övriga externa kostnader
7501,6345,NONE,Övriga externa kostnader
7501,6346,NONE,Övriga externa kostnader
7501,6347,NONE,Övriga externa kostnader
7501,6348,NONE,Övriga externa kostnader
7501,6349,NONE,Övriga externa kostnader
7501,6350,NONE,Övriga externa kostnader
7501,6351,NONE,Övriga externa kostnader
7501,6352,NONE,Övriga externa kostnader
7501,6353,NONE,Övriga externa kostnader
7501,6354,NONE,Övriga externa kostnader
7501,6355,NONE,Övriga externa kostnader
7501,6356,NONE,Övriga externa kostnader
7501,6357,NONE,Övriga externa kostnader
7501,6358,NONE,Övriga externa kostnader
7501,6359,NONE,Övriga externa kostnader
7501,6360,NONE,Övriga externa kostnader
7501,6361,NONE,Övriga externa kostnader
7501,6362,NONE,Övriga externa kostnader
7501,6363,NONE,Övriga externa kostnader
7501,6364,NONE,Övriga externa kostnader
7501,6365,NONE,Övriga externa kostnader
7501,6366,NONE,Övriga externa kostnader
7501,6367,NONE,Övriga externa kostnader
7501,6368,NONE,Övriga externa kostnader
7501,6369,NONE,Övriga externa kostnader
7501,6370,NONE,Övriga externa kostnader
7501,6371,NONE,Övriga externa kostnader
7501,6372,NONE,Övriga externa kostnader
7501,6373,NONE,Övriga externa kostnader
7501,6374,NONE,Övriga externa kostnader
7501,6375,NONE,Övriga externa kostnader
7501,6376,NONE,Övriga externa kostnader
7501,6377,NONE,Övriga externa kostnader
7501,6378,NONE,Övriga externa kostnader
7501,6379,NONE,Övriga externa kostnader
7501,6380,NONE,Övriga externa kostnader
7501,6381,NONE,Övriga externa kostnader
7501,6382,NONE,Övriga externa kostnader
7501,6383,NONE,Övriga externa kostnader
7501,6384,NONE,Övriga externa kostnader
7501,6385,NONE,Övriga externa kostnader
7501,6386,NONE,Övriga externa kostnader
7501,6387,NONE,Övriga externa kostnader
7501,6388,NONE,Övriga externa kostnader
7501,6389,NONE,Övriga externa kostnader
7501,6390,NONE,Övriga externa kostnader
7501,6391,NONE,Övriga externa kostnader
7501,6392,NONE,Övriga externa kostnader
7501,6393,NONE,Övriga externa kostnader
7501,6394,NONE,Övriga externa kostnader
7501,6395,NONE,Övriga externa kostnader
7501,6396,NONE,Övriga externa kostnader
7501,6397,NONE,Övriga externa kostnader
7501,6398,NONE,Övriga externa kostnader
7501,6399,NONE,Övriga externa kostnader
7501,6400,NONE,Övriga externa kostnader
7501,6401,NONE,Övriga externa kostnader
7501,6402,NONE,Övriga externa kostnader
7501,6403,NONE,Övriga externa kostnader
7501,6404,NONE,Övriga externa kostnader
7501,6405,NONE,Övriga externa kostnader
7501,6406,NONE,Övriga externa kostnader
7501,6407,NONE,Övriga externa kostnader
7501,6408,NONE,Övriga externa kostnader
7501,6409,NONE,Övriga externa kostnader
7501,6410,NONE,Övriga externa kostnader
7501,6411,NONE,Övriga externa kostnader
7501,6412,NONE,Övriga externa kostnader
7501,6413,NONE,Övriga externa kostnader
7501,6414,NONE,Övriga externa kostnader
7501,6415,NONE,Övriga externa kostnader
7501,6416,NONE,Övriga externa kostnader
7501,6417,NONE,Övriga externa kostnader
7501,6418,NONE,Övriga externa kostnader
7501,6419,NONE,Övriga externa kostnader
7501,6420,NONE,Övriga externa kostnader
7501,6421,NONE,Övriga externa kostnader
7501,6422,NONE,Övriga externa kostnader
7501,6423,NONE,Övriga externa kostnader
7501,6424,NONE,Övriga externa kostnader
7501,6425,NONE,Övriga externa kostnader
7501,6426,NONE,Övriga externa kostnader
7501,6427,NONE,Övriga externa kostnader
7501,6428,NONE,Övriga externa kostnader
7501,6429,NONE,Övriga externa kostnader
7501,6430,NONE,Övriga externa kostnader
7501,6431,NONE,Övriga externa kostnader
7501,6432,NONE,Övriga externa kostnader
7501,6433,NONE,Övriga externa kostnader
7501,6434,NONE,Övriga externa kostnader
7501,6435,NONE,Övriga externa kostnader
7501,6436,NONE,Övriga externa kostnader
7501,6437,NONE,Övriga externa kostnader
7501,6438,NONE,Övriga externa kostnader
7501,6439,NONE,Övriga externa kostnader
7501,6440,NONE,Övriga externa kostnader
7501,6441,NONE,Övriga externa kostnader
7501,6442,NONE,Övriga externa kostnader
7501,6443,NONE,Övriga externa kostnader
7501,6444,NONE,Övriga externa kostnader
7501,6445,NONE,Övriga externa kostnader
7501,6446,NONE,Övriga externa kostnader
7501,6447,NONE,Övriga externa kostnader
7501,6448,NONE,Övriga externa kostnader
7501,6449,NONE,Övriga externa kostnader
7501,6450,NONE,Övriga externa kostnader
7501,6451,NONE,Övriga externa kostnader
7501,6452,NONE,Övriga externa kostnader
7501,6453,NONE,Övriga externa kostnader
7501,6454,NONE,Övriga externa kostnader
7501,6455,NONE,Övriga externa kostnader
7501,6456,NONE,Övriga externa kostnader
7501,6457,NONE,Övriga externa kostnader
7501,6458,NONE,Övriga externa kostnader
7501,6459,NONE,Övriga externa kostnader
7501,6460,NONE,Övriga externa kostnader
7501,6461,NONE,Övriga externa kostnader
7501,6462,NONE,Övriga externa kostnader
7501,6463,NONE,Övriga externa kostnader
7501,6464,NONE,Övriga externa kostnader
7501,6465,NONE,Övriga externa kostnader
7501,6466,NONE,Övriga externa kostnader
7501,6467,NONE,Övriga externa kostnader
7501,6468,NONE,Övriga externa kostnader
7501,6469,NONE,Övriga externa kostnader
7501,6470,NONE,Övriga externa kostnader
7501,6471,NONE,Övriga externa kostnader
7501,6472,NONE,Övriga externa kostnader
7501,6473,NONE,Övriga externa kostnader
7501,6474,NONE,Övriga externa kostnader
7501,6475,NONE,Övriga externa kostnader
7501,6476,NONE,Övriga externa kostnader
7501,6477,NONE,Övriga externa kostnader
7501,6478,NONE,Övriga externa kostnader
7501,6479,NONE,Övriga externa kostnader
7501,6480,NONE,Övriga externa kostnader
7501,6481,NONE,Övriga externa kostnader
7501,6482,NONE,Övriga externa kostnader
7501,6483,NONE,Övriga externa kostnader
7501,6484,NONE,Övriga externa kostnader
7501,6485,NONE,Övriga externa kostnader
7501,6486,NONE,Övriga externa kostnader
7501,6487,NONE,Övriga externa kostnader
7501,6488,NONE,Övriga externa kostnader
7501,6489,NONE,Övriga externa kostnader
7501,6490,NONE,Övriga externa kostnader
7501,6491,NONE,Övriga externa kostnader
7501,6492,NONE,Övriga externa kostnader
7501,6493,NONE,Övriga externa kostnader
7501,6494,NONE,Övriga externa kostnader
7501,6495,NONE,Övriga externa kostnader
7501,6496,NONE,Övriga externa kostnader
7501,6497,NONE,Övriga externa kostnader
7501,6498,NONE,Övriga externa kostnader
7501,6499,NONE,Övriga externa kostnader
7501,6500,NONE,Övriga externa kostnader
7501,6501,NONE,Övriga externa kostnader
7501,6502,NONE,Övriga externa kostnader
7501,6503,NONE,Övriga externa kostnader
7501,6504,NONE,Övriga externa kostnader
7501,6505,NONE,Övriga externa kostnader
7501,6506,NONE,Övriga externa kostnader
7501,6507,NONE,Övriga externa kostnader
7501,6508,NONE,Övriga externa kostnader
7501,6509,NONE,Övriga externa kostnader
7501,6510,NONE,Övriga externa kostnader
7501,6511,NONE,Övriga externa kostnader
7501,6512,NONE,Övriga externa kostnader
7501,6513,NONE,Övriga externa kostnader
7501,6514,NONE,Övriga externa kostnader
7501,6515,NONE,Övriga externa kostnader
7501,6516,NONE,Övriga externa kostnader
7501,6517,NONE,Övriga externa kostnader
7501,6518,NONE,Övriga externa kostnader
7501,6519,NONE,Övriga externa kostnader
7501,6520,NONE,Övriga externa kostnader
7501,6521,NONE,Övriga externa kostnader
7501,6522,NONE,Övriga externa kostnader
7501,6523,NONE,Övriga externa kostnader
7501,6524,NONE,Övriga externa kostnader
7501,6525,NONE,Övriga externa kostnader
7501,6526,NONE,Övriga externa kostnader
7501,6527,NONE,Övriga externa kostnader
7501,6528,NONE,Övriga externa kostnader
7501,6529,NONE,Övriga externa kostnader
7501,6530,NONE,Övriga externa kostnader
7501,6531,NONE,Övriga externa kostnader
7501,6532,NONE,Övriga externa kostnader
7501,6533,NONE,Övriga externa kostnader
7501,6534,NONE,Övriga externa kostnader
7501,6535,NONE,Övriga externa kostnader
7501,6536,NONE,Övriga externa kostnader
7501,6537,NONE,Övriga externa kostnader
7501,6538,NONE,Övriga externa kostnader
7501,6539,NONE,Övriga externa kostnader
7501,6540,NONE,Övriga externa kostnader
7501,6541,NONE,Övriga externa kostnader
7501,6542,NONE,Övriga externa kostnader
7501,6543,NONE,Övriga externa kostnader
7501,6544,NONE,Övriga externa kostnader
7501,6545,NONE,Övriga externa kostnader
7501,6546,NONE,Övriga externa kostnader
7501,6547,NONE,Övriga externa kostnader
7501,6548,NONE,Övriga externa kostnader
7501,6549,NONE,Övriga externa kostnader
7501,6550,NONE,Övriga externa kostnader
7501,6551,NONE,Övriga externa kostnader
7501,6552,NONE,Övriga externa kostnader
7501,6553,NONE,Övriga externa kostnader
7501,6554,NONE,Övriga externa kostnader
7501,6555,NONE,Övriga externa kostnader
7501,6556,NONE,Övriga externa kostnader
7501,6557,NONE,Övriga externa kostnader
7501,6558,NONE,Övriga externa kostnader
7501,6559,NONE,Övriga externa kostnader
7501,6560,NONE,Övriga externa kostnader
7501,6561,NONE,Övriga externa kostnader
7501,6562,NONE,Övriga externa kostnader
7501,6563,NONE,Övriga externa kostnader
7501,6564,NONE,Övriga externa kostnader
7501,6565,NONE,Övriga externa kostnader
7501,6566,NONE,Övriga externa kostnader
7501,6567,NONE,Övriga externa kostnader
7501,6568,NONE,Övriga externa kostnader
7501,6569,NONE,Övriga externa kostnader
7501,6570,NONE,Övriga externa kostnader
7501,6571,NONE,Övriga externa kostnader
7501,6572,NONE,Övriga externa kostnader
7501,6573,NONE,Övriga externa kostnader
7501,6574,NONE,Övriga externa kostnader
7501,6575,NONE,Övriga externa kostnader
7501,6576,NONE,Övriga externa kostnader
7501,6577,NONE,Övriga externa kostnader
7501,6578,NONE,Övriga externa kostnader
7501,6579,NONE,Övriga externa kostnader
7501,6580,NONE,Övriga externa kostnader
7501,6581,NONE,Övriga externa kostnader
7501,6582,NONE,Övriga externa kostnader
7501,6583,NONE,Övriga externa kostnader
7501,6584,NONE,Övriga externa kostnader
7501,6585,NONE,Övriga externa kostnader
7501,6586,NONE,Övriga externa kostnader
7501,6587,NONE,Övriga externa kostnader
7501,6588,NONE,Övriga externa kostnader
7501,6589,NONE,Övriga externa kostnader
7501,6590,NONE,Övriga externa kostnader
7501,6591,NONE,Övriga externa kostnader
7501,6592,NONE,Övriga externa kostnader
7501,6593,NONE,Övriga externa kostnader
7501,6594,NONE,Övriga externa kostnader
7501,6595,NONE,Övriga externa kostnader
7501,6596,NONE,Övriga externa kostnader
7501,6597,NONE,Övriga externa kostnader
7501,6598,NONE,Övriga externa kostnader
7501,6599,NONE,Övriga externa kostnader
7501,6600,NONE,Övriga externa kostnader
7501,6601,NONE,Övriga externa kostnader
7501,6602,NONE,Övriga externa kostnader
7501,6603,NONE,Övriga externa kostnader
7501,6604,NONE,Övriga externa kostnader
7501,6605,NONE,Övriga externa kostnader
7501,6606,NONE,Övriga externa kostnader
7501,6607,NONE,Övriga externa kostnader
7501,6608,NONE,Övriga externa kostnader
7501,6609,NONE,Övriga externa kostnader
7501,6610,NONE,Övriga externa kostnader
7501,6611,NONE,Övriga externa kostnader
7501,6612,NONE,Övriga externa kostnader
7501,6613,NONE,Övriga externa kostnader
7501,6614,NONE,Övriga externa kostnader
7501,6615,NONE,Övriga externa kostnader
7501,6616,NONE,Övriga externa kostnader
7501,6617,NONE,Övriga externa kostnader
7501,6618,NONE,Övriga externa kostnader
7501,6619,NONE,Övriga externa kostnader
7501,6620,NONE,Övriga externa kostnader
7501,6621,NONE,Övriga externa kostnader
7501,6622,NONE,Övriga externa kostnader
7501,6623,NONE,Övriga externa kostnader
7501,6624,NONE,Övriga externa kostnader
7501,6625,NONE,Övriga externa kostnader
7501,6626,NONE,Övriga externa kostnader
7501,6627,NONE,Övriga externa kostnader
7501,6628,NONE,Övriga externa kostnader
7501,6629,NONE,Övriga externa kostnader
7501,6630,NONE,Övriga externa kostnader
7501,6631,NONE,Övriga externa kostnader
7501,6632,NONE,Övriga externa kostnader
7501,6633,NONE,Övriga externa kostnader
7501,6634,NONE,Övriga externa kostnader
7501,6635,NONE,Övriga externa kostnader
7501,6636,NONE,Övriga externa kostnader
7501,6637,NONE,Övriga externa kostnader
7501,6638,NONE,Övriga externa kostnader
7501,6639,NONE,Övriga externa kostnader
7501,6640,NONE,Övriga externa kostnader
7501,6641,NONE,Övriga externa kostnader
7501,6642,NONE,Övriga externa kostnader
7501,6643,NONE,Övriga externa kostnader
7501,6644,NONE,Övriga externa kostnader
7501,6645,NONE,Övriga externa kostnader
7501,6646,NONE,Övriga externa kostnader
7501,6647,NONE,Övriga externa kostnader
7501,6648,NONE,Övriga externa kostnader
7501,6649,NONE,Övriga externa kostnader
7501,6650,NONE,Övriga externa kostnader
7501,6651,NONE,Övriga externa kostnader
7501,6652,NONE,Övriga externa kostnader
7501,6653,NONE,Övriga externa kostnader
7501,6654,NONE,Övriga externa kostnader
7501,6655,NONE,Övriga externa kostnader
7501,6656,NONE,Övriga externa kostnader
7501,6657,NONE,Övriga externa kostnader
7501,6658,NONE,Övriga externa kostnader
7501,6659,NONE,Övriga externa kostnader
7501,6660,NONE,Övriga externa kostnader
7501,6661,NONE,Övriga externa kostnader
7501,6662,NONE,Övriga externa kostnader
7501,6663,NONE,Övriga externa kostnader
7501,6664,NONE,Övriga externa kostnader
7501,6665,NONE,Övriga externa kostnader
7501,6666,NONE,Övriga externa kostnader
7501,6667,NONE,Övriga externa kostnader
7501,6668,NONE,Övriga externa kostnader
7501,6669,NONE,Övriga externa kostnader
7501,6670,NONE,Övriga externa kostnader
7501,6671,NONE,Övriga externa kostnader
7501,6672,NONE,Övriga externa kostnader
7501,6673,NONE,Övriga externa kostnader
7501,6674,NONE,Övriga externa kostnader
7501,6675,NONE,Övriga externa kostnader
7501,6676,NONE,Övriga externa kostnader
7501,6677,NONE,Övriga externa kostnader
7501,6678,NONE,Övriga externa kostnader
7501,6679,NONE,Övriga externa kostnader
7501,6680,NONE,Övriga externa kostnader
7501,6681,NONE,Övriga externa kostnader
7501,6682,NONE,Övriga externa kostnader
7501,6683,NONE,Övriga externa kostnader
7501,6684,NONE,Övriga externa kostnader
7501,6685,NONE,Övriga externa kostnader
7501,6686,NONE,Övriga externa kostnader
7501,6687,NONE,Övriga externa kostnader
7501,6688,NONE,Övriga externa kostnader
7501,6689,NONE,Övriga externa kostnader
7501,6690,NONE,Övriga externa kostnader
7501,6691,NONE,Övriga externa kostnader
7501,6692,NONE,Övriga externa kostnader
7501,6693,NONE,Övriga externa kostnader
7501,6694,NONE,Övriga externa kostnader
7501,6695,NONE,Övriga externa kostnader
7501,6696,NONE,Övriga externa kostnader
7501,6697,NONE,Övriga externa kostnader
7501,6698,NONE,Övriga externa kostnader
7501,6699,NONE,Övriga externa kostnader
7501,6700,NONE,Övriga externa kostnader
7501,6701,NONE,Övriga externa kostnader
7501,6702,NONE,Övriga externa kostnader
7501,6703,NONE,Övriga externa kostnader
7501,6704,NONE,Övriga externa kostnader
7501,6705,NONE,Övriga externa kostnader
7501,6706,NONE,Övriga externa kostnader
7501,6707,NONE,Övriga externa kostnader
7501,6708,NONE,Övriga externa kostnader
7501,6709,NONE,Övriga externa kostnader
7501,6710,NONE,Övriga externa kostnader
7501,6711,NONE,Övriga externa kostnader
7501,6712,NONE,Övriga externa kostnader
7501,6713,NONE,Övriga externa kostnader
7501,6714,NONE,Övriga externa kostnader
7501,6715,NONE,Övriga externa kostnader
7501,6716,NONE,Övriga externa kostnader
7501,6717,NONE,Övriga externa kostnader
7501,6718,NONE,Övriga externa kostnader
7501,6719,NONE,Övriga externa kostnader
7501,6720,NONE,Övriga externa kostnader
7501,6721,NONE,Övriga externa kostnader
7501,6722,NONE,Övriga externa kostnader
7501,6723,NONE,Övriga externa kostnader
7501,6724,NONE,Övriga externa kostnader
7501,6725,NONE,Övriga externa kostnader
7501,6726,NONE,Övriga externa kostnader
7501,6727,NONE,Övriga externa kostnader
7501,6728,NONE,Övriga externa kostnader
7501,6729,NONE,Övriga externa kostnader
7501,6730,NONE,Övriga externa kostnader
7501,6731,NONE,Övriga externa kostnader
7501,6732,NONE,Övriga externa kostnader
7501,6733,NONE,Övriga externa kostnader
7501,6734,NONE,Övriga externa kostnader
7501,6735,NONE,Övriga externa kostnader
7501,6736,NONE,Övriga externa kostnader
7501,6737,NONE,Övriga externa kostnader
7501,6738,NONE,Övriga externa kostnader
7501,6739,NONE,Övriga externa kostnader
7501,6740,NONE,Övriga externa kostnader
7501,6741,NONE,Övriga externa kostnader
7501,6742,NONE,Övriga externa kostnader
7501,6743,NONE,Övriga externa kostnader
7501,6744,NONE,Övriga externa kostnader
7501,6745,NONE,Övriga externa kostnader
7501,6746,NONE,Övriga externa kostnader
7501,6747,NONE,Övriga externa kostnader
7501,6748,NONE,Övriga externa kostnader
7501,6749,NONE,Övriga externa kostnader
7501,6750,NONE,Övriga externa kostnader
7501,6751,NONE,Övriga externa kostnader
7501,6752,NONE,Övriga externa kostnader
7501,6753,NONE,Övriga externa kostnader
7501,6754,NONE,Övriga externa kostnader
7501,6755,NONE,Övriga externa kostnader
7501,6756,NONE,Övriga externa kostnader
7501,6757,NONE,Övriga externa kostnader
7501,6758,NONE,Övriga externa kostnader
7501,6759,NONE,Övriga externa kostnader
7501,6760,NONE,Övriga externa kostnader
7501,6761,NONE,Övriga externa kostnader
7501,6762,NONE,Övriga externa kostnader
7501,6763,NONE,Övriga externa kostnader
7501,6764,NONE,Övriga externa kostnader
7501,6765,NONE,Övriga externa kostnader
7501,6766,NONE,Övriga externa kostnader
7501,6767,NONE,Övriga externa kostnader
7501,6768,NONE,Övriga externa kostnader
7501,6769,NONE,Övriga externa kostnader
7501,6770,NONE,Övriga externa kostnader
7501,6771,NONE,Övriga externa kostnader
7501,6772,NONE,Övriga externa kostnader
7501,6773,NONE,Övriga externa kostnader
7501,6774,NONE,Övriga externa kostnader
7501,6775,NONE,Övriga externa kostnader
7501,6776,NONE,Övriga externa kostnader
7501,6777,NONE,Övriga externa kostnader
7501,6778,NONE,Övriga externa kostnader
7501,6779,NONE,Övriga externa kostnader
7501,6780,NONE,Övriga externa kostnader
7501,6781,NONE,Övriga externa kostnader
7501,6782,NONE,Övriga externa kostnader
7501,6783,NONE,Övriga externa kostnader
7501,6784,NONE,Övriga externa kostnader
7501,6785,NONE,Övriga externa kostnader
7501,6786,NONE,Övriga externa kostnader
7501,6787,NONE,Övriga externa kostnader
7501,6788,NONE,Övriga externa kostnader
7501,6789,NONE,Övriga externa kostnader
7501,6790,NONE,Övriga externa kostnader
7501,6791,NONE,Övriga externa kostnader
7501,6792,NONE,Övriga externa kostnader
7501,6793,NONE,Övriga externa kostnader
7501,6794,NONE,Övriga externa kostnader
7501,6795,NONE,Övriga externa kostnader
7501,6796,NONE,Övriga externa kostnader
7501,6797,NONE,Övriga externa kostnader
7501,6798,NONE,Övriga externa kostnader
7501,6799,NONE,Övriga externa kostnader
7501,6800,NONE,Övriga externa kostnader
7501,6801,NONE,Övriga externa kostnader
7501,6802,NONE,Övriga externa kostnader
7501,6803,NONE,Övriga externa kostnader
7501,6804,NONE,Övriga externa kostnader
7501,6805,NONE,Övriga externa kostnader
7501,6806,NONE,Övriga externa kostnader
7501,6807,NONE,Övriga externa kostnader
7501,6808,NONE,Övriga externa kostnader
7501,6809,NONE,Övriga externa kostnader
7501,6810,NONE,Övriga externa kostnader
7501,6811,NONE,Övriga externa kostnader
7501,6812,NONE,Övriga externa kostnader
7501,6813,NONE,Övriga externa kostnader
7501,6814,NONE,Övriga externa kostnader
7501,6815,NONE,Övriga externa kostnader
7501,6816,NONE,Övriga externa kostnader
7501,6817,NONE,Övriga externa kostnader
7501,6818,NONE,Övriga externa kostnader
7501,6819,NONE,Övriga externa kostnader
7501,6820,NONE,Övriga externa kostnader
7501,6821,NONE,Övriga externa kostnader
7501,6822,NONE,Övriga externa kostnader
7501,6823,NONE,Övriga externa kostnader
7501,6824,NONE,Övriga externa kostnader
7501,6825,NONE,Övriga externa kostnader
7501,6826,NONE,Övriga externa kostnader
7501,6827,NONE,Övriga externa kostnader
7501,6828,NONE,Övriga externa kostnader
7501,6829,NONE,Övriga externa kostnader
7501,6830,NONE,Övriga externa kostnader
7501,6831,NONE,Övriga externa kostnader
7501,6832,NONE,Övriga externa kostnader
7501,6833,NONE,Övriga externa kostnader
7501,6834,NONE,Övriga externa kostnader
7501,6835,NONE,Övriga externa kostnader
7501,6836,NONE,Övriga externa kostnader
7501,6837,NONE,Övriga externa kostnader
7501,6838,NONE,Övriga externa kostnader
7501,6839,NONE,Övriga externa kostnader
7501,6840,NONE,Övriga externa kostnader
7501,6841,NONE,Övriga externa kostnader
7501,6842,NONE,Övriga externa kostnader
7501,6843,NONE,Övriga externa kostnader
7501,6844,NONE,Övriga externa kostnader
7501,6845,NONE,Övriga externa kostnader
7501,6846,NONE,Övriga externa kostnader
7501,6847,NONE,Övriga externa kostnader
7501,6848,NONE,Övriga externa kostnader
7501,6849,NONE,Övriga externa kostnader
7501,6850,NONE,Övriga externa kostnader
7501,6851,NONE,Övriga externa kostnader
7501,6852,NONE,Övriga externa kostnader
7501,6853,NONE,Övriga externa kostnader
7501,6854,NONE,Övriga externa kostnader
7501,6855,NONE,Övriga externa kostnader
7501,6856,NONE,Övriga externa kostnader
7501,6857,NONE,Övriga externa kostnader
7501,6858,NONE,Övriga externa kostnader
7501,6859,NONE,Övriga externa kostnader
7501,6860,NONE,Övriga externa kostnader
7501,6861,NONE,Övriga externa kostnader
7501,6862,NONE,Övriga externa kostnader
7501,6863,NONE,Övriga externa kostnader
7501,6864,NONE,Övriga externa kostnader
7501,6865,NONE,Övriga externa kostnader
7501,6866,NONE,Övriga externa kostnader
7501,6867,NONE,Övriga externa kostnader
7501,6868,NONE,Övriga externa kostnader
7501,6869,NONE,Övriga externa kostnader
7501,6870,NONE,Övriga externa kostnader
7501,6871,NONE,Övriga externa kostnader
7501,6872,NONE,Övriga externa kostnader
7501,6873,NONE,Övriga externa kostnader
7501,6874,NONE,Övriga externa kostnader
7501,6875,NONE,Övriga externa kostnader
7501,6876,NONE,Övriga externa kostnader
7501,6877,NONE,Övriga externa kostnader
7501,6878,NONE,Övriga externa kostnader
7501,6879,NONE,Övriga externa kostnader
7501,6880,NONE,Övriga externa kostnader
7501,6881,NONE,Övriga externa kostnader
7501,6882,NONE,Övriga externa kostnader
7501,6883,NONE,Övriga externa kostnader
7501,6884,NONE,Övriga externa kostnader
7501,6885,NONE,Övriga externa kostnader
7501,6886,NONE,Övriga externa kostnader
7501,6887,NONE,Övriga externa kostnader
7501,6888,NONE,Övriga externa kostnader
7501,6889,NONE,Övriga externa kostnader
7501,6890,NONE,Övriga externa kostnader
7501,6891,NONE,Övriga externa kostnader
7501,6892,NONE,Övriga externa kostnader
7501,6893,NONE,Övriga externa kostnader
7501,6894,NONE,Övriga externa kostnader
7501,6895,NONE,Övriga externa kostnader
7501,6896,NONE,Övriga externa kostnader
7501,6897,NONE,Övriga externa kostnader
7501,6898,NONE,Övriga externa kostnader
7501,6899,NONE,Övriga externa kostnader
7501,6900,NONE,Övriga externa kostnader
7501,6901,NONE,Övriga externa kostnader
7501,6902,NONE,Övriga externa kostnader
7501,6903,NONE,Övriga externa kostnader
7501,6904,NONE,Övriga externa kostnader
7501,6905,NONE,Övriga externa kostnader
7501,6906,NONE,Övriga externa kostnader
7501,6907,NONE,Övriga externa kostnader
7501,6908,NONE,Övriga externa kostnader
7501,6909,NONE,Övriga externa kostnader
7501,6910,NONE,Övriga externa kostnader
7501,6911,NONE,Övriga externa kostnader
7501,6912,NONE,Övriga externa kostnader
7501,6913,NONE,Övriga externa kostnader
7501,6914,NONE,Övriga externa kostnader
7501,6915,NONE,Övriga externa kostnader
7501,6916,NONE,Övriga externa kostnader
7501,6917,NONE,Övriga externa kostnader
7501,6918,NONE,Övriga externa kostnader
7501,6919,NONE,Övriga externa kostnader
7501,6920,NONE,Övriga externa kostnader
7501,6921,NONE,Övriga externa kostnader
7501,6922,NONE,Övriga externa kostnader
7501,6923,NONE,Övriga externa kostnader
7501,6924,NONE,Övriga externa kostnader
7501,6925,NONE,Övriga externa kostnader
7501,6926,NONE,Övriga externa kostnader
7501,6927,NONE,Övriga externa kostnader
7501,6928,NONE,Övriga externa kostnader
7501,6929,NONE,Övriga externa kostnader
7501,6930,NONE,Övriga externa kostnader
7501,6931,NONE,Övriga externa kostnader
7501,6932,NONE,Övriga externa kostnader
7501,6933,NONE,Övriga externa kostnader
7501,6934,NONE,Övriga externa kostnader
7501,6935,NONE,Övriga externa kostnader
7501,6936,NONE,Övriga externa kostnader
7501,6937,NONE,Övriga externa kostnader
7501,6938,NONE,Övriga externa kostnader
7501,6939,NONE,Övriga externa kostnader
7501,6940,NONE,Övriga externa kostnader
7501,6941,NONE,Övriga externa kostnader
7501,6942,NONE,Övriga externa kostnader
7501,6943,NONE,Övriga externa kostnader
7501,6944,NONE,Övriga externa kostnader
7501,6945,NONE,Övriga externa kostnader
7501,6946,NONE,Övriga externa kostnader
7501,6947,NONE,Övriga externa kostnader
7501,6948,NONE,Övriga externa kostnader
7501,6949,NONE,Övriga externa kostnader
7501,6950,NONE,Övriga externa kostnader
7501,6951,NONE,Övriga externa kostnader
7501,6952,NONE,Övriga externa kostnader
7501,6953,NONE,Övriga externa kostnader
7501,6954,NONE,Övriga externa kostnader
7501,6955,NONE,Övriga externa kostnader
7501,6956,NONE,Övriga externa kostnader
7501,6957,NONE,Övriga externa kostnader
7501,6958,NONE,Övriga externa kostnader
7501,6959,NONE,Övriga externa kostnader
7501,6960,NONE,Övriga externa kostnader
7501,6961,NONE,Övriga externa kostnader
7501,6962,NONE,Övriga externa kostnader
7501,6963,NONE,Övriga externa kostnader
7501,6964,NONE,Övriga externa kostnader
7501,6965,NONE,Övriga externa kostnader
7501,6966,NONE,Övriga externa kostnader
7501,6967,NONE,Övriga externa kostnader
7501,6968,NONE,Övriga externa kostnader
7501,6969,NONE,Övriga externa kostnader
7501,6970,NONE,Övriga externa kostnader
7501,6971,NONE,Övriga externa kostnader
7501,6972,NONE,Övriga externa kostnader
7501,6973,NONE,Övriga externa kostnader
7501,6974,NONE,Övriga externa kostnader
7501,6975,NONE,Övriga externa kostnader
7501,6976,NONE,Övriga externa kostnader
7501,6977,NONE,Övriga externa kostnader
7501,6978,NONE,Övriga externa kostnader
7501,6979,NONE,Övriga externa kostnader
7501,6980,NONE,Övriga externa kostnader
7501,6981,NONE,Övriga externa kostnader
7501,6982,NONE,Övriga externa kostnader
7501,6983,NONE,Övriga externa kostnader
7501,6984,NONE,Övriga externa kostnader
7501,6985,NONE,Övriga externa kostnader
7501,6986,NONE,Övriga externa kostnader
7501,6987,NONE,Övriga externa kostnader
7501,6988,NONE,Övriga externa kostnader
7501,6989,NONE,Övriga externa kostnader
7501,6990,NONE,Övriga externa kostnader
7501,6991,NONE,Övriga externa kostnader
7501,6992,NONE,Övriga externa kostnader
7501,6993,NONE,Övriga externa kostnader
7501,6994,NONE,Övriga externa kostnader
7501,6995,NONE,Övriga externa kostnader
7501,6996,NONE,Övriga externa kostnader
7501,6997,NONE,Övriga externa kostnader
7501,6998,NONE,Övriga externa kostnader
7501,6999,NONE,Övriga externa kostnader
7502,7000,NONE,Anställd personal
7502,7001,NONE,Anställd personal
7502,7002,NONE,Anställd personal
7502,7003,NONE,Anställd personal
7502,7004,NONE,Anställd personal
7502,7005,NONE,Anställd personal
7502,7006,NONE,Anställd personal
7502,7007,NONE,Anställd personal
7502,7008,NONE,Anställd personal
7502,7009,NONE,Anställd personal
7502,7010,NONE,Anställd personal
7502,7011,NONE,Anställd personal
7502,7012,NONE,Anställd personal
7502,7013,NONE,Anställd personal
7502,7014,NONE,Anställd personal
7502,7015,NONE,Anställd personal
7502,7016,NONE,Anställd personal
7502,7017,NONE,Anställd personal
7502,7018,NONE,Anställd personal
7502,7019,NONE,Anställd personal
7502,7020,NONE,Anställd personal
7502,7021,NONE,Anställd personal
7502,7022,NONE,Anställd personal
7502,7023,NONE,Anställd personal
7502,7024,NONE,Anställd personal
7502,7025,NONE,Anställd personal
7502,7026,NONE,Anställd personal
7502,7027,NONE,Anställd personal
7502,7028,NONE,Anställd personal
7502,7029,NONE,Anställd personal
7502,7030,NONE,Anställd personal
7502,7031,NONE,Anställd personal
7502,7032,NONE,Anställd personal
7502,7033,NONE,Anställd personal
7502,7034,NONE,Anställd personal
7502,7035,NONE,Anställd personal
7502,7036,NONE,Anställd personal
7502,7037,NONE,Anställd personal
7502,7038,NONE,Anställd personal
7502,7039,NONE,Anställd personal
7502,7040,NONE,Anställd personal
7502,7041,NONE,Anställd personal
7502,7042,NONE,Anställd personal
7502,7043,NONE,Anställd personal
7502,7044,NONE,Anställd personal
7502,7045,NONE,Anställd personal
7502,7046,NONE,Anställd personal
7502,7047,NONE,Anställd personal
7502,7048,NONE,Anställd personal
7502,7049,NONE,Anställd personal
7502,7050,NONE,Anställd personal
7502,7051,NONE,Anställd personal
7502,7052,NONE,Anställd personal
7502,7053,NONE,Anställd personal
7502,7054,NONE,Anställd personal
7502,7055,NONE,Anställd personal
7502,7056,NONE,Anställd personal
7502,7057,NONE,Anställd personal
7502,7058,NONE,Anställd personal
7502,7059,NONE,Anställd personal
7502,7060,NONE,Anställd personal
7502,7061,NONE,Anställd personal
7502,7062,NONE,Anställd personal
7502,7063,NONE,Anställd personal
7502,7064,NONE,Anställd personal
7502,7065,NONE,Anställd personal
7502,7066,NONE,Anställd personal
7502,7067,NONE,Anställd personal
7502,7068,NONE,Anställd personal
7502,7069,NONE,Anställd personal
7502,7070,NONE,Anställd personal
7502,7071,NONE,Anställd personal
7502,7072,NONE,Anställd personal
7502,7073,NONE,Anställd personal
7502,7074,NONE,Anställd personal
7502,7075,NONE,Anställd personal
7502,7076,NONE,Anställd personal
7502,7077,NONE,Anställd personal
7502,7078,NONE,Anställd personal
7502,7079,NONE,Anställd personal
7502,7080,NONE,Anställd personal
7502,7081,NONE,Anställd personal
7502,7082,NONE,Anställd personal
7502,7083,NONE,Anställd personal
7502,7084,NONE,Anställd personal
7502,7085,NONE,Anställd personal
7502,7086,NONE,Anställd personal
7502,7087,NONE,Anställd personal
7502,7088,NONE,Anställd personal
7502,7089,NONE,Anställd personal
7502,7090,NONE,Anställd personal
7502,7091,NONE,Anställd personal
7502,7092,NONE,Anställd personal
7502,7093,NONE,Anställd personal
7502,7094,NONE,Anställd personal
7502,7095,NONE,Anställd personal
7502,7096,NONE,Anställd personal
7502,7097,NONE,Anställd personal
7502,7098,NONE,Anställd personal
7502,7099,NONE,Anställd personal
7502,7100,NONE,Anställd personal
7502,7101,NONE,Anställd personal
7502,7102,NONE,Anställd personal
7502,7103,NONE,Anställd personal
7502,7104,NONE,Anställd personal
7502,7105,NONE,Anställd personal
7502,7106,NONE,Anställd personal
7502,7107,NONE,Anställd personal
7502,7108,NONE,Anställd personal
7502,7109,NONE,Anställd personal
7502,7110,NONE,Anställd personal
7502,7111,NONE,Anställd personal
7502,7112,NONE,Anställd personal
7502,7113,NONE,Anställd personal
7502,7114,NONE,Anställd personal
7502,7115,NONE,Anställd personal
7502,7116,NONE,Anställd personal
7502,7117,NONE,Anställd personal
7502,7118,NONE,Anställd personal
7502,7119,NONE,Anställd personal
7502,7120,NONE,Anställd personal
7502,7121,NONE,Anställd personal
7502,7122,NONE,Anställd personal
7502,7123,NONE,Anställd personal
7502,7124,NONE,Anställd personal
7502,7125,NONE,Anställd personal
7502,7126,NONE,Anställd personal
7502,7127,NONE,Anställd personal
7502,7128,NONE,Anställd personal
7502,7129,NONE,Anställd personal
7502,7130,NONE,Anställd personal
7502,7131,NONE,Anställd personal
7502,7132,NONE,Anställd personal
7502,7133,NONE,Anställd personal
7502,7134,NONE,Anställd personal
7502,7135,NONE,Anställd personal
7502,7136,NONE,Anställd personal
7502,7137,NONE,Anställd personal
7502,7138,NONE,Anställd personal
7502,7139,NONE,Anställd personal
7502,7140,NONE,Anställd personal
7502,7141,NONE,Anställd personal
7502,7142,NONE,Anställd personal
7502,7143,NONE,Anställd personal
7502,7144,NONE,Anställd personal
7502,7145,NONE,Anställd personal
7502,7146,NONE,Anställd personal
7502,7147,NONE,Anställd personal
7502,7148,NONE,Anställd personal
7502,7149,NONE,Anställd personal
7502,7150,NONE,Anställd personal
7502,7151,NONE,Anställd personal
7502,7152,NONE,Anställd personal
7502,7153,NONE,Anställd personal
7502,7154,NONE,Anställd personal
7502,7155,NONE,Anställd personal
7502,7156,NONE,Anställd personal
7502,7157,NONE,Anställd personal
7502,7158,NONE,Anställd personal
7502,7159,NONE,Anställd personal
7502,7160,NONE,Anställd personal
7502,7161,NONE,Anställd personal
7502,7162,NONE,Anställd personal
7502,7163,NONE,Anställd personal
7502,7164,NONE,Anställd personal
7502,7165,NONE,Anställd personal
7502,7166,NONE,Anställd personal
7502,7167,NONE,Anställd personal
7502,7168,NONE,Anställd personal
7502,7169,NONE,Anställd personal
7502,7170,NONE,Anställd personal
7502,7171,NONE,Anställd personal
7502,7172,NONE,Anställd personal
7502,7173,NONE,Anställd personal
7502,7174,NONE,Anställd personal
7502,7175,NONE,Anställd personal
7502,7176,NONE,Anställd personal
7502,7177,NONE,Anställd personal
7502,7178,NONE,Anställd personal
7502,7179,NONE,Anställd personal
7502,7180,NONE,Anställd personal
7502,7181,NONE,Anställd personal
7502,7182,NONE,Anställd personal
7502,7183,NONE,Anställd personal
7502,7184,NONE,Anställd personal
7502,7185,NONE,Anställd personal
7502,7186,NONE,Anställd personal
7502,7187,NONE,Anställd personal
7502,7188,NONE,Anställd personal
7502,7189,NONE,Anställd personal
7502,7190,NONE,Anställd personal
7502,7191,NONE,Anställd personal
7502,7192,NONE,Anställd personal
7502,7193,NONE,Anställd personal
7502,7194,NONE,Anställd personal
7502,7195,NONE,Anställd personal
7502,7196,NONE,Anställd personal
7502,7197,NONE,Anställd personal
7502,7198,NONE,Anställd personal
7502,7199,NONE,Anställd personal
7502,7200,NONE,Anställd personal
7502,7201,NONE,Anställd personal
7502,7202,NONE,Anställd personal
7502,7203,NONE,Anställd personal
7502,7204,NONE,Anställd personal
7502,7205,NONE,Anställd personal
7502,7206,NONE,Anställd personal
7502,7207,NONE,Anställd personal
7502,7208,NONE,Anställd personal
7502,7209,NONE,Anställd personal
7502,7210,NONE,Anställd personal
7502,7211,NONE,Anställd personal
7502,7212,NONE,Anställd personal
7502,7213,NONE,Anställd personal
7502,7214,NONE,Anställd personal
7502,7215,NONE,Anställd personal
7502,7216,NONE,Anställd personal
7502,7217,NONE,Anställd personal
7502,7218,NONE,Anställd personal
7502,7219,NONE,Anställd personal
7502,7220,NONE,Anställd personal
7502,7221,NONE,Anställd personal
7502,7222,NONE,Anställd personal
7502,7223,NONE,Anställd personal
7502,7224,NONE,Anställd personal
7502,7225,NONE,Anställd personal
7502,7226,NONE,Anställd personal
7502,7227,NONE,Anställd personal
7502,7228,NONE,Anställd personal
7502,7229,NONE,Anställd personal
7502,7230,NONE,Anställd personal
7502,7231,NONE,Anställd personal
7502,7232,NONE,Anställd personal
7502,7233,NONE,Anställd personal
7502,7234,NONE,Anställd personal
7502,7235,NONE,Anställd personal
7502,7236,NONE,Anställd personal
7502,7237,NONE,Anställd personal
7502,7238,NONE,Anställd personal
7502,7239,NONE,Anställd personal
7502,7240,NONE,Anställd personal
7502,7241,NONE,Anställd personal
7502,7242,NONE,Anställd personal
7502,7243,NONE,Anställd personal
7502,7244,NONE,Anställd personal
7502,7245,NONE,Anställd personal
7502,7246,NONE,Anställd personal
7502,7247,NONE,Anställd personal
7502,7248,NONE,Anställd personal
7502,7249,NONE,Anställd personal
7502,7250,NONE,Anställd personal
7502,7251,NONE,Anställd personal
7502,7252,NONE,Anställd personal
7502,7253,NONE,Anställd personal
7502,7254,NONE,Anställd personal
7502,7255,NONE,Anställd personal
7502,7256,NONE,Anställd personal
7502,7257,NONE,Anställd personal
7502,7258,NONE,Anställd personal
7502,7259,NONE,Anställd personal
7502,7260,NONE,Anställd personal
7502,7261,NONE,Anställd personal
7502,7262,NONE,Anställd personal
7502,7263,NONE,Anställd personal
7502,7264,NONE,Anställd personal
7502,7265,NONE,Anställd personal
7502,7266,NONE,Anställd personal
7502,7267,NONE,Anställd personal
7502,7268,NONE,Anställd personal
7502,7269,NONE,Anställd personal
7502,7270,NONE,Anställd personal
7502,7271,NONE,Anställd personal
7502,7272,NONE,Anställd personal
7502,7273,NONE,Anställd personal
7502,7274,NONE,Anställd personal
7502,7275,NONE,Anställd personal
7502,7276,NONE,Anställd personal
7502,7277,NONE,Anställd personal
7502,7278,NONE,Anställd personal
7502,7279,NONE,Anställd personal
7502,7280,NONE,Anställd personal
7502,7281,NONE,Anställd personal
7502,7282,NONE,Anställd personal
7502,7283,NONE,Anställd personal
7502,7284,NONE,Anställd personal
7502,7285,NONE,Anställd personal
7502,7286,NONE,Anställd personal
7502,7287,NONE,Anställd personal
7502,7288,NONE,Anställd personal
7502,7289,NONE,Anställd personal
7502,7290,NONE,Anställd personal
7502,7291,NONE,Anställd personal
7502,7292,NONE,Anställd personal
7502,7293,NONE,Anställd personal
7502,7294,NONE,Anställd personal
7502,7295,NONE,Anställd personal
7502,7296,NONE,Anställd personal
7502,7297,NONE,Anställd personal
7502,7298,NONE,Anställd personal
7502,7299,NONE,Anställd personal
7502,7300,NONE,Anställd personal
7502,7301,NONE,Anställd personal
7502,7302,NONE,Anställd personal
7502,7303,NONE,Anställd personal
7502,7304,NONE,Anställd personal
7502,7305,NONE,Anställd personal
7502,7306,NONE,Anställd personal
7502,7307,NONE,Anställd personal
7502,7308,NONE,Anställd personal
7502,7309,NONE,Anställd personal
7502,7310,NONE,Anställd personal
7502,7311,NONE,Anställd personal
7502,7312,NONE,Anställd personal
7502,7313,NONE,Anställd personal
7502,7314,NONE,Anställd personal
7502,7315,NONE,Anställd personal
7502,7316,NONE,Anställd personal
7502,7317,NONE,Anställd personal
7502,7318,NONE,Anställd personal
7502,7319,NONE,Anställd personal
7502,7320,NONE,Anställd personal
7502,7321,NONE,Anställd personal
7502,7322,NONE,Anställd personal
7502,7323,NONE,Anställd personal
7502,7324,NONE,Anställd personal
7502,7325,NONE,Anställd personal
7502,7326,NONE,Anställd personal
7502,7327,NONE,Anställd personal
7502,7328,NONE,Anställd personal
7502,7329,NONE,Anställd personal
7502,7330,NONE,Anställd personal
7502,7331,NONE,Anställd personal
7502,7332,NONE,Anställd personal
7502,7333,NONE,Anställd personal
7502,7334,NONE,Anställd personal
7502,7335,NONE,Anställd personal
7502,7336,NONE,Anställd personal
7502,7337,NONE,Anställd personal
7502,7338,NONE,Anställd personal
7502,7339,NONE,Anställd personal
7502,7340,NONE,Anställd personal
7502,7341,NONE,Anställd personal
7502,7342,NONE,Anställd personal
7502,7343,NONE,Anställd personal
7502,7344,NONE,Anställd personal
7502,7345,NONE,Anställd personal
7502,7346,NONE,Anställd personal
7502,7347,NONE,Anställd personal
7502,7348,NONE,Anställd personal
7502,7349,NONE,Anställd personal
7502,7350,NONE,Anställd personal
7502,7351,NONE,Anställd personal
7502,7352,NONE,Anställd personal
7502,7353,NONE,Anställd personal
7502,7354,NONE,Anställd personal
7502,7355,NONE,Anställd personal
7502,7356,NONE,Anställd personal
7502,7357,NONE,Anställd personal
7502,7358,NONE,Anställd personal
7502,7359,NONE,Anställd personal
7502,7360,NONE,Anställd personal
7502,7361,NONE,Anställd personal
7502,7362,NONE,Anställd personal
7502,7363,NONE,Anställd personal
7502,7364,NONE,Anställd personal
7502,7365,NONE,Anställd personal
7502,7366,NONE,Anställd personal
7502,7367,NONE,Anställd personal
7502,7368,NONE,Anställd personal
7502,7369,NONE,Anställd personal
7502,7370,NONE,Anställd personal
7502,7371,NONE,Anställd personal
7502,7372,NONE,Anställd personal
7502,7373,NONE,Anställd personal
7502,7374,NONE,Anställd personal
7502,7375,NONE,Anställd personal
7502,7376,NONE,Anställd personal
7502,7377,NONE,Anställd personal
7502,7378,NONE,Anställd personal
7502,7379,NONE,Anställd personal
7502,7380,NONE,Anställd personal
7502,7381,NONE,Anställd personal
7502,7382,NONE,Anställd personal
7502,7383,NONE,Anställd personal
7502,7384,NONE,Anställd personal
7502,7385,NONE,Anställd personal
7502,7386,NONE,Anställd personal
7502,7387,NONE,Anställd personal
7502,7388,NONE,Anställd personal
7502,7389,NONE,Anställd personal
7502,7390,NONE,Anställd personal
7502,7391,NONE,Anställd personal
7502,7392,NONE,Anställd personal
7502,7393,NONE,Anställd personal
7502,7394,NONE,Anställd personal
7502,7395,NONE,Anställd personal
7502,7396,NONE,Anställd personal
7502,7397,NONE,Anställd personal
7502,7398,NONE,Anställd personal
7502,7399,NONE,Anställd personal
7502,7400,NONE,Anställd personal
7502,7401,NONE,Anställd personal
7502,7402,NONE,Anställd personal
7502,7403,NONE,Anställd personal
7502,7404,NONE,Anställd personal
7502,7405,NONE,Anställd personal
7502,7406,NONE,Anställd personal
7502,7407,NONE,Anställd personal
7502,7408,NONE,Anställd personal
7502,7409,NONE,Anställd personal
7502,7410,NONE,Anställd personal
7502,7411,NONE,Anställd personal
7502,7412,NONE,Anställd personal
7502,7413,NONE,Anställd personal
7502,7414,NONE,Anställd personal
7502,7415,NONE,Anställd personal
7502,7416,NONE,Anställd personal
7502,7417,NONE,Anställd personal
7502,7418,NONE,Anställd personal
7502,7419,NONE,Anställd personal
7502,7420,NONE,Anställd personal
7502,7421,NONE,Anställd personal
7502,7422,NONE,Anställd personal
7502,7423,NONE,Anställd personal
7502,7424,NONE,Anställd personal
7502,7425,NONE,Anställd personal
7502,7426,NONE,Anställd personal
7502,7427,NONE,Anställd personal
7502,7428,NONE,Anställd personal
7502,7429,NONE,Anställd personal
7502,7430,NONE,Anställd personal
7502,7431,NONE,Anställd personal
7502,7432,NONE,Anställd personal
7502,7433,NONE,Anställd personal
7502,7434,NONE,Anställd personal
7502,7435,NONE,Anställd personal
7502,7436,NONE,Anställd personal
7502,7437,NONE,Anställd personal
7502,7438,NONE,Anställd personal
7502,7439,NONE,Anställd personal
7502,7440,NONE,Anställd personal
7502,7441,NONE,Anställd personal
7502,7442,NONE,Anställd personal
7502,7443,NONE,Anställd personal
7502,7444,NONE,Anställd personal
7502,7445,NONE,Anställd personal
7502,7446,NONE,Anställd personal
7502,7447,NONE,Anställd personal
7502,7448,NONE,Anställd personal
7502,7449,NONE,Anställd personal
7502,7450,NONE,Anställd personal
7502,7451,NONE,Anställd personal
7502,7452,NONE,Anställd personal
7502,7453,NONE,Anställd personal
7502,7454,NONE,Anställd personal
7502,7455,NONE,Anställd personal
7502,7456,NONE,Anställd personal
7502,7457,NONE,Anställd personal
7502,7458,NONE,Anställd personal
7502,7459,NONE,Anställd personal
7502,7460,NONE,Anställd personal
7502,7461,NONE,Anställd personal
7502,7462,NONE,Anställd personal
7502,7463,NONE,Anställd personal
7502,7464,NONE,Anställd personal
7502,7465,NONE,Anställd personal
7502,7466,NONE,Anställd personal
7502,7467,NONE,Anställd personal
7502,7468,NONE,Anställd personal
7502,7469,NONE,Anställd personal
7502,7470,NONE,Anställd personal
7502,7471,NONE,Anställd personal
7502,7472,NONE,Anställd personal
7502,7473,NONE,Anställd personal
7502,7474,NONE,Anställd personal
7502,7475,NONE,Anställd personal
7502,7476,NONE,Anställd personal
7502,7477,NONE,Anställd personal
7502,7478,NONE,Anställd personal
7502,7479,NONE,Anställd personal
7502,7480,NONE,Anställd personal
7502,7481,NONE,Anställd personal
7502,7482,NONE,Anställd personal
7502,7483,NONE,Anställd personal
7502,7484,NONE,Anställd personal
7502,7485,NONE,Anställd personal
7502,7486,NONE,Anställd personal
7502,7487,NONE,Anställd personal
7502,7488,NONE,Anställd personal
7502,7489,NONE,Anställd personal
7502,7490,NONE,Anställd personal
7502,7491,NONE,Anställd personal
7502,7492,NONE,Anställd personal
7502,7493,NONE,Anställd personal
7502,7494,NONE,Anställd personal
7502,7495,NONE,Anställd personal
7502,7496,NONE,Anställd personal
7502,7497,NONE,Anställd personal
7502,7498,NONE,Anställd personal
7502,7499,NONE,Anställd personal
7502,7500,NONE,Anställd personal
7502,7501,NONE,Anställd personal
7502,7502,NONE,Anställd personal
7502,7503,NONE,Anställd personal
7502,7504,NONE,Anställd personal
7502,7505,NONE,Anställd personal
7502,7506,NONE,Anställd personal
7502,7507,NONE,Anställd personal
7502,7508,NONE,Anställd personal
7502,7509,NONE,Anställd personal
7502,7510,NONE,Anställd personal
7502,7511,NONE,Anställd personal
7502,7512,NONE,Anställd personal
7502,7513,NONE,Anställd personal
7502,7514,NONE,Anställd personal
7502,7515,NONE,Anställd personal
7502,7516,NONE,Anställd personal
7502,7517,NONE,Anställd personal
7502,7518,NONE,Anställd personal
7502,7519,NONE,Anställd personal
7502,7520,NONE,Anställd personal
7502,7521,NONE,Anställd personal
7502,7522,NONE,Anställd personal
7502,7523,NONE,Anställd personal
7502,7524,NONE,Anställd personal
7502,7525,NONE,Anställd personal
7502,7526,NONE,Anställd personal
7502,7527,NONE,Anställd personal
7502,7528,NONE,Anställd personal
7502,7529,NONE,Anställd personal
7502,7530,NONE,Anställd personal
7502,7531,NONE,Anställd personal
7502,7532,NONE,Anställd personal
7502,7533,NONE,Anställd personal
7502,7534,NONE,Anställd personal
7502,7535,NONE,Anställd personal
7502,7536,NONE,Anställd personal
7502,7537,NONE,Anställd personal
7502,7538,NONE,Anställd personal
7502,7539,NONE,Anställd personal
7502,7540,NONE,Anställd personal
7502,7541,NONE,Anställd personal
7502,7542,NONE,Anställd personal
7502,7543,NONE,Anställd personal
7502,7544,NONE,Anställd personal
7502,7545,NONE,Anställd personal
7502,7546,NONE,Anställd personal
7502,7547,NONE,Anställd personal
7502,7548,NONE,Anställd personal
7502,7549,NONE,Anställd personal
7502,7550,NONE,Anställd personal
7502,7551,NONE,Anställd personal
7502,7552,NONE,Anställd personal
7502,7553,NONE,Anställd personal
7502,7554,NONE,Anställd personal
7502,7555,NONE,Anställd personal
7502,7556,NONE,Anställd personal
7502,7557,NONE,Anställd personal
7502,7558,NONE,Anställd personal
7502,7559,NONE,Anställd personal
7502,7560,NONE,Anställd personal
7502,7561,NONE,Anställd personal
7502,7562,NONE,Anställd personal
7502,7563,NONE,Anställd personal
7502,7564,NONE,Anställd personal
7502,7565,NONE,Anställd personal
7502,7566,NONE,Anställd personal
7502,7567,NONE,Anställd personal
7502,7568,NONE,Anställd personal
7502,7569,NONE,Anställd personal
7502,7570,NONE,Anställd personal
7502,7571,NONE,Anställd personal
7502,7572,NONE,Anställd personal
7502,7573,NONE,Anställd personal
7502,7574,NONE,Anställd personal
7502,7575,NONE,Anställd personal
7502,7576,NONE,Anställd personal
7502,7577,NONE,Anställd personal
7502,7578,NONE,Anställd personal
7502,7579,NONE,Anställd personal
7502,7580,NONE,Anställd personal
7502,7581,NONE,Anställd personal
7502,7582,NONE,Anställd personal
7502,7583,NONE,Anställd personal
7502,7584,NONE,Anställd personal
7502,7585,NONE,Anställd personal
7502,7586,NONE,Anställd personal
7502,7587,NONE,Anställd personal
7502,7588,NONE,Anställd personal
7502,7589,NONE,Anställd personal
7502,7590,NONE,Anställd personal
7502,7591,NONE,Anställd personal
7502,7592,NONE,Anställd personal
7502,7593,NONE,Anställd personal
7502,7594,NONE,Anställd personal
7502,7595,NONE,Anställd personal
7502,7596,NONE,Anställd personal
7502,7597,NONE,Anställd personal
7502,7598,NONE,Anställd personal
7502,7599,NONE,Anställd personal
7502,7600,NONE,Anställd personal
7502,7601,NONE,Anställd personal
7502,7602,NONE,Anställd personal
7502,7603,NONE,Anställd personal
7502,7604,NONE,Anställd personal
7502,7605,NONE,Anställd personal
7502,7606,NONE,Anställd personal
7502,7607,NONE,Anställd personal
7502,7608,NONE,Anställd personal
7502,7609,NONE,Anställd personal
7502,7610,NONE,Anställd personal
7502,7611,NONE,Anställd personal
7502,7612,NONE,Anställd personal
7502,7613,NONE,Anställd personal
7502,7614,NONE,Anställd personal
7502,7615,NONE,Anställd personal
7502,7616,NONE,Anställd personal
7502,7617,NONE,Anställd personal
7502,7618,NONE,Anställd personal
7502,7619,NONE,Anställd personal
7502,7620,NONE,Anställd personal
7502,7621,NONE,Anställd personal
7502,7622,NONE,Anställd personal
7502,7623,NONE,Anställd personal
7502,7624,NONE,Anställd personal
7502,7625,NONE,Anställd personal
7502,7626,NONE,Anställd personal
7502,7627,NONE,Anställd personal
7502,7628,NONE,Anställd personal
7502,7629,NONE,Anställd personal
7502,7630,NONE,Anställd personal
7502,7631,NONE,Anställd personal
7502,7632,NONE,Anställd personal
7502,7633,NONE,Anställd personal
7502,7634,NONE,Anställd personal
7502,7635,NONE,Anställd personal
7502,7636,NONE,Anställd personal
7502,7637,NONE,Anställd personal
7502,7638,NONE,Anställd personal
7502,7639,NONE,Anställd personal
7502,7640,NONE,Anställd personal
7502,7641,NONE,Anställd personal
7502,7642,NONE,Anställd personal
7502,7643,NONE,Anställd personal
7502,7644,NONE,Anställd personal
7502,7645,NONE,Anställd personal
7502,7646,NONE,Anställd personal
7502,7647,NONE,Anställd personal
7502,7648,NONE,Anställd personal
7502,7649,NONE,Anställd personal
7502,7650,NONE,Anställd personal
7502,7651,NONE,Anställd personal
7502,7652,NONE,Anställd personal
7502,7653,NONE,Anställd personal
7502,7654,NONE,Anställd personal
7502,7655,NONE,Anställd personal
7502,7656,NONE,Anställd personal
7502,7657,NONE,Anställd personal
7502,7658,NONE,Anställd personal
7502,7659,NONE,Anställd personal
7502,7660,NONE,Anställd personal
7502,7661,NONE,Anställd personal
7502,7662,NONE,Anställd personal
7502,7663,NONE,Anställd personal
7502,7664,NONE,Anställd personal
7502,7665,NONE,Anställd personal
7502,7666,NONE,Anställd personal
7502,7667,NONE,Anställd personal
7502,7668,NONE,Anställd personal
7502,7669,NONE,Anställd personal
7502,7670,NONE,Anställd personal
7502,7671,NONE,Anställd personal
7502,7672,NONE,Anställd personal
7502,7673,NONE,Anställd personal
7502,7674,NONE,Anställd personal
7502,7675,NONE,Anställd personal
7502,7676,NONE,Anställd personal
7502,7677,NONE,Anställd personal
7502,7678,NONE,Anställd personal
7502,7679,NONE,Anställd personal
7502,7680,NONE,Anställd personal
7502,7681,NONE,Anställd personal
7502,7682,NONE,Anställd personal
7502,7683,NONE,Anställd personal
7502,7684,NONE,Anställd personal
7502,7685,NONE,Anställd personal
7502,7686,NONE,Anställd personal
7502,7687,NONE,Anställd personal
7502,7688,NONE,Anställd personal
7502,7689,NONE,Anställd personal
7502,7690,NONE,Anställd personal
7502,7691,NONE,Anställd personal
7502,7692,NONE,Anställd personal
7502,7693,NONE,Anställd personal
7502,7694,NONE,Anställd personal
7502,7695,NONE,Anställd personal
7502,7696,NONE,Anställd personal
7502,7697,NONE,Anställd personal
7502,7698,NONE,Anställd personal
7502,7699,NONE,Anställd personal
7505,7710,NONE,Avskrivningar och nedskrivningar maskiner och inventarier och immateriella tillgångar
7505,7711,NONE,Avskrivningar och nedskrivningar maskiner och inventarier och immateriella tillgångar
7505,7712,NONE,Avskrivningar och nedskrivningar maskiner och inventarier och immateriella tillgångar
7505,7713,NONE,Avskrivningar och nedskrivningar maskiner och inventarier och immateriella tillgångar
7505,7714,NONE,Avskrivningar och nedskrivningar maskiner och inventarier och immateriella tillgångar
7505,7715,NONE,Avskrivningar och nedskrivningar maskiner och inventarier och immateriella tillgångar
7505,7716,NONE,Avskrivningar och nedskrivningar maskiner och inventarier och immateriella tillgångar
7505,7717,NONE,Avskrivningar och nedskrivningar maskiner och inventarier och immateriella tillgångar
7505,7718,NONE,Avskrivningar och nedskrivningar maskiner och inventarier och immateriella tillgångar
7505,7719,NONE,Avskrivningar och nedskrivningar maskiner och inventarier och immateriella tillgångar
7504,7720,NONE,Avskrivningar och nedskrivningar byggnader och markanläggningar
7504,7721,NONE,Avskrivningar och nedskrivningar byggnader och markanläggningar
7504,7722,NONE,Avskrivningar och nedskrivningar byggnader och markanläggningar
7504,7723,NONE,Avskrivningar och nedskrivningar byggnader och markanläggningar
7504,7724,NONE,Avskrivningar och nedskrivningar byggnader och markanläggningar
7504,7725,NONE,Avskrivningar och nedskrivningar byggnader och markanläggningar
7504,7726,NONE,Avskrivningar och nedskrivningar byggnader och markanläggningar
7504,7727,NONE,Avskrivningar och nedskrivningar byggnader och markanläggningar
7504,7728,NONE,Avskrivningar och nedskrivningar byggnader och markanläggningar
7504,7729,NONE,Avskrivningar och nedskrivningar byggnader och markanläggningar
7505,7730,NONE,Avskrivningar och nedskrivningar maskiner och inventarier och immateriella tillgångar
7505,7731,NONE,Avskrivningar och nedskrivningar maskiner och inventarier och immateriella tillgångar
7505,7732,NONE,Avskrivningar och nedskrivningar maskiner och inventarier och immateriella tillgångar
7505,7733,NONE,Avskrivningar och nedskrivningar maskiner och inventarier och immateriella tillgångar
7505,7734,NONE,Avskrivningar och nedskrivningar maskiner och inventarier och immateriella tillgångar
7505,7735,NONE,Avskrivningar och nedskrivningar maskiner och inventarier och immateriella tillgångar
7505,7736,NONE,Avskrivningar och nedskrivningar maskiner och inventarier och immateriella tillgångar
7505,7737,NONE,Avskrivningar och nedskrivningar maskiner och inventarier och immateriella tillgångar
7505,7738,NONE,Avskrivningar och nedskrivningar maskiner och inventarier och immateriella tillgångar
7505,7739,NONE,Avskrivningar och nedskrivningar maskiner och inventarier och immateriella tillgångar
7505,7760,NONE,Avskrivningar och nedskrivningar maskiner och inventarier och immateriella tillgångar
7505,7761,NONE,Avskrivningar och nedskrivningar maskiner och inventarier och immateriella tillgångar
7505,7762,NONE,Avskrivningar och nedskrivningar maskiner och inventarier och immateriella tillgångar
7505,7763,NONE,Avskrivningar och nedskrivningar maskiner och inventarier och immateriella tillgångar
7505,7764,NONE,Avskrivningar och nedskrivningar maskiner och inventarier och immateriella tillgångar
7505,7765,NONE,Avskrivningar och nedskrivningar maskiner och inventarier och immateriella tillgångar
7505,7766,NONE,Avskrivningar och nedskrivningar maskiner och inventarier och immateriella tillgångar
7505,7767,NONE,Avskrivningar och nedskrivningar maskiner och inventarier och immateriella tillgångar
7505,7768,NONE,Avskrivningar och nedskrivningar maskiner och inventarier och immateriella tillgångar
7505,7769,NONE,Avskrivningar och nedskrivningar maskiner och inventarier och immateriella tillgångar
7504,7770,NONE,Avskrivningar och nedskrivningar byggnader och markanläggningar
7504,7771,NONE,Avskrivningar och nedskrivningar byggnader och markanläggningar
7504,7772,NONE,Avskrivningar och nedskrivningar byggnader och markanläggningar
7504,7773,NONE,Avskrivningar och nedskrivningar byggnader och markanläggningar
7504,7774,NONE,Avskrivningar och nedskrivningar byggnader och markanläggningar
7504,7775,NONE,Avskrivningar och nedskrivningar byggnader och markanläggningar
7504,7776,NONE,Avskrivningar och nedskrivningar byggnader och markanläggningar
7504,7777,NONE,Avskrivningar och nedskrivningar byggnader och markanläggningar
7504,7778,NONE,Avskrivningar och nedskrivningar byggnader och markanläggningar
7504,7779,NONE,Avskrivningar och nedskrivningar byggnader och markanläggningar
7505,7780,NONE,Avskrivningar och nedskrivningar maskiner och inventarier och immateriella tillgångar
7505,7781,NONE,Avskrivningar och nedskrivningar maskiner och inventarier och immateriella tillgångar
7505,7782,NONE,Avskrivningar och nedskrivningar maskiner och inventarier och immateriella tillgångar
7505,7783,NONE,Avskrivningar och nedskrivningar maskiner och inventarier och immateriella tillgångar
7505,7784,NONE,Avskrivningar och nedskrivningar maskiner och inventarier och immateriella tillgångar
7505,7785,NONE,Avskrivningar och nedskrivningar maskiner och inventarier och immateriella tillgångar
7505,7786,NONE,Avskrivningar och nedskrivningar maskiner och inventarier och immateriella tillgångar
7505,7787,NONE,Avskrivningar och nedskrivningar maskiner och inventarier och immateriella tillgångar
7505,7788,NONE,Avskrivningar och nedskrivningar maskiner och inventarier och immateriella tillgångar
7505,7789,NONE,Avskrivningar och nedskrivningar maskiner och inventarier och immateriella tillgångar
7505,7810,NONE,Avskrivningar och nedskrivningar maskiner och inventarier och immateriella tillgångar
7505,7811,NONE,Avskrivningar och nedskrivningar maskiner och inventarier och immateriella tillgångar
7505,7812,NONE,Avskrivningar och nedskrivningar maskiner och inventarier och immateriella tillgångar
7505,7813,NONE,Avskrivningar och nedskrivningar maskiner och inventarier och immateriella tillgångar
7505,7814,NONE,Avskrivningar och nedskrivningar maskiner och inventarier och immateriella tillgångar
7505,7815,NONE,Avskrivningar och nedskrivningar maskiner och inventarier och immateriella tillgångar
7505,7816,NONE,Avskrivningar och nedskrivningar maskiner och inventarier och immateriella tillgångar
7505,7817,NONE,Avskrivningar och nedskrivningar maskiner och inventarier och immateriella tillgångar
7505,7818,NONE,Avskrivningar och nedskrivningar maskiner och inventarier och immateriella tillgångar
7505,7819,NONE,Avskrivningar och nedskrivningar maskiner och inventarier och immateriella tillgångar
7504,7820,NONE,Avskrivningar och nedskrivningar byggnader och markanläggningar
7504,7821,NONE,Avskrivningar och nedskrivningar byggnader och markanläggningar
7504,7822,NONE,Avskrivningar och nedskrivningar byggnader och markanläggningar
7504,7823,NONE,Avskrivningar och nedskrivningar byggnader och markanläggningar
7504,7824,NONE,Avskrivningar och nedskrivningar byggnader och markanläggningar
7504,7825,NONE,Avskrivningar och nedskrivningar byggnader och markanläggningar
7504,7826,NONE,Avskrivningar och nedskrivningar byggnader och markanläggningar
7504,7827,NONE,Avskrivningar och nedskrivningar byggnader och markanläggningar
7504,7828,NONE,Avskrivningar och nedskrivningar byggnader och markanläggningar
7504,7829,NONE,Avskrivningar och nedskrivningar byggnader och markanläggningar
7505,7830,NONE,Avskrivningar och nedskrivningar maskiner och inventarier och immateriella tillgångar
7505,7831,NONE,Avskrivningar och nedskrivningar maskiner och inventarier och immateriella tillgångar
7505,7832,NONE,Avskrivningar och nedskrivningar maskiner och inventarier och immateriella tillgångar
7505,7833,NONE,Avskrivningar och nedskrivningar maskiner och inventarier och immateriella tillgångar
7505,7834,NONE,Avskrivningar och nedskrivningar maskiner och inventarier och immateriella tillgångar
7505,7835,NONE,Avskrivningar och nedskrivningar maskiner och inventarier och immateriella tillgångar
7505,7836,NONE,Avskrivningar och nedskrivningar maskiner och inventarier och immateriella tillgångar
7505,7837,NONE,Avskrivningar och nedskrivningar maskiner och inventarier och immateriella tillgångar
7505,7838,NONE,Avskrivningar och nedskrivningar maskiner och inventarier och immateriella tillgångar
7505,7839,NONE,Avskrivningar och nedskrivningar maskiner och inventarier och immateriella tillgångar
7504,7840,NONE,Avskrivningar och nedskrivningar byggnader och markanläggningar
7504,7841,NONE,Avskrivningar och nedskrivningar byggnader och markanläggningar
7504,7842,NONE,Avskrivningar och nedskrivningar byggnader och markanläggningar
7504,7843,NONE,Avskrivningar och nedskrivningar byggnader och markanläggningar
7504,7844,NONE,Avskrivningar och nedskrivningar byggnader och markanläggningar
7504,7845,NONE,Avskrivningar och nedskrivningar byggnader och markanläggningar
7504,7846,NONE,Avskrivningar och nedskrivningar byggnader och markanläggningar
7504,7847,NONE,Avskrivningar och nedskrivningar byggnader och markanläggningar
7504,7848,NONE,Avskrivningar och nedskrivningar byggnader och markanläggningar
7504,7849,NONE,Avskrivningar och nedskrivningar byggnader och markanläggningar
7504,8850,NONE,Avskrivningar och nedskrivningar byggnader och markanläggningar
7505,8850,NONE,Avskrivningar och nedskrivningar maskiner och inventarier och immateriella tillgångar
7504,8851,NONE,Avskrivningar och nedskrivningar byggnader och markanläggningar
7505,8851,NONE,Avskrivningar och nedskrivningar maskiner och inventarier och immateriella tillgångar
7504,8852,NONE,Avskrivningar och nedskrivningar byggnader och markanläggningar
7505,8852,NONE,Avskrivningar och nedskrivningar maskiner och inventarier och immateriella tillgångar
7504,8853,NONE,Avskrivningar och nedskrivningar byggnader och markanläggningar
7505,8853,NONE,Avskrivningar och nedskrivningar maskiner och inventarier och immateriella tillgångar
7504,8854,NONE,Avskrivningar och nedskrivningar byggnader och markanläggningar
7505,8854,NONE,Avskrivningar och nedskrivningar maskiner och inventarier och immateriella tillgångar
7504,8855,NONE,Avskrivningar och nedskrivningar byggnader och markanläggningar
7505,8855,NONE,Avskrivningar och nedskrivningar maskiner och inventarier och immateriella tillgångar
7504,8856,NONE,Avskrivningar och nedskrivningar byggnader och markanläggningar
7505,8856,NONE,Avskrivningar och nedskrivningar maskiner och inventarier och immateriella tillgångar
7504,8857,NONE,Avskrivningar och nedskrivningar byggnader och markanläggningar
7505,8857,NONE,Avskrivningar och nedskrivningar maskiner och inventarier och immateriella tillgångar
7504,8858,NONE,Avskrivningar och nedskrivningar byggnader och markanläggningar
7505,8858,NONE,Avskrivningar och nedskrivningar maskiner och inventarier och immateriella tillgångar
7504,8859,NONE,Avskrivningar och nedskrivningar byggnader och markanläggningar
7505,8859,NONE,Avskrivningar och nedskrivningar maskiner och inventarier och immateriella tillgångar
7440,8990,NONE,Bokfört resultat
7440,8991,NONE,Bokfört resultat
7440,8992,NONE,Bokfört resultat
7440,8993,NONE,Bokfört resultat
7440,8994,NONE,Bokfört resultat
7440,8995,NONE,Bokfört resultat
7440,8996,NONE,Bokfört resultat
7440,8997,NONE,Bokfört resultat
7440,8998,NONE,Bokfört resultat
7440,8999,NONE,Bokfört resultat